OM	w
0.001444231	-0.328796513
0.001448566	-0.333126791
0.001452902	-0.337457069
0.001457237	-0.341787347
0.001461572	-0.346117626
0.001465907	-0.350447904
0.001470242	-0.354778182
0.001474577	-0.359108460
0.001478912	-0.363438738
0.001483247	-0.367769016
0.002738980	-0.333121975
0.002743315	-0.337452253
0.002747650	-0.341782531
0.002751985	-0.346112809
0.002756320	-0.350443087
0.002760655	-0.354773365
0.002764990	-0.359103643
0.002769325	-0.363433921
0.002773660	-0.367764199
0.002777996	-0.372094477
0.004029393	-0.333117158
0.004033728	-0.337447436
0.004038063	-0.341777714
0.004042398	-0.346107992
0.004046733	-0.350438270
0.004051068	-0.354768548
0.004055403	-0.359098826
0.004059739	-0.363429104
0.004064074	-0.367759383
0.004068409	-0.372089661
0.005324141	-0.337442619
0.005328476	-0.341772897
0.005332811	-0.346103175
0.005337147	-0.350433453
0.005341482	-0.354763731
0.005345817	-0.359094010
0.005350152	-0.363424288
0.005354487	-0.367754566
0.005358822	-0.372084844
0.005363157	-0.376415122
0.006614554	-0.337437802
0.006618890	-0.341768080
0.006623225	-0.346098358
0.006627560	-0.350428637
0.006631895	-0.354758915
0.006636230	-0.359089193
0.006640565	-0.363419471
0.006644900	-0.367749749
0.006649235	-0.372080027
0.006653570	-0.376410305
0.007904968	-0.337432986
0.007909303	-0.341763264
0.007913638	-0.346093542
0.007917973	-0.350423820
0.007922308	-0.354754098
0.007926643	-0.359084376
0.007930978	-0.363414654
0.007935313	-0.367744932
0.007939648	-0.372075210
0.007943984	-0.376405488
0.007948319	-0.380735766
0.009195381	-0.337428169
0.009199716	-0.341758447
0.009204051	-0.346088725
0.009208386	-0.350419003
0.009212721	-0.354749281
0.009217056	-0.359079559
0.009221392	-0.363409837
0.009225727	-0.367740115
0.009230062	-0.372070394
0.009234397	-0.376400672
0.009238732	-0.380730950
0.009243067	-0.385061228
0.010490129	-0.341753630
0.010494464	-0.346083908
0.010498799	-0.350414186
0.010503135	-0.354744464
0.010507470	-0.359074742
0.010511805	-0.363405021
0.010516140	-0.367735299
0.010520475	-0.372065577
0.010524810	-0.376395855
0.010529145	-0.380726133
0.010533480	-0.385056411
0.010537815	-0.389386689
0.011780543	-0.341748813
0.011784878	-0.346079091
0.011789213	-0.350409369
0.011793548	-0.354739648
0.011797883	-0.359069926
0.011802218	-0.363400204
0.011806553	-0.367730482
0.011810888	-0.372060760
0.011815223	-0.376391038
0.011819558	-0.380721316
0.011823893	-0.385051594
0.011828229	-0.389381872
0.013075291	-0.346074275
0.013079626	-0.350404553
0.013083961	-0.354734831
0.013088296	-0.359065109
0.013092631	-0.363395387
0.013096966	-0.367725665
0.013101301	-0.372055943
0.013105637	-0.376386221
0.013109972	-0.380716499
0.013114307	-0.385046777
0.013118642	-0.389377056
0.013122977	-0.393707334
0.014365704	-0.346069458
0.014370039	-0.350399736
0.014374374	-0.354730014
0.014378709	-0.359060292
0.014383044	-0.363390570
0.014387380	-0.367720848
0.014391715	-0.372051126
0.014396050	-0.376381405
0.014400385	-0.380711683
0.014404720	-0.385041961
0.014409055	-0.389372239
0.014413390	-0.393702517
0.014417725	-0.398032795
0.015656117	-0.346064641
0.015660452	-0.350394919
0.015664788	-0.354725197
0.015669123	-0.359055475
0.015673458	-0.363385753
0.015677793	-0.367716032
0.015682128	-0.372046310
0.015686463	-0.376376588
0.015690798	-0.380706866
0.015695133	-0.385037144
0.015699468	-0.389367422
0.015703803	-0.393697700
0.015708138	-0.398027978
0.015712474	-0.402358256
0.016950866	-0.350390102
0.016955201	-0.354720381
0.016959536	-0.359050659
0.016963871	-0.363380937
0.016968206	-0.367711215
0.016972541	-0.372041493
0.016976876	-0.376371771
0.016981211	-0.380702049
0.016985546	-0.385032327
0.016989882	-0.389362605
0.016994217	-0.393692883
0.016998552	-0.398023161
0.017002887	-0.402353440
0.018241279	-0.350385286
0.018245614	-0.354715564
0.018249949	-0.359045842
0.018254284	-0.363376120
0.018258619	-0.367706398
0.018262954	-0.372036676
0.018267289	-0.376366954
0.018271625	-0.380697232
0.018275960	-0.385027510
0.018280295	-0.389357788
0.018284630	-0.393688067
0.018288965	-0.398018345
0.018293300	-0.402348623
0.018297635	-0.406678901
0.019531692	-0.350380469
0.019536027	-0.354710747
0.019540362	-0.359041025
0.019544697	-0.363371303
0.019549033	-0.367701581
0.019553368	-0.372031859
0.019557703	-0.376362137
0.019562038	-0.380692416
0.019566373	-0.385022694
0.019570708	-0.389352972
0.019575043	-0.393683250
0.019579378	-0.398013528
0.019583713	-0.402343806
0.019588048	-0.406674084
0.019592383	-0.411004362
0.020826440	-0.354705930
0.020830776	-0.359036208
0.020835111	-0.363366486
0.020839446	-0.367696764
0.020843781	-0.372027043
0.020848116	-0.376357321
0.020852451	-0.380687599
0.020856786	-0.385017877
0.020861121	-0.389348155
0.020865456	-0.393678433
0.020869791	-0.398008711
0.020874127	-0.402338989
0.020878462	-0.406669267
0.020882797	-0.410999545
0.022116854	-0.354701113
0.022121189	-0.359031392
0.022125524	-0.363361670
0.022129859	-0.367691948
0.022134194	-0.372022226
0.022138529	-0.376352504
0.022142864	-0.380682782
0.022147199	-0.385013060
0.022151534	-0.389343338
0.022155870	-0.393673616
0.022160205	-0.398003894
0.022164540	-0.402334172
0.022168875	-0.406664451
0.022173210	-0.410994729
0.022177545	-0.415325007
0.023407267	-0.354696297
0.023411602	-0.359026575
0.023415937	-0.363356853
0.023420272	-0.367687131
0.023424607	-0.372017409
0.023428942	-0.376347687
0.023433278	-0.380677965
0.023437613	-0.385008243
0.023441948	-0.389338521
0.023446283	-0.393668800
0.023450618	-0.397999078
0.023454953	-0.402329356
0.023459288	-0.406659634
0.023463623	-0.410989912
0.023467958	-0.415320190
0.023472293	-0.419650468
0.024702015	-0.359021758
0.024706350	-0.363352036
0.024710685	-0.367682314
0.024715021	-0.372012592
0.024719356	-0.376342870
0.024723691	-0.380673148
0.024728026	-0.385003427
0.024732361	-0.389333705
0.024736696	-0.393663983
0.024741031	-0.397994261
0.024745366	-0.402324539
0.024749701	-0.406654817
0.024754036	-0.410985095
0.024758372	-0.415315373
0.024762707	-0.419645651
0.024767042	-0.423975929
0.025992429	-0.359016941
0.025996764	-0.363347219
0.026001099	-0.367677497
0.026005434	-0.372007775
0.026009769	-0.376338054
0.026014104	-0.380668332
0.026018439	-0.384998610
0.026022774	-0.389328888
0.026027109	-0.393659166
0.026031444	-0.397989444
0.026035779	-0.402319722
0.026040115	-0.406650000
0.026044450	-0.410980278
0.026048785	-0.415310556
0.026053120	-0.419640835
0.026057455	-0.423971113
0.027282842	-0.359012124
0.027287177	-0.363342403
0.027291512	-0.367672681
0.027295847	-0.372002959
0.027300182	-0.376333237
0.027304517	-0.380663515
0.027308852	-0.384993793
0.027313187	-0.389324071
0.027317523	-0.393654349
0.027321858	-0.397984627
0.027326193	-0.402314905
0.027330528	-0.406645183
0.027334863	-0.410975462
0.027339198	-0.415305740
0.027343533	-0.419636018
0.027347868	-0.423966296
0.027352203	-0.428296574
0.028573255	-0.359007308
0.028577590	-0.363337586
0.028581925	-0.367667864
0.028586260	-0.371998142
0.028590595	-0.376328420
0.028594930	-0.380658698
0.028599266	-0.384988976
0.028603601	-0.389319254
0.028607936	-0.393649532
0.028612271	-0.397979811
0.028616606	-0.402310089
0.028620941	-0.406640367
0.028625276	-0.410970645
0.028629611	-0.415300923
0.028633946	-0.419631201
0.028638281	-0.423961479
0.028642617	-0.428291757
0.028646952	-0.432622035
0.029868003	-0.363332769
0.029872338	-0.367663047
0.029876674	-0.371993325
0.029881009	-0.376323603
0.029885344	-0.380653881
0.029889679	-0.384984159
0.029894014	-0.389314438
0.029898349	-0.393644716
0.029902684	-0.397974994
0.029907019	-0.402305272
0.029911354	-0.406635550
0.029915689	-0.410965828
0.029920024	-0.415296106
0.029924360	-0.419626384
0.029928695	-0.423956662
0.029933030	-0.428286940
0.029937365	-0.432617219
0.029941700	-0.436947497
0.031158417	-0.363327952
0.031162752	-0.367658230
0.031167087	-0.371988508
0.031171422	-0.376318786
0.031175757	-0.380649065
0.031180092	-0.384979343
0.031184427	-0.389309621
0.031188762	-0.393639899
0.031193097	-0.397970177
0.031197432	-0.402300455
0.031201768	-0.406630733
0.031206103	-0.410961011
0.031210438	-0.415291289
0.031214773	-0.419621567
0.031219108	-0.423951846
0.031223443	-0.428282124
0.031227778	-0.432612402
0.031232113	-0.436942680
0.032448830	-0.363323135
0.032453165	-0.367653414
0.032457500	-0.371983692
0.032461835	-0.376313970
0.032466170	-0.380644248
0.032470505	-0.384974526
0.032474840	-0.389304804
0.032479175	-0.393635082
0.032483511	-0.397965360
0.032487846	-0.402295638
0.032492181	-0.406625916
0.032496516	-0.410956194
0.032500851	-0.415286473
0.032505186	-0.419616751
0.032509521	-0.423947029
0.032513856	-0.428277307
0.032518191	-0.432607585
0.032522526	-0.436937863
0.032526862	-0.441268141
0.033739243	-0.363318319
0.033743578	-0.367648597
0.033747913	-0.371978875
0.033752248	-0.376309153
0.033756583	-0.380639431
0.033760919	-0.384969709
0.033765254	-0.389299987
0.033769589	-0.393630265
0.033773924	-0.397960543
0.033778259	-0.402290822
0.033782594	-0.406621100
0.033786929	-0.410951378
0.033791264	-0.415281656
0.033795599	-0.419611934
0.033799934	-0.423942212
0.033804269	-0.428272490
0.033808605	-0.432602768
0.033812940	-0.436933046
0.033817275	-0.441263324
0.033821610	-0.445593602
0.035033991	-0.367643780
0.035038326	-0.371974058
0.035042662	-0.376304336
0.035046997	-0.380634614
0.035051332	-0.384964892
0.035055667	-0.389295170
0.035060002	-0.393625449
0.035064337	-0.397955727
0.035068672	-0.402286005
0.035073007	-0.406616283
0.035077342	-0.410946561
0.035081677	-0.415276839
0.035086013	-0.419607117
0.035090348	-0.423937395
0.035094683	-0.428267673
0.035099018	-0.432597951
0.035103353	-0.436928230
0.035107688	-0.441258508
0.035112023	-0.445588786
0.036324405	-0.367638963
0.036328740	-0.371969241
0.036333075	-0.376299519
0.036337410	-0.380629797
0.036341745	-0.384960076
0.036346080	-0.389290354
0.036350415	-0.393620632
0.036354750	-0.397950910
0.036359085	-0.402281188
0.036363420	-0.406611466
0.036367756	-0.410941744
0.036372091	-0.415272022
0.036376426	-0.419602300
0.036380761	-0.423932578
0.036385096	-0.428262857
0.036389431	-0.432593135
0.036393766	-0.436923413
0.036398101	-0.441253691
0.036402436	-0.445583969
0.036406771	-0.449914247
0.037614818	-0.367634146
0.037619153	-0.371964425
0.037623488	-0.376294703
0.037627823	-0.380624981
0.037632158	-0.384955259
0.037636493	-0.389285537
0.037640828	-0.393615815
0.037645164	-0.397946093
0.037649499	-0.402276371
0.037653834	-0.406606649
0.037658169	-0.410936927
0.037662504	-0.415267205
0.037666839	-0.419597484
0.037671174	-0.423927762
0.037675509	-0.428258040
0.037679844	-0.432588318
0.037684179	-0.436918596
0.037688514	-0.441248874
0.037692850	-0.445579152
0.037697185	-0.449909430
0.037701520	-0.454239708
0.038905231	-0.367629330
0.038909566	-0.371959608
0.038913901	-0.376289886
0.038918236	-0.380620164
0.038922571	-0.384950442
0.038926907	-0.389280720
0.038931242	-0.393610998
0.038935577	-0.397941276
0.038939912	-0.402271554
0.038944247	-0.406601833
0.038948582	-0.410932111
0.038952917	-0.415262389
0.038957252	-0.419592667
0.038961587	-0.423922945
0.038965922	-0.428253223
0.038970258	-0.432583501
0.038974593	-0.436913779
0.038978928	-0.441244057
0.038983263	-0.445574335
0.038987598	-0.449904613
0.038991933	-0.454234892
0.040199979	-0.371954791
0.040204315	-0.376285069
0.040208650	-0.380615347
0.040212985	-0.384945625
0.040217320	-0.389275903
0.040221655	-0.393606181
0.040225990	-0.397936460
0.040230325	-0.402266738
0.040234660	-0.406597016
0.040238995	-0.410927294
0.040243330	-0.415257572
0.040247665	-0.419587850
0.040252001	-0.423918128
0.040256336	-0.428248406
0.040260671	-0.432578684
0.040265006	-0.436908962
0.040269341	-0.441239241
0.040273676	-0.445569519
0.040278011	-0.449899797
0.040282346	-0.454230075
0.040286681	-0.458560353
0.041490393	-0.371949974
0.041494728	-0.376280252
0.041499063	-0.380610530
0.041503398	-0.384940809
0.041507733	-0.389271087
0.041512068	-0.393601365
0.041516403	-0.397931643
0.041520738	-0.402261921
0.041525073	-0.406592199
0.041529409	-0.410922477
0.041533744	-0.415252755
0.041538079	-0.419583033
0.041542414	-0.423913311
0.041546749	-0.428243589
0.041551084	-0.432573868
0.041555419	-0.436904146
0.041559754	-0.441234424
0.041564089	-0.445564702
0.041568424	-0.449894980
0.041572759	-0.454225258
0.041577095	-0.458555536
0.041581430	-0.462885814
0.042780806	-0.371945157
0.042785141	-0.376275436
0.042789476	-0.380605714
0.042793811	-0.384935992
0.042798146	-0.389266270
0.042802481	-0.393596548
0.042806816	-0.397926826
0.042811152	-0.402257104
0.042815487	-0.406587382
0.042819822	-0.410917660
0.042824157	-0.415247938
0.042828492	-0.419578216
0.042832827	-0.423908495
0.042837162	-0.428238773
0.042841497	-0.432569051
0.042845832	-0.436899329
0.042850167	-0.441229607
0.042854503	-0.445559885
0.042858838	-0.449890163
0.042863173	-0.454220441
0.042867508	-0.458550719
0.042871843	-0.462880997
0.042876178	-0.467211276
0.044071219	-0.371940341
0.044075554	-0.376270619
0.044079889	-0.380600897
0.044084224	-0.384931175
0.044088560	-0.389261453
0.044092895	-0.393591731
0.044097230	-0.397922009
0.044101565	-0.402252287
0.044105900	-0.406582565
0.044110235	-0.410912844
0.044114570	-0.415243122
0.044118905	-0.419573400
0.044123240	-0.423903678
0.044127575	-0.428233956
0.044131910	-0.432564234
0.044136246	-0.436894512
0.044140581	-0.441224790
0.044144916	-0.445555068
0.044149251	-0.449885346
0.044153586	-0.454215624
0.044157921	-0.458545903
0.044162256	-0.462876181
0.044166591	-0.467206459
0.045361632	-0.371935524
0.045365967	-0.376265802
0.045370303	-0.380596080
0.045374638	-0.384926358
0.045378973	-0.389256636
0.045383308	-0.393586914
0.045387643	-0.397917192
0.045391978	-0.402247471
0.045396313	-0.406577749
0.045400648	-0.410908027
0.045404983	-0.415238305
0.045409318	-0.419568583
0.045413654	-0.423898861
0.045417989	-0.428229139
0.045422324	-0.432559417
0.045426659	-0.436889695
0.045430994	-0.441219973
0.045435329	-0.445550252
0.045439664	-0.449880530
0.045443999	-0.454210808
0.045448334	-0.458541086
0.045452669	-0.462871364
0.045457004	-0.467201642
0.045461340	-0.471531920
0.046656381	-0.376260985
0.046660716	-0.380591263
0.046665051	-0.384921541
0.046669386	-0.389251820
0.046673721	-0.393582098
0.046678056	-0.397912376
0.046682391	-0.402242654
0.046686726	-0.406572932
0.046691061	-0.410903210
0.046695397	-0.415233488
0.046699732	-0.419563766
0.046704067	-0.423894044
0.046708402	-0.428224322
0.046712737	-0.432554600
0.046717072	-0.436884879
0.046721407	-0.441215157
0.046725742	-0.445545435
0.046730077	-0.449875713
0.046734412	-0.454205991
0.046738748	-0.458536269
0.046743083	-0.462866547
0.046747418	-0.467196825
0.046751753	-0.471527103
0.046756088	-0.475857381
0.047946794	-0.376256168
0.047951129	-0.380586447
0.047955464	-0.384916725
0.047959799	-0.389247003
0.047964134	-0.393577281
0.047968469	-0.397907559
0.047972805	-0.402237837
0.047977140	-0.406568115
0.047981475	-0.410898393
0.047985810	-0.415228671
0.047990145	-0.419558949
0.047994480	-0.423889228
0.047998815	-0.428219506
0.048003150	-0.432549784
0.048007485	-0.436880062
0.048011820	-0.441210340
0.048016155	-0.445540618
0.048020491	-0.449870896
0.048024826	-0.454201174
0.048029161	-0.458531452
0.048033496	-0.462861730
0.048037831	-0.467192008
0.048042166	-0.471522287
0.048046501	-0.475852565
0.049237207	-0.376251352
0.049241542	-0.380581630
0.049245877	-0.384911908
0.049250212	-0.389242186
0.049254548	-0.393572464
0.049258883	-0.397902742
0.049263218	-0.402233020
0.049267553	-0.406563298
0.049271888	-0.410893576
0.049276223	-0.415223855
0.049280558	-0.419554133
0.049284893	-0.423884411
0.049289228	-0.428214689
0.049293563	-0.432544967
0.049297899	-0.436875245
0.049302234	-0.441205523
0.049306569	-0.445535801
0.049310904	-0.449866079
0.049315239	-0.454196357
0.049319574	-0.458526635
0.049323909	-0.462856914
0.049328244	-0.467187192
0.049332579	-0.471517470
0.049336914	-0.475847748
0.049341249	-0.480178026
0.050527620	-0.376246535
0.050531956	-0.380576813
0.050536291	-0.384907091
0.050540626	-0.389237369
0.050544961	-0.393567647
0.050549296	-0.397897925
0.050553631	-0.402228203
0.050557966	-0.406558482
0.050562301	-0.410888760
0.050566636	-0.415219038
0.050570971	-0.419549316
0.050575306	-0.423879594
0.050579642	-0.428209872
0.050583977	-0.432540150
0.050588312	-0.436870428
0.050592647	-0.441200706
0.050596982	-0.445530984
0.050601317	-0.449861263
0.050605652	-0.454191541
0.050609987	-0.458521819
0.050614322	-0.462852097
0.050618657	-0.467182375
0.050622993	-0.471512653
0.050627328	-0.475842931
0.050631663	-0.480173209
0.050635998	-0.484503487
0.051818034	-0.376241718
0.051822369	-0.380571996
0.051826704	-0.384902274
0.051831039	-0.389232552
0.051835374	-0.393562831
0.051839709	-0.397893109
0.051844044	-0.402223387
0.051848379	-0.406553665
0.051852714	-0.410883943
0.051857050	-0.415214221
0.051861385	-0.419544499
0.051865720	-0.423874777
0.051870055	-0.428205055
0.051874390	-0.432535333
0.051878725	-0.436865611
0.051883060	-0.441195890
0.051887395	-0.445526168
0.051891730	-0.449856446
0.051896065	-0.454186724
0.051900400	-0.458517002
0.051904736	-0.462847280
0.051909071	-0.467177558
0.051913406	-0.471507836
0.051917741	-0.475838114
0.051922076	-0.480168392
0.051926411	-0.484498671
0.051930746	-0.488828949
0.053108447	-0.376236901
0.053112782	-0.380567179
0.053117117	-0.384897458
0.053121452	-0.389227736
0.053125787	-0.393558014
0.053130122	-0.397888292
0.053134457	-0.402218570
0.053138793	-0.406548848
0.053143128	-0.410879126
0.053147463	-0.415209404
0.053151798	-0.419539682
0.053156133	-0.423869960
0.053160468	-0.428200239
0.053164803	-0.432530517
0.053169138	-0.436860795
0.053173473	-0.441191073
0.053177808	-0.445521351
0.053182144	-0.449851629
0.053186479	-0.454181907
0.053190814	-0.458512185
0.053195149	-0.462842463
0.053199484	-0.467172741
0.053203819	-0.471503019
0.053208154	-0.475833298
0.053212489	-0.480163576
0.053216824	-0.484493854
0.053221159	-0.488824132
0.054403195	-0.380562363
0.054407530	-0.384892641
0.054411865	-0.389222919
0.054416201	-0.393553197
0.054420536	-0.397883475
0.054424871	-0.402213753
0.054429206	-0.406544031
0.054433541	-0.410874309
0.054437876	-0.415204587
0.054442211	-0.419534866
0.054446546	-0.423865144
0.054450881	-0.428195422
0.054455216	-0.432525700
0.054459551	-0.436855978
0.054463887	-0.441186256
0.054468222	-0.445516534
0.054472557	-0.449846812
0.054476892	-0.454177090
0.054481227	-0.458507368
0.054485562	-0.462837647
0.054489897	-0.467167925
0.054494232	-0.471498203
0.054498567	-0.475828481
0.054502902	-0.480158759
0.054507238	-0.484489037
0.054511573	-0.488819315
0.054515908	-0.493149593
0.055693608	-0.380557546
0.055697944	-0.384887824
0.055702279	-0.389218102
0.055706614	-0.393548380
0.055710949	-0.397878658
0.055715284	-0.402208936
0.055719619	-0.406539214
0.055723954	-0.410869493
0.055728289	-0.415199771
0.055732624	-0.419530049
0.055736959	-0.423860327
0.055741295	-0.428190605
0.055745630	-0.432520883
0.055749965	-0.436851161
0.055754300	-0.441181439
0.055758635	-0.445511717
0.055762970	-0.449841995
0.055767305	-0.454172274
0.055771640	-0.458502552
0.055775975	-0.462832830
0.055780310	-0.467163108
0.055784645	-0.471493386
0.055788981	-0.475823664
0.055793316	-0.480153942
0.055797651	-0.484484220
0.055801986	-0.488814498
0.055806321	-0.493144776
0.055810656	-0.497475054
0.056984022	-0.380552729
0.056988357	-0.384883007
0.056992692	-0.389213285
0.056997027	-0.393543563
0.057001362	-0.397873842
0.057005697	-0.402204120
0.057010032	-0.406534398
0.057014367	-0.410864676
0.057018702	-0.415194954
0.057023038	-0.419525232
0.057027373	-0.423855510
0.057031708	-0.428185788
0.057036043	-0.432516066
0.057040378	-0.436846344
0.057044713	-0.441176622
0.057049048	-0.445506901
0.057053383	-0.449837179
0.057057718	-0.454167457
0.057062053	-0.458497735
0.057066389	-0.462828013
0.057070724	-0.467158291
0.057075059	-0.471488569
0.057079394	-0.475818847
0.057083729	-0.480149125
0.057088064	-0.484479403
0.057092399	-0.488809682
0.057096734	-0.493139960
0.057101069	-0.497470238
0.058274435	-0.380547912
0.058278770	-0.384878190
0.058283105	-0.389208469
0.058287440	-0.393538747
0.058291775	-0.397869025
0.058296110	-0.402199303
0.058300446	-0.406529581
0.058304781	-0.410859859
0.058309116	-0.415190137
0.058313451	-0.419520415
0.058317786	-0.423850693
0.058322121	-0.428180971
0.058326456	-0.432511250
0.058330791	-0.436841528
0.058335126	-0.441171806
0.058339461	-0.445502084
0.058343796	-0.449832362
0.058348132	-0.454162640
0.058352467	-0.458492918
0.058356802	-0.462823196
0.058361137	-0.467153474
0.058365472	-0.471483752
0.058369807	-0.475814030
0.058374142	-0.480144309
0.058378477	-0.484474587
0.058382812	-0.488804865
0.058387147	-0.493135143
0.058391483	-0.497465421
0.058395818	-0.501795699
0.059564848	-0.380543096
0.059569183	-0.384873374
0.059573518	-0.389203652
0.059577853	-0.393533930
0.059582189	-0.397864208
0.059586524	-0.402194486
0.059590859	-0.406524764
0.059595194	-0.410855042
0.059599529	-0.415185320
0.059603864	-0.419515598
0.059608199	-0.423845877
0.059612534	-0.428176155
0.059616869	-0.432506433
0.059621204	-0.436836711
0.059625540	-0.441166989
0.059629875	-0.445497267
0.059634210	-0.449827545
0.059638545	-0.454157823
0.059642880	-0.458488101
0.059647215	-0.462818379
0.059651550	-0.467148658
0.059655885	-0.471478936
0.059660220	-0.475809214
0.059664555	-0.480139492
0.059668890	-0.484469770
0.059673226	-0.488800048
0.059677561	-0.493130326
0.059681896	-0.497460604
0.059686231	-0.501790882
0.059690566	-0.506121160
0.060855261	-0.380538279
0.060859597	-0.384868557
0.060863932	-0.389198835
0.060868267	-0.393529113
0.060872602	-0.397859391
0.060876937	-0.402189669
0.060881272	-0.406519947
0.060885607	-0.410850225
0.060889942	-0.415180504
0.060894277	-0.419510782
0.060898612	-0.423841060
0.060902947	-0.428171338
0.060907283	-0.432501616
0.060911618	-0.436831894
0.060915953	-0.441162172
0.060920288	-0.445492450
0.060924623	-0.449822728
0.060928958	-0.454153006
0.060933293	-0.458483285
0.060937628	-0.462813563
0.060941963	-0.467143841
0.060946298	-0.471474119
0.060950634	-0.475804397
0.060954969	-0.480134675
0.060959304	-0.484464953
0.060963639	-0.488795231
0.060967974	-0.493125509
0.060972309	-0.497455787
0.060976644	-0.501786066
0.060980979	-0.506116344
0.062145675	-0.380533462
0.062150010	-0.384863740
0.062154345	-0.389194018
0.062158680	-0.393524296
0.062163015	-0.397854574
0.062167350	-0.402184853
0.062171685	-0.406515131
0.062176020	-0.410845409
0.062180355	-0.415175687
0.062184691	-0.419505965
0.062189026	-0.423836243
0.062193361	-0.428166521
0.062197696	-0.432496799
0.062202031	-0.436827077
0.062206366	-0.441157355
0.062210701	-0.445487633
0.062215036	-0.449817912
0.062219371	-0.454148190
0.062223706	-0.458478468
0.062228041	-0.462808746
0.062232377	-0.467139024
0.062236712	-0.471469302
0.062241047	-0.475799580
0.062245382	-0.480129858
0.062249717	-0.484460136
0.062254052	-0.488790414
0.062258387	-0.493120693
0.062262722	-0.497450971
0.062267057	-0.501781249
0.062271392	-0.506111527
0.062275728	-0.510441805
0.063436088	-0.380528645
0.063440423	-0.384858923
0.063444758	-0.389189201
0.063449093	-0.393519480
0.063453428	-0.397849758
0.063457763	-0.402180036
0.063462098	-0.406510314
0.063466434	-0.410840592
0.063470769	-0.415170870
0.063475104	-0.419501148
0.063479439	-0.423831426
0.063483774	-0.428161704
0.063488109	-0.432491982
0.063492444	-0.436822261
0.063496779	-0.441152539
0.063501114	-0.445482817
0.063505449	-0.449813095
0.063509785	-0.454143373
0.063514120	-0.458473651
0.063518455	-0.462803929
0.063522790	-0.467134207
0.063527125	-0.471464485
0.063531460	-0.475794763
0.063535795	-0.480125041
0.063540130	-0.484455320
0.063544465	-0.488785598
0.063548800	-0.493115876
0.063553135	-0.497446154
0.063557471	-0.501776432
0.063561806	-0.506106710
0.063566141	-0.510436988
0.063570476	-0.514767266
0.064730836	-0.384854107
0.064735171	-0.389184385
0.064739506	-0.393514663
0.064743842	-0.397844941
0.064748177	-0.402175219
0.064752512	-0.406505497
0.064756847	-0.410835775
0.064761182	-0.415166053
0.064765517	-0.419496331
0.064769852	-0.423826609
0.064774187	-0.428156888
0.064778522	-0.432487166
0.064782857	-0.436817444
0.064787192	-0.441147722
0.064791528	-0.445478000
0.064795863	-0.449808278
0.064800198	-0.454138556
0.064804533	-0.458468834
0.064808868	-0.462799112
0.064813203	-0.467129390
0.064817538	-0.471459669
0.064821873	-0.475789947
0.064826208	-0.480120225
0.064830543	-0.484450503
0.064834879	-0.488780781
0.064839214	-0.493111059
0.064843549	-0.497441337
0.064847884	-0.501771615
0.064852219	-0.506101893
0.064856554	-0.510432171
0.064860889	-0.514762449
0.064865224	-0.519092728
0.066021250	-0.384849290
0.066025585	-0.389179568
0.066029920	-0.393509846
0.066034255	-0.397840124
0.066038590	-0.402170402
0.066042925	-0.406500680
0.066047260	-0.410830958
0.066051595	-0.415161237
0.066055930	-0.419491515
0.066060265	-0.423821793
0.066064600	-0.428152071
0.066068936	-0.432482349
0.066073271	-0.436812627
0.066077606	-0.441142905
0.066081941	-0.445473183
0.066086276	-0.449803461
0.066090611	-0.454133739
0.066094946	-0.458464017
0.066099281	-0.462794296
0.066103616	-0.467124574
0.066107951	-0.471454852
0.066112286	-0.475785130
0.066116622	-0.480115408
0.066120957	-0.484445686
0.066125292	-0.488775964
0.066129627	-0.493106242
0.066133962	-0.497436520
0.066138297	-0.501766798
0.066142632	-0.506097077
0.066146967	-0.510427355
0.066151302	-0.514757633
0.066155637	-0.519087911
0.067311663	-0.384844473
0.067315998	-0.389174751
0.067320333	-0.393505029
0.067324668	-0.397835307
0.067329003	-0.402165585
0.067333338	-0.406495864
0.067337673	-0.410826142
0.067342008	-0.415156420
0.067346344	-0.419486698
0.067350679	-0.423816976
0.067355014	-0.428147254
0.067359349	-0.432477532
0.067363684	-0.436807810
0.067368019	-0.441138088
0.067372354	-0.445468366
0.067376689	-0.449798644
0.067381024	-0.454128923
0.067385359	-0.458459201
0.067389694	-0.462789479
0.067394030	-0.467119757
0.067398365	-0.471450035
0.067402700	-0.475780313
0.067407035	-0.480110591
0.067411370	-0.484440869
0.067415705	-0.488771147
0.067420040	-0.493101425
0.067424375	-0.497431704
0.067428710	-0.501761982
0.067433045	-0.506092260
0.067437380	-0.510422538
0.067441716	-0.514752816
0.067446051	-0.519083094
0.067450386	-0.523413372
0.068602076	-0.384839656
0.068606411	-0.389169934
0.068610746	-0.393500212
0.068615081	-0.397830491
0.068619416	-0.402160769
0.068623751	-0.406491047
0.068628087	-0.410821325
0.068632422	-0.415151603
0.068636757	-0.419481881
0.068641092	-0.423812159
0.068645427	-0.428142437
0.068649762	-0.432472715
0.068654097	-0.436802993
0.068658432	-0.441133272
0.068662767	-0.445463550
0.068667102	-0.449793828
0.068671437	-0.454124106
0.068675773	-0.458454384
0.068680108	-0.462784662
0.068684443	-0.467114940
0.068688778	-0.471445218
0.068693113	-0.475775496
0.068697448	-0.480105774
0.068701783	-0.484436052
0.068706118	-0.488766331
0.068710453	-0.493096609
0.068714788	-0.497426887
0.068719124	-0.501757165
0.068723459	-0.506087443
0.068727794	-0.510417721
0.068732129	-0.514747999
0.068736464	-0.519078277
0.068740799	-0.523408555
0.068745134	-0.527738833
0.069892489	-0.384834840
0.069896824	-0.389165118
0.069901159	-0.393495396
0.069905495	-0.397825674
0.069909830	-0.402155952
0.069914165	-0.406486230
0.069918500	-0.410816508
0.069922835	-0.415146786
0.069927170	-0.419477064
0.069931505	-0.423807342
0.069935840	-0.428137620
0.069940175	-0.432467899
0.069944510	-0.436798177
0.069948845	-0.441128455
0.069953181	-0.445458733
0.069957516	-0.449789011
0.069961851	-0.454119289
0.069966186	-0.458449567
0.069970521	-0.462779845
0.069974856	-0.467110123
0.069979191	-0.471440401
0.069983526	-0.475770680
0.069987861	-0.480100958
0.069992196	-0.484431236
0.069996531	-0.488761514
0.070000867	-0.493091792
0.070005202	-0.497422070
0.070009537	-0.501752348
0.070013872	-0.506082626
0.070018207	-0.510412904
0.070022542	-0.514743182
0.070026877	-0.519073460
0.070031212	-0.523403739
0.070035547	-0.527734017
0.070039882	-0.532064295
0.071182902	-0.384830023
0.071187238	-0.389160301
0.071191573	-0.393490579
0.071195908	-0.397820857
0.071200243	-0.402151135
0.071204578	-0.406481413
0.071208913	-0.410811691
0.071213248	-0.415141969
0.071217583	-0.419472248
0.071221918	-0.423802526
0.071226253	-0.428132804
0.071230589	-0.432463082
0.071234924	-0.436793360
0.071239259	-0.441123638
0.071243594	-0.445453916
0.071247929	-0.449784194
0.071252264	-0.454114472
0.071256599	-0.458444750
0.071260934	-0.462775028
0.071265269	-0.467105307
0.071269604	-0.471435585
0.071273939	-0.475765863
0.071278275	-0.480096141
0.071282610	-0.484426419
0.071286945	-0.488756697
0.071291280	-0.493086975
0.071295615	-0.497417253
0.071299950	-0.501747531
0.071304285	-0.506077809
0.071308620	-0.510408088
0.071312955	-0.514738366
0.071317290	-0.519068644
0.071321625	-0.523398922
0.071325961	-0.527729200
0.071330296	-0.532059478
0.071334631	-0.536389756
0.072473316	-0.384825206
0.072477651	-0.389155484
0.072481986	-0.393485762
0.072486321	-0.397816040
0.072490656	-0.402146318
0.072494991	-0.406476596
0.072499326	-0.410806875
0.072503661	-0.415137153
0.072507996	-0.419467431
0.072512332	-0.423797709
0.072516667	-0.428127987
0.072521002	-0.432458265
0.072525337	-0.436788543
0.072529672	-0.441118821
0.072534007	-0.445449099
0.072538342	-0.449779377
0.072542677	-0.454109656
0.072547012	-0.458439934
0.072551347	-0.462770212
0.072555682	-0.467100490
0.072560018	-0.471430768
0.072564353	-0.475761046
0.072568688	-0.480091324
0.072573023	-0.484421602
0.072577358	-0.488751880
0.072581693	-0.493082158
0.072586028	-0.497412436
0.072590363	-0.501742715
0.072594698	-0.506072993
0.072599033	-0.510403271
0.072603369	-0.514733549
0.072607704	-0.519063827
0.072612039	-0.523394105
0.072616374	-0.527724383
0.072620709	-0.532054661
0.072625044	-0.536384939
0.073768064	-0.389150667
0.073772399	-0.393480945
0.073776734	-0.397811223
0.073781069	-0.402141502
0.073785404	-0.406471780
0.073789740	-0.410802058
0.073794075	-0.415132336
0.073798410	-0.419462614
0.073802745	-0.423792892
0.073807080	-0.428123170
0.073811415	-0.432453448
0.073815750	-0.436783726
0.073820085	-0.441114004
0.073824420	-0.445444283
0.073828755	-0.449774561
0.073833090	-0.454104839
0.073837426	-0.458435117
0.073841761	-0.462765395
0.073846096	-0.467095673
0.073850431	-0.471425951
0.073854766	-0.475756229
0.073859101	-0.480086507
0.073863436	-0.484416785
0.073867771	-0.488747063
0.073872106	-0.493077342
0.073876441	-0.497407620
0.073880776	-0.501737898
0.073885112	-0.506068176
0.073889447	-0.510398454
0.073893782	-0.514728732
0.073898117	-0.519059010
0.073902452	-0.523389288
0.073906787	-0.527719566
0.073911122	-0.532049844
0.073915457	-0.536380123
0.073919792	-0.540710401
0.075058477	-0.389145851
0.075062812	-0.393476129
0.075067147	-0.397806407
0.075071483	-0.402136685
0.075075818	-0.406466963
0.075080153	-0.410797241
0.075084488	-0.415127519
0.075088823	-0.419457797
0.075093158	-0.423788075
0.075097493	-0.428118353
0.075101828	-0.432448631
0.075106163	-0.436778910
0.075110498	-0.441109188
0.075114834	-0.445439466
0.075119169	-0.449769744
0.075123504	-0.454100022
0.075127839	-0.458430300
0.075132174	-0.462760578
0.075136509	-0.467090856
0.075140844	-0.471421134
0.075145179	-0.475751412
0.075149514	-0.480081691
0.075153849	-0.484411969
0.075158184	-0.488742247
0.075162520	-0.493072525
0.075166855	-0.497402803
0.075171190	-0.501733081
0.075175525	-0.506063359
0.075179860	-0.510393637
0.075184195	-0.514723915
0.075188530	-0.519054193
0.075192865	-0.523384471
0.075197200	-0.527714750
0.075201535	-0.532045028
0.075205870	-0.536375306
0.075210206	-0.540705584
0.075214541	-0.545035862
0.076348891	-0.389141034
0.076353226	-0.393471312
0.076357561	-0.397801590
0.076361896	-0.402131868
0.076366231	-0.406462146
0.076370566	-0.410792424
0.076374901	-0.415122702
0.076379236	-0.419452980
0.076383571	-0.423783259
0.076387906	-0.428113537
0.076392241	-0.432443815
0.076396577	-0.436774093
0.076400912	-0.441104371
0.076405247	-0.445434649
0.076409582	-0.449764927
0.076413917	-0.454095205
0.076418252	-0.458425483
0.076422587	-0.462755761
0.076426922	-0.467086039
0.076431257	-0.471416318
0.076435592	-0.475746596
0.076439928	-0.480076874
0.076444263	-0.484407152
0.076448598	-0.488737430
0.076452933	-0.493067708
0.076457268	-0.497397986
0.076461603	-0.501728264
0.076465938	-0.506058542
0.076470273	-0.510388820
0.076474608	-0.514719099
0.076478943	-0.519049377
0.076483278	-0.523379655
0.076487614	-0.527709933
0.076491949	-0.532040211
0.076496284	-0.536370489
0.076500619	-0.540700767
0.076504954	-0.545031045
0.077639304	-0.389136217
0.077643639	-0.393466495
0.077647974	-0.397796773
0.077652309	-0.402127051
0.077656644	-0.406457329
0.077660979	-0.410787607
0.077665314	-0.415117886
0.077669649	-0.419448164
0.077673985	-0.423778442
0.077678320	-0.428108720
0.077682655	-0.432438998
0.077686990	-0.436769276
0.077691325	-0.441099554
0.077695660	-0.445429832
0.077699995	-0.449760110
0.077704330	-0.454090388
0.077708665	-0.458420667
0.077713000	-0.462750945
0.077717335	-0.467081223
0.077721671	-0.471411501
0.077726006	-0.475741779
0.077730341	-0.480072057
0.077734676	-0.484402335
0.077739011	-0.488732613
0.077743346	-0.493062891
0.077747681	-0.497393169
0.077752016	-0.501723447
0.077756351	-0.506053726
0.077760686	-0.510384004
0.077765021	-0.514714282
0.077769357	-0.519044560
0.077773692	-0.523374838
0.077778027	-0.527705116
0.077782362	-0.532035394
0.077786697	-0.536365672
0.077791032	-0.540695950
0.077795367	-0.545026228
0.077799702	-0.549356507
0.078929717	-0.389131400
0.078934052	-0.393461678
0.078938387	-0.397791956
0.078942722	-0.402122234
0.078947057	-0.406452513
0.078951392	-0.410782791
0.078955728	-0.415113069
0.078960063	-0.419443347
0.078964398	-0.423773625
0.078968733	-0.428103903
0.078973068	-0.432434181
0.078977403	-0.436764459
0.078981738	-0.441094737
0.078986073	-0.445425015
0.078990408	-0.449755294
0.078994743	-0.454085572
0.078999079	-0.458415850
0.079003414	-0.462746128
0.079007749	-0.467076406
0.079012084	-0.471406684
0.079016419	-0.475736962
0.079020754	-0.480067240
0.079025089	-0.484397518
0.079029424	-0.488727796
0.079033759	-0.493058075
0.079038094	-0.497388353
0.079042429	-0.501718631
0.079046765	-0.506048909
0.079051100	-0.510379187
0.079055435	-0.514709465
0.079059770	-0.519039743
0.079064105	-0.523370021
0.079068440	-0.527700299
0.079072775	-0.532030577
0.079077110	-0.536360855
0.079081445	-0.540691134
0.079085780	-0.545021412
0.079090115	-0.549351690
0.079094451	-0.553681968
0.080220130	-0.389126583
0.080224465	-0.393456862
0.080228800	-0.397787140
0.080233136	-0.402117418
0.080237471	-0.406447696
0.080241806	-0.410777974
0.080246141	-0.415108252
0.080250476	-0.419438530
0.080254811	-0.423768808
0.080259146	-0.428099086
0.080263481	-0.432429364
0.080267816	-0.436759642
0.080272151	-0.441089921
0.080276486	-0.445420199
0.080280822	-0.449750477
0.080285157	-0.454080755
0.080289492	-0.458411033
0.080293827	-0.462741311
0.080298162	-0.467071589
0.080302497	-0.471401867
0.080306832	-0.475732145
0.080311167	-0.480062423
0.080315502	-0.484392702
0.080319837	-0.488722980
0.080324173	-0.493053258
0.080328508	-0.497383536
0.080332843	-0.501713814
0.080337178	-0.506044092
0.080341513	-0.510374370
0.080345848	-0.514704648
0.080350183	-0.519034926
0.080354518	-0.523365204
0.080358853	-0.527695482
0.080363188	-0.532025761
0.080367523	-0.536356039
0.080371859	-0.540686317
0.080376194	-0.545016595
0.080380529	-0.549346873
0.080384864	-0.553677151
0.081510543	-0.389121767
0.081514879	-0.393452045
0.081519214	-0.397782323
0.081523549	-0.402112601
0.081527884	-0.406442879
0.081532219	-0.410773157
0.081536554	-0.415103435
0.081540889	-0.419433713
0.081545224	-0.423763991
0.081549559	-0.428094270
0.081553894	-0.432424548
0.081558230	-0.436754826
0.081562565	-0.441085104
0.081566900	-0.445415382
0.081571235	-0.449745660
0.081575570	-0.454075938
0.081579905	-0.458406216
0.081584240	-0.462736494
0.081588575	-0.467066772
0.081592910	-0.471397050
0.081597245	-0.475727329
0.081601580	-0.480057607
0.081605916	-0.484387885
0.081610251	-0.488718163
0.081614586	-0.493048441
0.081618921	-0.497378719
0.081623256	-0.501708997
0.081627591	-0.506039275
0.081631926	-0.510369553
0.081636261	-0.514699831
0.081640596	-0.519030110
0.081644931	-0.523360388
0.081649267	-0.527690666
0.081653602	-0.532020944
0.081657937	-0.536351222
0.081662272	-0.540681500
0.081666607	-0.545011778
0.081670942	-0.549342056
0.081675277	-0.553672334
0.081679612	-0.558002612
0.082800957	-0.389116950
0.082805292	-0.393447228
0.082809627	-0.397777506
0.082813962	-0.402107784
0.082818297	-0.406438062
0.082822632	-0.410768340
0.082826967	-0.415098618
0.082831302	-0.419428897
0.082835637	-0.423759175
0.082839973	-0.428089453
0.082844308	-0.432419731
0.082848643	-0.436750009
0.082852978	-0.441080287
0.082857313	-0.445410565
0.082861648	-0.449740843
0.082865983	-0.454071121
0.082870318	-0.458401399
0.082874653	-0.462731678
0.082878988	-0.467061956
0.082883324	-0.471392234
0.082887659	-0.475722512
0.082891994	-0.480052790
0.082896329	-0.484383068
0.082900664	-0.488713346
0.082904999	-0.493043624
0.082909334	-0.497373902
0.082913669	-0.501704180
0.082918004	-0.506034458
0.082922339	-0.510364737
0.082926674	-0.514695015
0.082931010	-0.519025293
0.082935345	-0.523355571
0.082939680	-0.527685849
0.082944015	-0.532016127
0.082948350	-0.536346405
0.082952685	-0.540676683
0.082957020	-0.545006961
0.082961355	-0.549337239
0.082965690	-0.553667518
0.082970025	-0.557997796
0.082974360	-0.562328074
0.084095705	-0.393442411
0.084100040	-0.397772689
0.084104375	-0.402102967
0.084108710	-0.406433245
0.084113045	-0.410763524
0.084117381	-0.415093802
0.084121716	-0.419424080
0.084126051	-0.423754358
0.084130386	-0.428084636
0.084134721	-0.432414914
0.084139056	-0.436745192
0.084143391	-0.441075470
0.084147726	-0.445405748
0.084152061	-0.449736026
0.084156396	-0.454066305
0.084160731	-0.458396583
0.084165067	-0.462726861
0.084169402	-0.467057139
0.084173737	-0.471387417
0.084178072	-0.475717695
0.084182407	-0.480047973
0.084186742	-0.484378251
0.084191077	-0.488708529
0.084195412	-0.493038807
0.084199747	-0.497369086
0.084204082	-0.501699364
0.084208418	-0.506029642
0.084212753	-0.510359920
0.084217088	-0.514690198
0.084221423	-0.519020476
0.084225758	-0.523350754
0.084230093	-0.527681032
0.084234428	-0.532011310
0.084238763	-0.536341588
0.084243098	-0.540671866
0.084247433	-0.545002145
0.084251768	-0.549332423
0.084256104	-0.553662701
0.084260439	-0.557992979
0.084264774	-0.562323257
0.085386118	-0.393437594
0.085390453	-0.397767873
0.085394788	-0.402098151
0.085399124	-0.406428429
0.085403459	-0.410758707
0.085407794	-0.415088985
0.085412129	-0.419419263
0.085416464	-0.423749541
0.085420799	-0.428079819
0.085425134	-0.432410097
0.085429469	-0.436740375
0.085433804	-0.441070653
0.085438139	-0.445400932
0.085442475	-0.449731210
0.085446810	-0.454061488
0.085451145	-0.458391766
0.085455480	-0.462722044
0.085459815	-0.467052322
0.085464150	-0.471382600
0.085468485	-0.475712878
0.085472820	-0.480043156
0.085477155	-0.484373434
0.085481490	-0.488703713
0.085485825	-0.493033991
0.085490161	-0.497364269
0.085494496	-0.501694547
0.085498831	-0.506024825
0.085503166	-0.510355103
0.085507501	-0.514685381
0.085511836	-0.519015659
0.085516171	-0.523345937
0.085520506	-0.527676215
0.085524841	-0.532006494
0.085529176	-0.536336772
0.085533512	-0.540667050
0.085537847	-0.544997328
0.085542182	-0.549327606
0.085546517	-0.553657884
0.085550852	-0.557988162
0.085555187	-0.562318440
0.085559522	-0.566648718
0.086676532	-0.393432778
0.086680867	-0.397763056
0.086685202	-0.402093334
0.086689537	-0.406423612
0.086693872	-0.410753890
0.086698207	-0.415084168
0.086702542	-0.419414446
0.086706877	-0.423744724
0.086711212	-0.428075002
0.086715547	-0.432405281
0.086719882	-0.436735559
0.086724218	-0.441065837
0.086728553	-0.445396115
0.086732888	-0.449726393
0.086737223	-0.454056671
0.086741558	-0.458386949
0.086745893	-0.462717227
0.086750228	-0.467047505
0.086754563	-0.471377783
0.086758898	-0.475708061
0.086763233	-0.480038340
0.086767569	-0.484368618
0.086771904	-0.488698896
0.086776239	-0.493029174
0.086780574	-0.497359452
0.086784909	-0.501689730
0.086789244	-0.506020008
0.086793579	-0.510350286
0.086797914	-0.514680564
0.086802249	-0.519010842
0.086806584	-0.523341121
0.086810919	-0.527671399
0.086815255	-0.532001677
0.086819590	-0.536331955
0.086823925	-0.540662233
0.086828260	-0.544992511
0.086832595	-0.549322789
0.086836930	-0.553653067
0.086841265	-0.557983345
0.086845600	-0.562313623
0.086849935	-0.566643901
0.086854270	-0.570974180
0.087966945	-0.393427961
0.087971280	-0.397758239
0.087975615	-0.402088517
0.087979950	-0.406418795
0.087984285	-0.410749073
0.087988620	-0.415079351
0.087992955	-0.419409629
0.087997290	-0.423739908
0.088001626	-0.428070186
0.088005961	-0.432400464
0.088010296	-0.436730742
0.088014631	-0.441061020
0.088018966	-0.445391298
0.088023301	-0.449721576
0.088027636	-0.454051854
0.088031971	-0.458382132
0.088036306	-0.462712410
0.088040641	-0.467042689
0.088044976	-0.471372967
0.088049312	-0.475703245
0.088053647	-0.480033523
0.088057982	-0.484363801
0.088062317	-0.488694079
0.088066652	-0.493024357
0.088070987	-0.497354635
0.088075322	-0.501684913
0.088079657	-0.506015191
0.088083992	-0.510345469
0.088088327	-0.514675748
0.088092663	-0.519006026
0.088096998	-0.523336304
0.088101333	-0.527666582
0.088105668	-0.531996860
0.088110003	-0.536327138
0.088114338	-0.540657416
0.088118673	-0.544987694
0.088123008	-0.549317972
0.088127343	-0.553648250
0.088131678	-0.557978529
0.088136013	-0.562308807
0.088140349	-0.566639085
0.088144684	-0.570969363
0.088149019	-0.575299641
0.089257358	-0.393423144
0.089261693	-0.397753422
0.089266028	-0.402083700
0.089270363	-0.406413978
0.089274698	-0.410744257
0.089279033	-0.415074535
0.089283369	-0.419404813
0.089287704	-0.423735091
0.089292039	-0.428065369
0.089296374	-0.432395647
0.089300709	-0.436725925
0.089305044	-0.441056203
0.089309379	-0.445386481
0.089313714	-0.449716759
0.089318049	-0.454047037
0.089322384	-0.458377316
0.089326720	-0.462707594
0.089331055	-0.467037872
0.089335390	-0.471368150
0.089339725	-0.475698428
0.089344060	-0.480028706
0.089348395	-0.484358984
0.089352730	-0.488689262
0.089357065	-0.493019540
0.089361400	-0.497349818
0.089365735	-0.501680097
0.089370070	-0.506010375
0.089374406	-0.510340653
0.089378741	-0.514670931
0.089383076	-0.519001209
0.089387411	-0.523331487
0.089391746	-0.527661765
0.089396081	-0.531992043
0.089400416	-0.536322321
0.089404751	-0.540652599
0.089409086	-0.544982877
0.089413421	-0.549313156
0.089417757	-0.553643434
0.089422092	-0.557973712
0.089426427	-0.562303990
0.089430762	-0.566634268
0.089435097	-0.570964546
0.089439432	-0.575294824
0.089443767	-0.579625102
0.090547771	-0.393418327
0.090552106	-0.397748605
0.090556441	-0.402078884
0.090560777	-0.406409162
0.090565112	-0.410739440
0.090569447	-0.415069718
0.090573782	-0.419399996
0.090578117	-0.423730274
0.090582452	-0.428060552
0.090586787	-0.432390830
0.090591122	-0.436721108
0.090595457	-0.441051386
0.090599792	-0.445381665
0.090604127	-0.449711943
0.090608463	-0.454042221
0.090612798	-0.458372499
0.090617133	-0.462702777
0.090621468	-0.467033055
0.090625803	-0.471363333
0.090630138	-0.475693611
0.090634473	-0.480023889
0.090638808	-0.484354167
0.090643143	-0.488684445
0.090647478	-0.493014724
0.090651814	-0.497345002
0.090656149	-0.501675280
0.090660484	-0.506005558
0.090664819	-0.510335836
0.090669154	-0.514666114
0.090673489	-0.518996392
0.090677824	-0.523326670
0.090682159	-0.527656948
0.090686494	-0.531987226
0.090690829	-0.536317505
0.090695164	-0.540647783
0.090699500	-0.544978061
0.090703835	-0.549308339
0.090708170	-0.553638617
0.090712505	-0.557968895
0.090716840	-0.562299173
0.090721175	-0.566629451
0.090725510	-0.570959729
0.090729845	-0.575290007
0.090734180	-0.579620285
0.091842520	-0.397743789
0.091846855	-0.402074067
0.091851190	-0.406404345
0.091855525	-0.410734623
0.091859860	-0.415064901
0.091864195	-0.419395179
0.091868530	-0.423725457
0.091872865	-0.428055735
0.091877200	-0.432386013
0.091881535	-0.436716292
0.091885871	-0.441046570
0.091890206	-0.445376848
0.091894541	-0.449707126
0.091898876	-0.454037404
0.091903211	-0.458367682
0.091907546	-0.462697960
0.091911881	-0.467028238
0.091916216	-0.471358516
0.091920551	-0.475688794
0.091924886	-0.480019072
0.091929221	-0.484349351
0.091933557	-0.488679629
0.091937892	-0.493009907
0.091942227	-0.497340185
0.091946562	-0.501670463
0.091950897	-0.506000741
0.091955232	-0.510331019
0.091959567	-0.514661297
0.091963902	-0.518991575
0.091968237	-0.523321853
0.091972572	-0.527652132
0.091976908	-0.531982410
0.091981243	-0.536312688
0.091985578	-0.540642966
0.091989913	-0.544973244
0.091994248	-0.549303522
0.091998583	-0.553633800
0.092002918	-0.557964078
0.092007253	-0.562294356
0.092011588	-0.566624634
0.092015923	-0.570954913
0.092020258	-0.575285191
0.092024594	-0.579615469
0.092028929	-0.583945747
0.093132933	-0.397738972
0.093137268	-0.402069250
0.093141603	-0.406399528
0.093145938	-0.410729806
0.093150273	-0.415060084
0.093154608	-0.419390362
0.093158943	-0.423720640
0.093163278	-0.428050919
0.093167614	-0.432381197
0.093171949	-0.436711475
0.093176284	-0.441041753
0.093180619	-0.445372031
0.093184954	-0.449702309
0.093189289	-0.454032587
0.093193624	-0.458362865
0.093197959	-0.462693143
0.093202294	-0.467023421
0.093206629	-0.471353700
0.093210965	-0.475683978
0.093215300	-0.480014256
0.093219635	-0.484344534
0.093223970	-0.488674812
0.093228305	-0.493005090
0.093232640	-0.497335368
0.093236975	-0.501665646
0.093241310	-0.505995924
0.093245645	-0.510326202
0.093249980	-0.514656480
0.093254315	-0.518986759
0.093258651	-0.523317037
0.093262986	-0.527647315
0.093267321	-0.531977593
0.093271656	-0.536307871
0.093275991	-0.540638149
0.093280326	-0.544968427
0.093284661	-0.549298705
0.093288996	-0.553628983
0.093293331	-0.557959261
0.093297666	-0.562289540
0.093302002	-0.566619818
0.093306337	-0.570950096
0.093310672	-0.575280374
0.093315007	-0.579610652
0.093319342	-0.583940930
0.093323677	-0.588271208
0.094423346	-0.397734155
0.094427681	-0.402064433
0.094432016	-0.406394711
0.094436351	-0.410724989
0.094440686	-0.415055268
0.094445022	-0.419385546
0.094449357	-0.423715824
0.094453692	-0.428046102
0.094458027	-0.432376380
0.094462362	-0.436706658
0.094466697	-0.441036936
0.094471032	-0.445367214
0.094475367	-0.449697492
0.094479702	-0.454027770
0.094484037	-0.458358048
0.094488372	-0.462688327
0.094492708	-0.467018605
0.094497043	-0.471348883
0.094501378	-0.475679161
0.094505713	-0.480009439
0.094510048	-0.484339717
0.094514383	-0.488669995
0.094518718	-0.493000273
0.094523053	-0.497330551
0.094527388	-0.501660829
0.094531723	-0.505991108
0.094536059	-0.510321386
0.094540394	-0.514651664
0.094544729	-0.518981942
0.094549064	-0.523312220
0.094553399	-0.527642498
0.094557734	-0.531972776
0.094562069	-0.536303054
0.094566404	-0.540633332
0.094570739	-0.544963610
0.094575074	-0.549293888
0.094579409	-0.553624167
0.094583745	-0.557954445
0.094588080	-0.562284723
0.094592415	-0.566615001
0.094596750	-0.570945279
0.094601085	-0.575275557
0.094605420	-0.579605835
0.094609755	-0.583936113
0.094614090	-0.588266391
0.095713759	-0.397729338
0.095718094	-0.402059616
0.095722429	-0.406389895
0.095726765	-0.410720173
0.095731100	-0.415050451
0.095735435	-0.419380729
0.095739770	-0.423711007
0.095744105	-0.428041285
0.095748440	-0.432371563
0.095752775	-0.436701841
0.095757110	-0.441032119
0.095761445	-0.445362397
0.095765780	-0.449692676
0.095770116	-0.454022954
0.095774451	-0.458353232
0.095778786	-0.462683510
0.095783121	-0.467013788
0.095787456	-0.471344066
0.095791791	-0.475674344
0.095796126	-0.480004622
0.095800461	-0.484334900
0.095804796	-0.488665178
0.095809131	-0.492995456
0.095813466	-0.497325735
0.095817802	-0.501656013
0.095822137	-0.505986291
0.095826472	-0.510316569
0.095830807	-0.514646847
0.095835142	-0.518977125
0.095839477	-0.523307403
0.095843812	-0.527637681
0.095848147	-0.531967959
0.095852482	-0.536298237
0.095856817	-0.540628516
0.095861153	-0.544958794
0.095865488	-0.549289072
0.095869823	-0.553619350
0.095874158	-0.557949628
0.095878493	-0.562279906
0.095882828	-0.566610184
0.095887163	-0.570940462
0.095891498	-0.575270740
0.095895833	-0.579601018
0.095900168	-0.583931296
0.095904503	-0.588261575
0.095908839	-0.592591853
0.097004173	-0.397724522
0.097008508	-0.402054800
0.097012843	-0.406385078
0.097017178	-0.410715356
0.097021513	-0.415045634
0.097025848	-0.419375912
0.097030183	-0.423706190
0.097034518	-0.428036468
0.097038853	-0.432366746
0.097043188	-0.436697024
0.097047523	-0.441027303
0.097051859	-0.445357581
0.097056194	-0.449687859
0.097060529	-0.454018137
0.097064864	-0.458348415
0.097069199	-0.462678693
0.097073534	-0.467008971
0.097077869	-0.471339249
0.097082204	-0.475669527
0.097086539	-0.479999805
0.097090874	-0.484330084
0.097095210	-0.488660362
0.097099545	-0.492990640
0.097103880	-0.497320918
0.097108215	-0.501651196
0.097112550	-0.505981474
0.097116885	-0.510311752
0.097121220	-0.514642030
0.097125555	-0.518972308
0.097129890	-0.523302586
0.097134225	-0.527632864
0.097138560	-0.531963143
0.097142896	-0.536293421
0.097147231	-0.540623699
0.097151566	-0.544953977
0.097155901	-0.549284255
0.097160236	-0.553614533
0.097164571	-0.557944811
0.097168906	-0.562275089
0.097173241	-0.566605367
0.097177576	-0.570935645
0.097181911	-0.575265924
0.097186247	-0.579596202
0.097190582	-0.583926480
0.097194917	-0.588256758
0.097199252	-0.592587036
0.097203587	-0.596917314
0.098298921	-0.402049983
0.098303256	-0.406380261
0.098307591	-0.410710539
0.098311926	-0.415040817
0.098316261	-0.419371095
0.098320596	-0.423701373
0.098324931	-0.428031651
0.098329267	-0.432361930
0.098333602	-0.436692208
0.098337937	-0.441022486
0.098342272	-0.445352764
0.098346607	-0.449683042
0.098350942	-0.454013320
0.098355277	-0.458343598
0.098359612	-0.462673876
0.098363947	-0.467004154
0.098368282	-0.471334432
0.098372617	-0.475664711
0.098376953	-0.479994989
0.098381288	-0.484325267
0.098385623	-0.488655545
0.098389958	-0.492985823
0.098394293	-0.497316101
0.098398628	-0.501646379
0.098402963	-0.505976657
0.098407298	-0.510306935
0.098411633	-0.514637213
0.098415968	-0.518967491
0.098420304	-0.523297770
0.098424639	-0.527628048
0.098428974	-0.531958326
0.098433309	-0.536288604
0.098437644	-0.540618882
0.098441979	-0.544949160
0.098446314	-0.549279438
0.098450649	-0.553609716
0.098454984	-0.557939994
0.098459319	-0.562270272
0.098463654	-0.566600551
0.098467990	-0.570930829
0.098472325	-0.575261107
0.098476660	-0.579591385
0.098480995	-0.583921663
0.098485330	-0.588251941
0.098489665	-0.592582219
0.098494000	-0.596912497
0.098498335	-0.601242775
0.099589334	-0.402045166
0.099593669	-0.406375444
0.099598004	-0.410705722
0.099602339	-0.415036000
0.099606674	-0.419366279
0.099611010	-0.423696557
0.099615345	-0.428026835
0.099619680	-0.432357113
0.099624015	-0.436687391
0.099628350	-0.441017669
0.099632685	-0.445347947
0.099637020	-0.449678225
0.099641355	-0.454008503
0.099645690	-0.458338781
0.099650025	-0.462669059
0.099654361	-0.466999338
0.099658696	-0.471329616
0.099663031	-0.475659894
0.099667366	-0.479990172
0.099671701	-0.484320450
0.099676036	-0.488650728
0.099680371	-0.492981006
0.099684706	-0.497311284
0.099689041	-0.501641562
0.099693376	-0.505971840
0.099697711	-0.510302119
0.099702047	-0.514632397
0.099706382	-0.518962675
0.099710717	-0.523292953
0.099715052	-0.527623231
0.099719387	-0.531953509
0.099723722	-0.536283787
0.099728057	-0.540614065
0.099732392	-0.544944343
0.099736727	-0.549274621
0.099741062	-0.553604899
0.099745398	-0.557935178
0.099749733	-0.562265456
0.099754068	-0.566595734
0.099758403	-0.570926012
0.099762738	-0.575256290
0.099767073	-0.579586568
0.099771408	-0.583916846
0.099775743	-0.588247124
0.099780078	-0.592577402
0.099784413	-0.596907680
0.099788748	-0.601237959
0.100879747	-0.402040349
0.100884082	-0.406370627
0.100888418	-0.410700906
0.100892753	-0.415031184
0.100897088	-0.419361462
0.100901423	-0.423691740
0.100905758	-0.428022018
0.100910093	-0.432352296
0.100914428	-0.436682574
0.100918763	-0.441012852
0.100923098	-0.445343130
0.100927433	-0.449673408
0.100931768	-0.454003687
0.100936104	-0.458333965
0.100940439	-0.462664243
0.100944774	-0.466994521
0.100949109	-0.471324799
0.100953444	-0.475655077
0.100957779	-0.479985355
0.100962114	-0.484315633
0.100966449	-0.488645911
0.100970784	-0.492976189
0.100975119	-0.497306467
0.100979455	-0.501636746
0.100983790	-0.505967024
0.100988125	-0.510297302
0.100992460	-0.514627580
0.100996795	-0.518957858
0.101001130	-0.523288136
0.101005465	-0.527618414
0.101009800	-0.531948692
0.101014135	-0.536278970
0.101018470	-0.540609248
0.101022805	-0.544939527
0.101027141	-0.549269805
0.101031476	-0.553600083
0.101035811	-0.557930361
0.101040146	-0.562260639
0.101044481	-0.566590917
0.101048816	-0.570921195
0.101053151	-0.575251473
0.101057486	-0.579581751
0.101061821	-0.583912029
0.101066156	-0.588242307
0.101070492	-0.592572586
0.101074827	-0.596902864
0.101079162	-0.601233142
0.101083497	-0.605563420
0.102170161	-0.402035533
0.102174496	-0.406365811
0.102178831	-0.410696089
0.102183166	-0.415026367
0.102187501	-0.419356645
0.102191836	-0.423686923
0.102196171	-0.428017201
0.102200506	-0.432347479
0.102204841	-0.436677757
0.102209176	-0.441008035
0.102213512	-0.445338314
0.102217847	-0.449668592
0.102222182	-0.453998870
0.102226517	-0.458329148
0.102230852	-0.462659426
0.102235187	-0.466989704
0.102239522	-0.471319982
0.102243857	-0.475650260
0.102248192	-0.479980538
0.102252527	-0.484310816
0.102256862	-0.488641095
0.102261198	-0.492971373
0.102265533	-0.497301651
0.102269868	-0.501631929
0.102274203	-0.505962207
0.102278538	-0.510292485
0.102282873	-0.514622763
0.102287208	-0.518953041
0.102291543	-0.523283319
0.102295878	-0.527613597
0.102300213	-0.531943875
0.102304549	-0.536274154
0.102308884	-0.540604432
0.102313219	-0.544934710
0.102317554	-0.549264988
0.102321889	-0.553595266
0.102326224	-0.557925544
0.102330559	-0.562255822
0.102334894	-0.566586100
0.102339229	-0.570916378
0.102343564	-0.575246656
0.102347899	-0.579576935
0.102352235	-0.583907213
0.102356570	-0.588237491
0.102360905	-0.592567769
0.102365240	-0.596898047
0.102369575	-0.601228325
0.102373910	-0.605558603
0.102378245	-0.609888881
0.103460574	-0.402030716
0.103464909	-0.406360994
0.103469244	-0.410691272
0.103473579	-0.415021550
0.103477914	-0.419351828
0.103482249	-0.423682106
0.103486584	-0.428012384
0.103490919	-0.432342662
0.103495255	-0.436672941
0.103499590	-0.441003219
0.103503925	-0.445333497
0.103508260	-0.449663775
0.103512595	-0.453994053
0.103516930	-0.458324331
0.103521265	-0.462654609
0.103525600	-0.466984887
0.103529935	-0.471315165
0.103534270	-0.475645443
0.103538606	-0.479975722
0.103542941	-0.484306000
0.103547276	-0.488636278
0.103551611	-0.492966556
0.103555946	-0.497296834
0.103560281	-0.501627112
0.103564616	-0.505957390
0.103568951	-0.510287668
0.103573286	-0.514617946
0.103577621	-0.518948224
0.103581956	-0.523278503
0.103586292	-0.527608781
0.103590627	-0.531939059
0.103594962	-0.536269337
0.103599297	-0.540599615
0.103603632	-0.544929893
0.103607967	-0.549260171
0.103612302	-0.553590449
0.103616637	-0.557920727
0.103620972	-0.562251005
0.103625307	-0.566581283
0.103629643	-0.570911562
0.103633978	-0.575241840
0.103638313	-0.579572118
0.103642648	-0.583902396
0.103646983	-0.588232674
0.103651318	-0.592562952
0.103655653	-0.596893230
0.103659988	-0.601223508
0.103664323	-0.605553786
0.103668658	-0.609884064
0.103672993	-0.614214343
0.104755322	-0.406356177
0.104759657	-0.410686455
0.104763992	-0.415016733
0.104768327	-0.419347011
0.104772663	-0.423677290
0.104776998	-0.428007568
0.104781333	-0.432337846
0.104785668	-0.436668124
0.104790003	-0.440998402
0.104794338	-0.445328680
0.104798673	-0.449658958
0.104803008	-0.453989236
0.104807343	-0.458319514
0.104811678	-0.462649792
0.104816013	-0.466980070
0.104820349	-0.471310349
0.104824684	-0.475640627
0.104829019	-0.479970905
0.104833354	-0.484301183
0.104837689	-0.488631461
0.104842024	-0.492961739
0.104846359	-0.497292017
0.104850694	-0.501622295
0.104855029	-0.505952573
0.104859364	-0.510282851
0.104863700	-0.514613130
0.104868035	-0.518943408
0.104872370	-0.523273686
0.104876705	-0.527603964
0.104881040	-0.531934242
0.104885375	-0.536264520
0.104889710	-0.540594798
0.104894045	-0.544925076
0.104898380	-0.549255354
0.104902715	-0.553585632
0.104907050	-0.557915910
0.104911386	-0.562246189
0.104915721	-0.566576467
0.104920056	-0.570906745
0.104924391	-0.575237023
0.104928726	-0.579567301
0.104933061	-0.583897579
0.104937396	-0.588227857
0.104941731	-0.592558135
0.104946066	-0.596888413
0.104950401	-0.601218691
0.104954737	-0.605548970
0.104959072	-0.609879248
0.104963407	-0.614209526
0.104967742	-0.618539804
0.106045735	-0.406351360
0.106050070	-0.410681638
0.106054406	-0.415011917
0.106058741	-0.419342195
0.106063076	-0.423672473
0.106067411	-0.428002751
0.106071746	-0.432333029
0.106076081	-0.436663307
0.106080416	-0.440993585
0.106084751	-0.445323863
0.106089086	-0.449654141
0.106093421	-0.453984419
0.106097757	-0.458314698
0.106102092	-0.462644976
0.106106427	-0.466975254
0.106110762	-0.471305532
0.106115097	-0.475635810
0.106119432	-0.479966088
0.106123767	-0.484296366
0.106128102	-0.488626644
0.106132437	-0.492956922
0.106136772	-0.497287200
0.106141107	-0.501617478
0.106145443	-0.505947757
0.106149778	-0.510278035
0.106154113	-0.514608313
0.106158448	-0.518938591
0.106162783	-0.523268869
0.106167118	-0.527599147
0.106171453	-0.531929425
0.106175788	-0.536259703
0.106180123	-0.540589981
0.106184458	-0.544920259
0.106188794	-0.549250538
0.106193129	-0.553580816
0.106197464	-0.557911094
0.106201799	-0.562241372
0.106206134	-0.566571650
0.106210469	-0.570901928
0.106214804	-0.575232206
0.106219139	-0.579562484
0.106223474	-0.583892762
0.106227809	-0.588223040
0.106232144	-0.592553318
0.106236480	-0.596883597
0.106240815	-0.601213875
0.106245150	-0.605544153
0.106249485	-0.609874431
0.106253820	-0.614204709
0.106258155	-0.618534987
0.106262490	-0.622865265
0.107336149	-0.406346544
0.107340484	-0.410676822
0.107344819	-0.415007100
0.107349154	-0.419337378
0.107353489	-0.423667656
0.107357824	-0.427997934
0.107362159	-0.432328212
0.107366494	-0.436658490
0.107370829	-0.440988768
0.107375164	-0.445319046
0.107379500	-0.449649325
0.107383835	-0.453979603
0.107388170	-0.458309881
0.107392505	-0.462640159
0.107396840	-0.466970437
0.107401175	-0.471300715
0.107405510	-0.475630993
0.107409845	-0.479961271
0.107414180	-0.484291549
0.107418515	-0.488621827
0.107422851	-0.492952106
0.107427186	-0.497282384
0.107431521	-0.501612662
0.107435856	-0.505942940
0.107440191	-0.510273218
0.107444526	-0.514603496
0.107448861	-0.518933774
0.107453196	-0.523264052
0.107457531	-0.527594330
0.107461866	-0.531924608
0.107466201	-0.536254886
0.107470537	-0.540585165
0.107474872	-0.544915443
0.107479207	-0.549245721
0.107483542	-0.553575999
0.107487877	-0.557906277
0.107492212	-0.562236555
0.107496547	-0.566566833
0.107500882	-0.570897111
0.107505217	-0.575227389
0.107509552	-0.579557667
0.107513888	-0.583887946
0.107518223	-0.588218224
0.107522558	-0.592548502
0.107526893	-0.596878780
0.107531228	-0.601209058
0.107535563	-0.605539336
0.107539898	-0.609869614
0.107544233	-0.614199892
0.107548568	-0.618530170
0.107552903	-0.622860448
0.108626562	-0.406341727
0.108630897	-0.410672005
0.108635232	-0.415002283
0.108639567	-0.419332561
0.108643902	-0.423662839
0.108648237	-0.427993117
0.108652572	-0.432323395
0.108656908	-0.436653673
0.108661243	-0.440983952
0.108665578	-0.445314230
0.108669913	-0.449644508
0.108674248	-0.453974786
0.108678583	-0.458305064
0.108682918	-0.462635342
0.108687253	-0.466965620
0.108691588	-0.471295898
0.108695923	-0.475626176
0.108700258	-0.479956454
0.108704594	-0.484286733
0.108708929	-0.488617011
0.108713264	-0.492947289
0.108717599	-0.497277567
0.108721934	-0.501607845
0.108726269	-0.505938123
0.108730604	-0.510268401
0.108734939	-0.514598679
0.108739274	-0.518928957
0.108743609	-0.523259235
0.108747945	-0.527589514
0.108752280	-0.531919792
0.108756615	-0.536250070
0.108760950	-0.540580348
0.108765285	-0.544910626
0.108769620	-0.549240904
0.108773955	-0.553571182
0.108778290	-0.557901460
0.108782625	-0.562231738
0.108786960	-0.566562016
0.108791295	-0.570892294
0.108795631	-0.575222573
0.108799966	-0.579552851
0.108804301	-0.583883129
0.108808636	-0.588213407
0.108812971	-0.592543685
0.108817306	-0.596873963
0.108821641	-0.601204241
0.108825976	-0.605534519
0.108830311	-0.609864797
0.108834646	-0.614195075
0.108838982	-0.618525354
0.108843317	-0.622855632
0.108847652	-0.627185910
0.109916975	-0.406336910
0.109921310	-0.410667188
0.109925645	-0.414997466
0.109929980	-0.419327744
0.109934315	-0.423658022
0.109938651	-0.427988301
0.109942986	-0.432318579
0.109947321	-0.436648857
0.109951656	-0.440979135
0.109955991	-0.445309413
0.109960326	-0.449639691
0.109964661	-0.453969969
0.109968996	-0.458300247
0.109973331	-0.462630525
0.109977666	-0.466960803
0.109982002	-0.471291081
0.109986337	-0.475621360
0.109990672	-0.479951638
0.109995007	-0.484281916
0.109999342	-0.488612194
0.110003677	-0.492942472
0.110008012	-0.497272750
0.110012347	-0.501603028
0.110016682	-0.505933306
0.110021017	-0.510263584
0.110025352	-0.514593862
0.110029688	-0.518924141
0.110034023	-0.523254419
0.110038358	-0.527584697
0.110042693	-0.531914975
0.110047028	-0.536245253
0.110051363	-0.540575531
0.110055698	-0.544905809
0.110060033	-0.549236087
0.110064368	-0.553566365
0.110068703	-0.557896643
0.110073039	-0.562226922
0.110077374	-0.566557200
0.110081709	-0.570887478
0.110086044	-0.575217756
0.110090379	-0.579548034
0.110094714	-0.583878312
0.110099049	-0.588208590
0.110103384	-0.592538868
0.110107719	-0.596869146
0.110112054	-0.601199424
0.110116389	-0.605529702
0.110120725	-0.609859981
0.110125060	-0.614190259
0.110129395	-0.618520537
0.110133730	-0.622850815
0.110138065	-0.627181093
0.111211723	-0.410662371
0.111216059	-0.414992649
0.111220394	-0.419322928
0.111224729	-0.423653206
0.111229064	-0.427983484
0.111233399	-0.432313762
0.111237734	-0.436644040
0.111242069	-0.440974318
0.111246404	-0.445304596
0.111250739	-0.449634874
0.111255074	-0.453965152
0.111259409	-0.458295430
0.111263745	-0.462625709
0.111268080	-0.466955987
0.111272415	-0.471286265
0.111276750	-0.475616543
0.111281085	-0.479946821
0.111285420	-0.484277099
0.111289755	-0.488607377
0.111294090	-0.492937655
0.111298425	-0.497267933
0.111302760	-0.501598211
0.111307096	-0.505928489
0.111311431	-0.510258768
0.111315766	-0.514589046
0.111320101	-0.518919324
0.111324436	-0.523249602
0.111328771	-0.527579880
0.111333106	-0.531910158
0.111337441	-0.536240436
0.111341776	-0.540570714
0.111346111	-0.544900992
0.111350446	-0.549231270
0.111354782	-0.553561549
0.111359117	-0.557891827
0.111363452	-0.562222105
0.111367787	-0.566552383
0.111372122	-0.570882661
0.111376457	-0.575212939
0.111380792	-0.579543217
0.111385127	-0.583873495
0.111389462	-0.588203773
0.111393797	-0.592534051
0.111398133	-0.596864329
0.111402468	-0.601194608
0.111406803	-0.605524886
0.111411138	-0.609855164
0.111415473	-0.614185442
0.111419808	-0.618515720
0.111424143	-0.622845998
0.111428478	-0.627176276
0.111432813	-0.631506554
0.112502137	-0.410657555
0.112506472	-0.414987833
0.112510807	-0.419318111
0.112515142	-0.423648389
0.112519477	-0.427978667
0.112523812	-0.432308945
0.112528147	-0.436639223
0.112532482	-0.440969501
0.112536817	-0.445299779
0.112541153	-0.449630057
0.112545488	-0.453960336
0.112549823	-0.458290614
0.112554158	-0.462620892
0.112558493	-0.466951170
0.112562828	-0.471281448
0.112567163	-0.475611726
0.112571498	-0.479942004
0.112575833	-0.484272282
0.112580168	-0.488602560
0.112584503	-0.492932838
0.112588839	-0.497263117
0.112593174	-0.501593395
0.112597509	-0.505923673
0.112601844	-0.510253951
0.112606179	-0.514584229
0.112610514	-0.518914507
0.112614849	-0.523244785
0.112619184	-0.527575063
0.112623519	-0.531905341
0.112627854	-0.536235619
0.112632190	-0.540565897
0.112636525	-0.544896176
0.112640860	-0.549226454
0.112645195	-0.553556732
0.112649530	-0.557887010
0.112653865	-0.562217288
0.112658200	-0.566547566
0.112662535	-0.570877844
0.112666870	-0.575208122
0.112671205	-0.579538400
0.112675540	-0.583868678
0.112679876	-0.588198957
0.112684211	-0.592529235
0.112688546	-0.596859513
0.112692881	-0.601189791
0.112697216	-0.605520069
0.112701551	-0.609850347
0.112705886	-0.614180625
0.112710221	-0.618510903
0.112714556	-0.622841181
0.112718891	-0.627171459
0.112723227	-0.631501737
0.112727562	-0.635832016
0.113792550	-0.410652738
0.113796885	-0.414983016
0.113801220	-0.419313294
0.113805555	-0.423643572
0.113809890	-0.427973850
0.113814225	-0.432304128
0.113818560	-0.436634406
0.113822896	-0.440964685
0.113827231	-0.445294963
0.113831566	-0.449625241
0.113835901	-0.453955519
0.113840236	-0.458285797
0.113844571	-0.462616075
0.113848906	-0.466946353
0.113853241	-0.471276631
0.113857576	-0.475606909
0.113861911	-0.479937187
0.113866247	-0.484267465
0.113870582	-0.488597744
0.113874917	-0.492928022
0.113879252	-0.497258300
0.113883587	-0.501588578
0.113887922	-0.505918856
0.113892257	-0.510249134
0.113896592	-0.514579412
0.113900927	-0.518909690
0.113905262	-0.523239968
0.113909597	-0.527570246
0.113913933	-0.531900525
0.113918268	-0.536230803
0.113922603	-0.540561081
0.113926938	-0.544891359
0.113931273	-0.549221637
0.113935608	-0.553551915
0.113939943	-0.557882193
0.113944278	-0.562212471
0.113948613	-0.566542749
0.113952948	-0.570873027
0.113957284	-0.575203305
0.113961619	-0.579533584
0.113965954	-0.583863862
0.113970289	-0.588194140
0.113974624	-0.592524418
0.113978959	-0.596854696
0.113983294	-0.601184974
0.113987629	-0.605515252
0.113991964	-0.609845530
0.113996299	-0.614175808
0.114000634	-0.618506086
0.114004970	-0.622836365
0.114009305	-0.627166643
0.114013640	-0.631496921
0.114017975	-0.635827199
0.114022310	-0.640157477
0.115082963	-0.410647921
0.115087298	-0.414978199
0.115091633	-0.419308477
0.115095968	-0.423638755
0.115100304	-0.427969033
0.115104639	-0.432299312
0.115108974	-0.436629590
0.115113309	-0.440959868
0.115117644	-0.445290146
0.115121979	-0.449620424
0.115126314	-0.453950702
0.115130649	-0.458280980
0.115134984	-0.462611258
0.115139319	-0.466941536
0.115143654	-0.471271814
0.115147990	-0.475602092
0.115152325	-0.479932371
0.115156660	-0.484262649
0.115160995	-0.488592927
0.115165330	-0.492923205
0.115169665	-0.497253483
0.115174000	-0.501583761
0.115178335	-0.505914039
0.115182670	-0.510244317
0.115187005	-0.514574595
0.115191341	-0.518904873
0.115195676	-0.523235152
0.115200011	-0.527565430
0.115204346	-0.531895708
0.115208681	-0.536225986
0.115213016	-0.540556264
0.115217351	-0.544886542
0.115221686	-0.549216820
0.115226021	-0.553547098
0.115230356	-0.557877376
0.115234691	-0.562207654
0.115239027	-0.566537933
0.115243362	-0.570868211
0.115247697	-0.575198489
0.115252032	-0.579528767
0.115256367	-0.583859045
0.115260702	-0.588189323
0.115265037	-0.592519601
0.115269372	-0.596849879
0.115273707	-0.601180157
0.115278042	-0.605510435
0.115282378	-0.609840713
0.115286713	-0.614170992
0.115291048	-0.618501270
0.115295383	-0.622831548
0.115299718	-0.627161826
0.115304053	-0.631492104
0.115308388	-0.635822382
0.115312723	-0.640152660
0.115317058	-0.644482938
0.116377711	-0.414973382
0.116382047	-0.419303660
0.116386382	-0.423633939
0.116390717	-0.427964217
0.116395052	-0.432294495
0.116399387	-0.436624773
0.116403722	-0.440955051
0.116408057	-0.445285329
0.116412392	-0.449615607
0.116416727	-0.453945885
0.116421062	-0.458276163
0.116425398	-0.462606441
0.116429733	-0.466936720
0.116434068	-0.471266998
0.116438403	-0.475597276
0.116442738	-0.479927554
0.116447073	-0.484257832
0.116451408	-0.488588110
0.116455743	-0.492918388
0.116460078	-0.497248666
0.116464413	-0.501578944
0.116468748	-0.505909222
0.116473084	-0.510239500
0.116477419	-0.514569779
0.116481754	-0.518900057
0.116486089	-0.523230335
0.116490424	-0.527560613
0.116494759	-0.531890891
0.116499094	-0.536221169
0.116503429	-0.540551447
0.116507764	-0.544881725
0.116512099	-0.549212003
0.116516435	-0.553542281
0.116520770	-0.557872560
0.116525105	-0.562202838
0.116529440	-0.566533116
0.116533775	-0.570863394
0.116538110	-0.575193672
0.116542445	-0.579523950
0.116546780	-0.583854228
0.116551115	-0.588184506
0.116555450	-0.592514784
0.116559785	-0.596845062
0.116564121	-0.601175341
0.116568456	-0.605505619
0.116572791	-0.609835897
0.116577126	-0.614166175
0.116581461	-0.618496453
0.116585796	-0.622826731
0.116590131	-0.627157009
0.116594466	-0.631487287
0.116598801	-0.635817565
0.116603136	-0.640147843
0.116607472	-0.644478121
0.116611807	-0.648808400
0.117668125	-0.414968566
0.117672460	-0.419298844
0.117676795	-0.423629122
0.117681130	-0.427959400
0.117685465	-0.432289678
0.117689800	-0.436619956
0.117694135	-0.440950234
0.117698470	-0.445280512
0.117702805	-0.449610790
0.117707141	-0.453941068
0.117711476	-0.458271347
0.117715811	-0.462601625
0.117720146	-0.466931903
0.117724481	-0.471262181
0.117728816	-0.475592459
0.117733151	-0.479922737
0.117737486	-0.484253015
0.117741821	-0.488583293
0.117746156	-0.492913571
0.117750492	-0.497243849
0.117754827	-0.501574128
0.117759162	-0.505904406
0.117763497	-0.510234684
0.117767832	-0.514564962
0.117772167	-0.518895240
0.117776502	-0.523225518
0.117780837	-0.527555796
0.117785172	-0.531886074
0.117789507	-0.536216352
0.117793842	-0.540546630
0.117798178	-0.544876908
0.117802513	-0.549207187
0.117806848	-0.553537465
0.117811183	-0.557867743
0.117815518	-0.562198021
0.117819853	-0.566528299
0.117824188	-0.570858577
0.117828523	-0.575188855
0.117832858	-0.579519133
0.117837193	-0.583849411
0.117841529	-0.588179689
0.117845864	-0.592509968
0.117850199	-0.596840246
0.117854534	-0.601170524
0.117858869	-0.605500802
0.117863204	-0.609831080
0.117867539	-0.614161358
0.117871874	-0.618491636
0.117876209	-0.622821914
0.117880544	-0.627152192
0.117884879	-0.631482470
0.117889215	-0.635812748
0.117893550	-0.640143027
0.117897885	-0.644473305
0.117902220	-0.648803583
0.118958538	-0.414963749
0.118962873	-0.419294027
0.118967208	-0.423624305
0.118971543	-0.427954583
0.118975878	-0.432284861
0.118980213	-0.436615139
0.118984549	-0.440945417
0.118988884	-0.445275696
0.118993219	-0.449605974
0.118997554	-0.453936252
0.119001889	-0.458266530
0.119006224	-0.462596808
0.119010559	-0.466927086
0.119014894	-0.471257364
0.119019229	-0.475587642
0.119023564	-0.479917920
0.119027899	-0.484248198
0.119032235	-0.488578476
0.119036570	-0.492908755
0.119040905	-0.497239033
0.119045240	-0.501569311
0.119049575	-0.505899589
0.119053910	-0.510229867
0.119058245	-0.514560145
0.119062580	-0.518890423
0.119066915	-0.523220701
0.119071250	-0.527550979
0.119075586	-0.531881257
0.119079921	-0.536211536
0.119084256	-0.540541814
0.119088591	-0.544872092
0.119092926	-0.549202370
0.119097261	-0.553532648
0.119101596	-0.557862926
0.119105931	-0.562193204
0.119110266	-0.566523482
0.119114601	-0.570853760
0.119118936	-0.575184038
0.119123272	-0.579514316
0.119127607	-0.583844595
0.119131942	-0.588174873
0.119136277	-0.592505151
0.119140612	-0.596835429
0.119144947	-0.601165707
0.119149282	-0.605495985
0.119153617	-0.609826263
0.119157952	-0.614156541
0.119162287	-0.618486819
0.119166623	-0.622817097
0.119170958	-0.627147376
0.119175293	-0.631477654
0.119179628	-0.635807932
0.119183963	-0.640138210
0.119188298	-0.644468488
0.119192633	-0.648798766
0.119196968	-0.653129044
0.120248951	-0.414958932
0.120253286	-0.419289210
0.120257621	-0.423619488
0.120261956	-0.427949766
0.120266292	-0.432280044
0.120270627	-0.436610323
0.120274962	-0.440940601
0.120279297	-0.445270879
0.120283632	-0.449601157
0.120287967	-0.453931435
0.120292302	-0.458261713
0.120296637	-0.462591991
0.120300972	-0.466922269
0.120305307	-0.471252547
0.120309643	-0.475582825
0.120313978	-0.479913104
0.120318313	-0.484243382
0.120322648	-0.488573660
0.120326983	-0.492903938
0.120331318	-0.497234216
0.120335653	-0.501564494
0.120339988	-0.505894772
0.120344323	-0.510225050
0.120348658	-0.514555328
0.120352993	-0.518885606
0.120357329	-0.523215884
0.120361664	-0.527546163
0.120365999	-0.531876441
0.120370334	-0.536206719
0.120374669	-0.540536997
0.120379004	-0.544867275
0.120383339	-0.549197553
0.120387674	-0.553527831
0.120392009	-0.557858109
0.120396344	-0.562188387
0.120400680	-0.566518665
0.120405015	-0.570848944
0.120409350	-0.575179222
0.120413685	-0.579509500
0.120418020	-0.583839778
0.120422355	-0.588170056
0.120426690	-0.592500334
0.120431025	-0.596830612
0.120435360	-0.601160890
0.120439695	-0.605491168
0.120444030	-0.609821446
0.120448366	-0.614151724
0.120452701	-0.618482003
0.120457036	-0.622812281
0.120461371	-0.627142559
0.120465706	-0.631472837
0.120470041	-0.635803115
0.120474376	-0.640133393
0.120478711	-0.644463671
0.120483046	-0.648793949
0.120487381	-0.653124227
0.120491717	-0.657454505
0.121543700	-0.419284393
0.121548035	-0.423614671
0.121552370	-0.427944950
0.121556705	-0.432275228
0.121561040	-0.436605506
0.121565375	-0.440935784
0.121569710	-0.445266062
0.121574045	-0.449596340
0.121578380	-0.453926618
0.121582715	-0.458256896
0.121587050	-0.462587174
0.121591386	-0.466917452
0.121595721	-0.471247731
0.121600056	-0.475578009
0.121604391	-0.479908287
0.121608726	-0.484238565
0.121613061	-0.488568843
0.121617396	-0.492899121
0.121621731	-0.497229399
0.121626066	-0.501559677
0.121630401	-0.505889955
0.121634737	-0.510220233
0.121639072	-0.514550512
0.121643407	-0.518880790
0.121647742	-0.523211068
0.121652077	-0.527541346
0.121656412	-0.531871624
0.121660747	-0.536201902
0.121665082	-0.540532180
0.121669417	-0.544862458
0.121673752	-0.549192736
0.121678087	-0.553523014
0.121682423	-0.557853292
0.121686758	-0.562183571
0.121691093	-0.566513849
0.121695428	-0.570844127
0.121699763	-0.575174405
0.121704098	-0.579504683
0.121708433	-0.583834961
0.121712768	-0.588165239
0.121717103	-0.592495517
0.121721438	-0.596825795
0.121725774	-0.601156073
0.121730109	-0.605486352
0.121734444	-0.609816630
0.121738779	-0.614146908
0.121743114	-0.618477186
0.121747449	-0.622807464
0.121751784	-0.627137742
0.121756119	-0.631468020
0.121760454	-0.635798298
0.121764789	-0.640128576
0.121769124	-0.644458854
0.121773460	-0.648789132
0.121777795	-0.653119411
0.121782130	-0.657449689
0.122834113	-0.419279577
0.122838448	-0.423609855
0.122842783	-0.427940133
0.122847118	-0.432270411
0.122851453	-0.436600689
0.122855788	-0.440930967
0.122860123	-0.445261245
0.122864458	-0.449591523
0.122868794	-0.453921801
0.122873129	-0.458252079
0.122877464	-0.462582358
0.122881799	-0.466912636
0.122886134	-0.471242914
0.122890469	-0.475573192
0.122894804	-0.479903470
0.122899139	-0.484233748
0.122903474	-0.488564026
0.122907809	-0.492894304
0.122912144	-0.497224582
0.122916480	-0.501554860
0.122920815	-0.505885139
0.122925150	-0.510215417
0.122929485	-0.514545695
0.122933820	-0.518875973
0.122938155	-0.523206251
0.122942490	-0.527536529
0.122946825	-0.531866807
0.122951160	-0.536197085
0.122955495	-0.540527363
0.122959831	-0.544857641
0.122964166	-0.549187919
0.122968501	-0.553518198
0.122972836	-0.557848476
0.122977171	-0.562178754
0.122981506	-0.566509032
0.122985841	-0.570839310
0.122990176	-0.575169588
0.122994511	-0.579499866
0.122998846	-0.583830144
0.123003181	-0.588160422
0.123007517	-0.592490700
0.123011852	-0.596820979
0.123016187	-0.601151257
0.123020522	-0.605481535
0.123024857	-0.609811813
0.123029192	-0.614142091
0.123033527	-0.618472369
0.123037862	-0.622802647
0.123042197	-0.627132925
0.123046532	-0.631463203
0.123050868	-0.635793481
0.123055203	-0.640123760
0.123059538	-0.644454038
0.123063873	-0.648784316
0.123068208	-0.653114594
0.123072543	-0.657444872
0.123076878	-0.661775150
0.124124526	-0.419274760
0.124128861	-0.423605038
0.124133196	-0.427935316
0.124137531	-0.432265594
0.124141866	-0.436595872
0.124146201	-0.440926150
0.124150537	-0.445256428
0.124154872	-0.449586707
0.124159207	-0.453916985
0.124163542	-0.458247263
0.124167877	-0.462577541
0.124172212	-0.466907819
0.124176547	-0.471238097
0.124180882	-0.475568375
0.124185217	-0.479898653
0.124189552	-0.484228931
0.124193888	-0.488559209
0.124198223	-0.492889487
0.124202558	-0.497219766
0.124206893	-0.501550044
0.124211228	-0.505880322
0.124215563	-0.510210600
0.124219898	-0.514540878
0.124224233	-0.518871156
0.124228568	-0.523201434
0.124232903	-0.527531712
0.124237238	-0.531861990
0.124241574	-0.536192268
0.124245909	-0.540522547
0.124250244	-0.544852825
0.124254579	-0.549183103
0.124258914	-0.553513381
0.124263249	-0.557843659
0.124267584	-0.562173937
0.124271919	-0.566504215
0.124276254	-0.570834493
0.124280589	-0.575164771
0.124284925	-0.579495049
0.124289260	-0.583825327
0.124293595	-0.588155606
0.124297930	-0.592485884
0.124302265	-0.596816162
0.124306600	-0.601146440
0.124310935	-0.605476718
0.124315270	-0.609806996
0.124319605	-0.614137274
0.124323940	-0.618467552
0.124328275	-0.622797830
0.124332611	-0.627128108
0.124336946	-0.631458387
0.124341281	-0.635788665
0.124345616	-0.640118943
0.124349951	-0.644449221
0.124354286	-0.648779499
0.124358621	-0.653109777
0.124362956	-0.657440055
0.124367291	-0.661770333
0.124371626	-0.666100611
0.125414939	-0.419269943
0.125419274	-0.423600221
0.125423609	-0.427930499
0.125427945	-0.432260777
0.125432280	-0.436591055
0.125436615	-0.440921334
0.125440950	-0.445251612
0.125445285	-0.449581890
0.125449620	-0.453912168
0.125453955	-0.458242446
0.125458290	-0.462572724
0.125462625	-0.466903002
0.125466960	-0.471233280
0.125471295	-0.475563558
0.125475631	-0.479893836
0.125479966	-0.484224115
0.125484301	-0.488554393
0.125488636	-0.492884671
0.125492971	-0.497214949
0.125497306	-0.501545227
0.125501641	-0.505875505
0.125505976	-0.510205783
0.125510311	-0.514536061
0.125514646	-0.518866339
0.125518982	-0.523196617
0.125523317	-0.527526895
0.125527652	-0.531857174
0.125531987	-0.536187452
0.125536322	-0.540517730
0.125540657	-0.544848008
0.125544992	-0.549178286
0.125549327	-0.553508564
0.125553662	-0.557838842
0.125557997	-0.562169120
0.125562332	-0.566499398
0.125566668	-0.570829676
0.125571003	-0.575159955
0.125575338	-0.579490233
0.125579673	-0.583820511
0.125584008	-0.588150789
0.125588343	-0.592481067
0.125592678	-0.596811345
0.125597013	-0.601141623
0.125601348	-0.605471901
0.125605683	-0.609802179
0.125610019	-0.614132457
0.125614354	-0.618462735
0.125618689	-0.622793014
0.125623024	-0.627123292
0.125627359	-0.631453570
0.125631694	-0.635783848
0.125636029	-0.640114126
0.125640364	-0.644444404
0.125644699	-0.648774682
0.125649034	-0.653104960
0.125653369	-0.657435238
0.125657705	-0.661765516
0.125662040	-0.666095795
0.125666375	-0.670426073
0.126709688	-0.423595404
0.126714023	-0.427925682
0.126718358	-0.432255961
0.126722693	-0.436586239
0.126727028	-0.440916517
0.126731363	-0.445246795
0.126735698	-0.449577073
0.126740033	-0.453907351
0.126744368	-0.458237629
0.126748703	-0.462567907
0.126753039	-0.466898185
0.126757374	-0.471228463
0.126761709	-0.475558742
0.126766044	-0.479889020
0.126770379	-0.484219298
0.126774714	-0.488549576
0.126779049	-0.492879854
0.126783384	-0.497210132
0.126787719	-0.501540410
0.126792054	-0.505870688
0.126796389	-0.510200966
0.126800725	-0.514531244
0.126805060	-0.518861523
0.126809395	-0.523191801
0.126813730	-0.527522079
0.126818065	-0.531852357
0.126822400	-0.536182635
0.126826735	-0.540512913
0.126831070	-0.544843191
0.126835405	-0.549173469
0.126839740	-0.553503747
0.126844076	-0.557834025
0.126848411	-0.562164303
0.126852746	-0.566494582
0.126857081	-0.570824860
0.126861416	-0.575155138
0.126865751	-0.579485416
0.126870086	-0.583815694
0.126874421	-0.588145972
0.126878756	-0.592476250
0.126883091	-0.596806528
0.126887426	-0.601136806
0.126891762	-0.605467084
0.126896097	-0.609797363
0.126900432	-0.614127641
0.126904767	-0.618457919
0.126909102	-0.622788197
0.126913437	-0.627118475
0.126917772	-0.631448753
0.126922107	-0.635779031
0.126926442	-0.640109309
0.126930777	-0.644439587
0.126935113	-0.648769865
0.126939448	-0.653100143
0.126943783	-0.657430422
0.126948118	-0.661760700
0.126952453	-0.666090978
0.126956788	-0.670421256
0.126961123	-0.674751534
0.128000101	-0.423590588
0.128004436	-0.427920866
0.128008771	-0.432251144
0.128013106	-0.436581422
0.128017441	-0.440911700
0.128021776	-0.445241978
0.128026111	-0.449572256
0.128030446	-0.453902534
0.128034782	-0.458232812
0.128039117	-0.462563090
0.128043452	-0.466893369
0.128047787	-0.471223647
0.128052122	-0.475553925
0.128056457	-0.479884203
0.128060792	-0.484214481
0.128065127	-0.488544759
0.128069462	-0.492875037
0.128073797	-0.497205315
0.128078133	-0.501535593
0.128082468	-0.505865871
0.128086803	-0.510196150
0.128091138	-0.514526428
0.128095473	-0.518856706
0.128099808	-0.523186984
0.128104143	-0.527517262
0.128108478	-0.531847540
0.128112813	-0.536177818
0.128117148	-0.540508096
0.128121483	-0.544838374
0.128125819	-0.549168652
0.128130154	-0.553498931
0.128134489	-0.557829209
0.128138824	-0.562159487
0.128143159	-0.566489765
0.128147494	-0.570820043
0.128151829	-0.575150321
0.128156164	-0.579480599
0.128160499	-0.583810877
0.128164834	-0.588141155
0.128169170	-0.592471433
0.128173505	-0.596801711
0.128177840	-0.601131990
0.128182175	-0.605462268
0.128186510	-0.609792546
0.128190845	-0.614122824
0.128195180	-0.618453102
0.128199515	-0.622783380
0.128203850	-0.627113658
0.128208185	-0.631443936
0.128212520	-0.635774214
0.128216856	-0.640104492
0.128221191	-0.644434771
0.128225526	-0.648765049
0.128229861	-0.653095327
0.128234196	-0.657425605
0.128238531	-0.661755883
0.128242866	-0.666086161
0.128247201	-0.670416439
0.128251536	-0.674746717
0.129290514	-0.423585771
0.129294849	-0.427916049
0.129299184	-0.432246327
0.129303519	-0.436576605
0.129307854	-0.440906883
0.129312190	-0.445237161
0.129316525	-0.449567439
0.129320860	-0.453897718
0.129325195	-0.458227996
0.129329530	-0.462558274
0.129333865	-0.466888552
0.129338200	-0.471218830
0.129342535	-0.475549108
0.129346870	-0.479879386
0.129351205	-0.484209664
0.129355540	-0.488539942
0.129359876	-0.492870220
0.129364211	-0.497200498
0.129368546	-0.501530777
0.129372881	-0.505861055
0.129377216	-0.510191333
0.129381551	-0.514521611
0.129385886	-0.518851889
0.129390221	-0.523182167
0.129394556	-0.527512445
0.129398891	-0.531842723
0.129403227	-0.536173001
0.129407562	-0.540503279
0.129411897	-0.544833558
0.129416232	-0.549163836
0.129420567	-0.553494114
0.129424902	-0.557824392
0.129429237	-0.562154670
0.129433572	-0.566484948
0.129437907	-0.570815226
0.129442242	-0.575145504
0.129446577	-0.579475782
0.129450913	-0.583806060
0.129455248	-0.588136338
0.129459583	-0.592466617
0.129463918	-0.596796895
0.129468253	-0.601127173
0.129472588	-0.605457451
0.129476923	-0.609787729
0.129481258	-0.614118007
0.129485593	-0.618448285
0.129489928	-0.622778563
0.129494264	-0.627108841
0.129498599	-0.631439119
0.129502934	-0.635769398
0.129507269	-0.640099676
0.129511604	-0.644429954
0.129515939	-0.648760232
0.129520274	-0.653090510
0.129524609	-0.657420788
0.129528944	-0.661751066
0.129533279	-0.666081344
0.129537614	-0.670411622
0.129541950	-0.674741900
0.129546285	-0.679072179
0.130580927	-0.423580954
0.130585262	-0.427911232
0.130589597	-0.432241510
0.130593933	-0.436571788
0.130598268	-0.440902066
0.130602603	-0.445232345
0.130606938	-0.449562623
0.130611273	-0.453892901
0.130615608	-0.458223179
0.130619943	-0.462553457
0.130624278	-0.466883735
0.130628613	-0.471214013
0.130632948	-0.475544291
0.130637284	-0.479874569
0.130641619	-0.484204847
0.130645954	-0.488535126
0.130650289	-0.492865404
0.130654624	-0.497195682
0.130658959	-0.501525960
0.130663294	-0.505856238
0.130667629	-0.510186516
0.130671964	-0.514516794
0.130676299	-0.518847072
0.130680634	-0.523177350
0.130684970	-0.527507628
0.130689305	-0.531837906
0.130693640	-0.536168185
0.130697975	-0.540498463
0.130702310	-0.544828741
0.130706645	-0.549159019
0.130710980	-0.553489297
0.130715315	-0.557819575
0.130719650	-0.562149853
0.130723985	-0.566480131
0.130728321	-0.570810409
0.130732656	-0.575140687
0.130736991	-0.579470966
0.130741326	-0.583801244
0.130745661	-0.588131522
0.130749996	-0.592461800
0.130754331	-0.596792078
0.130758666	-0.601122356
0.130763001	-0.605452634
0.130767336	-0.609782912
0.130771671	-0.614113190
0.130776007	-0.618443468
0.130780342	-0.622773746
0.130784677	-0.627104025
0.130789012	-0.631434303
0.130793347	-0.635764581
0.130797682	-0.640094859
0.130802017	-0.644425137
0.130806352	-0.648755415
0.130810687	-0.653085693
0.130815022	-0.657415971
0.130819358	-0.661746249
0.130823693	-0.666076527
0.130828028	-0.670406806
0.130832363	-0.674737084
0.130836698	-0.679067362
0.130841033	-0.683397640
0.131875676	-0.427906415
0.131880011	-0.432236694
0.131884346	-0.436566972
0.131888681	-0.440897250
0.131893016	-0.445227528
0.131897351	-0.449557806
0.131901686	-0.453888084
0.131906021	-0.458218362
0.131910356	-0.462548640
0.131914691	-0.466878918
0.131919027	-0.471209196
0.131923362	-0.475539474
0.131927697	-0.479869753
0.131932032	-0.484200031
0.131936367	-0.488530309
0.131940702	-0.492860587
0.131945037	-0.497190865
0.131949372	-0.501521143
0.131953707	-0.505851421
0.131958042	-0.510181699
0.131962378	-0.514511977
0.131966713	-0.518842255
0.131971048	-0.523172534
0.131975383	-0.527502812
0.131979718	-0.531833090
0.131984053	-0.536163368
0.131988388	-0.540493646
0.131992723	-0.544823924
0.131997058	-0.549154202
0.132001393	-0.553484480
0.132005728	-0.557814758
0.132010064	-0.562145036
0.132014399	-0.566475314
0.132018734	-0.570805593
0.132023069	-0.575135871
0.132027404	-0.579466149
0.132031739	-0.583796427
0.132036074	-0.588126705
0.132040409	-0.592456983
0.132044744	-0.596787261
0.132049079	-0.601117539
0.132053415	-0.605447817
0.132057750	-0.609778095
0.132062085	-0.614108374
0.132066420	-0.618438652
0.132070755	-0.622768930
0.132075090	-0.627099208
0.132079425	-0.631429486
0.132083760	-0.635759764
0.132088095	-0.640090042
0.132092430	-0.644420320
0.132096765	-0.648750598
0.132101101	-0.653080876
0.132105436	-0.657411154
0.132109771	-0.661741433
0.132114106	-0.666071711
0.132118441	-0.670401989
0.132122776	-0.674732267
0.132127111	-0.679062545
0.132131446	-0.683392823
0.132135781	-0.687723101
0.133166089	-0.427901599
0.133170424	-0.432231877
0.133174759	-0.436562155
0.133179094	-0.440892433
0.133183429	-0.445222711
0.133187764	-0.449552989
0.133192099	-0.453883267
0.133196435	-0.458213545
0.133200770	-0.462543823
0.133205105	-0.466874101
0.133209440	-0.471204380
0.133213775	-0.475534658
0.133218110	-0.479864936
0.133222445	-0.484195214
0.133226780	-0.488525492
0.133231115	-0.492855770
0.133235450	-0.497186048
0.133239785	-0.501516326
0.133244121	-0.505846604
0.133248456	-0.510176882
0.133252791	-0.514507161
0.133257126	-0.518837439
0.133261461	-0.523167717
0.133265796	-0.527497995
0.133270131	-0.531828273
0.133274466	-0.536158551
0.133278801	-0.540488829
0.133283136	-0.544819107
0.133287472	-0.549149385
0.133291807	-0.553479663
0.133296142	-0.557809942
0.133300477	-0.562140220
0.133304812	-0.566470498
0.133309147	-0.570800776
0.133313482	-0.575131054
0.133317817	-0.579461332
0.133322152	-0.583791610
0.133326487	-0.588121888
0.133330822	-0.592452166
0.133335158	-0.596782444
0.133339493	-0.601112722
0.133343828	-0.605443001
0.133348163	-0.609773279
0.133352498	-0.614103557
0.133356833	-0.618433835
0.133361168	-0.622764113
0.133365503	-0.627094391
0.133369838	-0.631424669
0.133374173	-0.635754947
0.133378509	-0.640085225
0.133382844	-0.644415503
0.133387179	-0.648745782
0.133391514	-0.653076060
0.133395849	-0.657406338
0.133400184	-0.661736616
0.133404519	-0.666066894
0.133408854	-0.670397172
0.133413189	-0.674727450
0.133417524	-0.679057728
0.133421859	-0.683388006
0.133426195	-0.687718284
0.134456502	-0.427896782
0.134460837	-0.432227060
0.134465172	-0.436557338
0.134469507	-0.440887616
0.134473842	-0.445217894
0.134478178	-0.449548172
0.134482513	-0.453878450
0.134486848	-0.458208729
0.134491183	-0.462539007
0.134495518	-0.466869285
0.134499853	-0.471199563
0.134504188	-0.475529841
0.134508523	-0.479860119
0.134512858	-0.484190397
0.134517193	-0.488520675
0.134521529	-0.492850953
0.134525864	-0.497181231
0.134530199	-0.501511509
0.134534534	-0.505841788
0.134538869	-0.510172066
0.134543204	-0.514502344
0.134547539	-0.518832622
0.134551874	-0.523162900
0.134556209	-0.527493178
0.134560544	-0.531823456
0.134564879	-0.536153734
0.134569215	-0.540484012
0.134573550	-0.544814290
0.134577885	-0.549144569
0.134582220	-0.553474847
0.134586555	-0.557805125
0.134590890	-0.562135403
0.134595225	-0.566465681
0.134599560	-0.570795959
0.134603895	-0.575126237
0.134608230	-0.579456515
0.134612566	-0.583786793
0.134616901	-0.588117071
0.134621236	-0.592447350
0.134625571	-0.596777628
0.134629906	-0.601107906
0.134634241	-0.605438184
0.134638576	-0.609768462
0.134642911	-0.614098740
0.134647246	-0.618429018
0.134651581	-0.622759296
0.134655916	-0.627089574
0.134660252	-0.631419852
0.134664587	-0.635750130
0.134668922	-0.640080409
0.134673257	-0.644410687
0.134677592	-0.648740965
0.134681927	-0.653071243
0.134686262	-0.657401521
0.134690597	-0.661731799
0.134694932	-0.666062077
0.134699267	-0.670392355
0.134703603	-0.674722633
0.134707938	-0.679052911
0.134712273	-0.683383190
0.134716608	-0.687713468
0.134720943	-0.692043746
0.135746915	-0.427891965
0.135751250	-0.432222243
0.135755586	-0.436552521
0.135759921	-0.440882799
0.135764256	-0.445213077
0.135768591	-0.449543356
0.135772926	-0.453873634
0.135777261	-0.458203912
0.135781596	-0.462534190
0.135785931	-0.466864468
0.135790266	-0.471194746
0.135794601	-0.475525024
0.135798936	-0.479855302
0.135803272	-0.484185580
0.135807607	-0.488515858
0.135811942	-0.492846137
0.135816277	-0.497176415
0.135820612	-0.501506693
0.135824947	-0.505836971
0.135829282	-0.510167249
0.135833617	-0.514497527
0.135837952	-0.518827805
0.135842287	-0.523158083
0.135846623	-0.527488361
0.135850958	-0.531818639
0.135855293	-0.536148917
0.135859628	-0.540479196
0.135863963	-0.544809474
0.135868298	-0.549139752
0.135872633	-0.553470030
0.135876968	-0.557800308
0.135881303	-0.562130586
0.135885638	-0.566460864
0.135889973	-0.570791142
0.135894309	-0.575121420
0.135898644	-0.579451698
0.135902979	-0.583781977
0.135907314	-0.588112255
0.135911649	-0.592442533
0.135915984	-0.596772811
0.135920319	-0.601103089
0.135924654	-0.605433367
0.135928989	-0.609763645
0.135933324	-0.614093923
0.135937660	-0.618424201
0.135941995	-0.622754479
0.135946330	-0.627084757
0.135950665	-0.631415036
0.135955000	-0.635745314
0.135959335	-0.640075592
0.135963670	-0.644405870
0.135968005	-0.648736148
0.135972340	-0.653066426
0.135976675	-0.657396704
0.135981010	-0.661726982
0.135985346	-0.666057260
0.135989681	-0.670387538
0.135994016	-0.674717817
0.135998351	-0.679048095
0.136002686	-0.683378373
0.136007021	-0.687708651
0.136011356	-0.692038929
0.136015691	-0.696369207
0.137041664	-0.432217426
0.137045999	-0.436547705
0.137050334	-0.440877983
0.137054669	-0.445208261
0.137059004	-0.449538539
0.137063339	-0.453868817
0.137067674	-0.458199095
0.137072009	-0.462529373
0.137076344	-0.466859651
0.137080680	-0.471189929
0.137085015	-0.475520207
0.137089350	-0.479850485
0.137093685	-0.484180764
0.137098020	-0.488511042
0.137102355	-0.492841320
0.137106690	-0.497171598
0.137111025	-0.501501876
0.137115360	-0.505832154
0.137119695	-0.510162432
0.137124030	-0.514492710
0.137128366	-0.518822988
0.137132701	-0.523153266
0.137137036	-0.527483545
0.137141371	-0.531813823
0.137145706	-0.536144101
0.137150041	-0.540474379
0.137154376	-0.544804657
0.137158711	-0.549134935
0.137163046	-0.553465213
0.137167381	-0.557795491
0.137171717	-0.562125769
0.137176052	-0.566456047
0.137180387	-0.570786325
0.137184722	-0.575116604
0.137189057	-0.579446882
0.137193392	-0.583777160
0.137197727	-0.588107438
0.137202062	-0.592437716
0.137206397	-0.596767994
0.137210732	-0.601098272
0.137215067	-0.605428550
0.137219403	-0.609758828
0.137223738	-0.614089106
0.137228073	-0.618419385
0.137232408	-0.622749663
0.137236743	-0.627079941
0.137241078	-0.631410219
0.137245413	-0.635740497
0.137249748	-0.640070775
0.137254083	-0.644401053
0.137258418	-0.648731331
0.137262754	-0.653061609
0.137267089	-0.657391887
0.137271424	-0.661722165
0.137275759	-0.666052444
0.137280094	-0.670382722
0.137284429	-0.674713000
0.137288764	-0.679043278
0.137293099	-0.683373556
0.137297434	-0.687703834
0.137301769	-0.692034112
0.137306104	-0.696364390
0.137310440	-0.700694668
0.138332077	-0.432212610
0.138336412	-0.436542888
0.138340747	-0.440873166
0.138345082	-0.445203444
0.138349417	-0.449533722
0.138353752	-0.453864000
0.138358087	-0.458194278
0.138362423	-0.462524556
0.138366758	-0.466854834
0.138371093	-0.471185113
0.138375428	-0.475515391
0.138379763	-0.479845669
0.138384098	-0.484175947
0.138388433	-0.488506225
0.138392768	-0.492836503
0.138397103	-0.497166781
0.138401438	-0.501497059
0.138405774	-0.505827337
0.138410109	-0.510157615
0.138414444	-0.514487893
0.138418779	-0.518818172
0.138423114	-0.523148450
0.138427449	-0.527478728
0.138431784	-0.531809006
0.138436119	-0.536139284
0.138440454	-0.540469562
0.138444789	-0.544799840
0.138449124	-0.549130118
0.138453460	-0.553460396
0.138457795	-0.557790674
0.138462130	-0.562120953
0.138466465	-0.566451231
0.138470800	-0.570781509
0.138475135	-0.575111787
0.138479470	-0.579442065
0.138483805	-0.583772343
0.138488140	-0.588102621
0.138492475	-0.592432899
0.138496811	-0.596763177
0.138501146	-0.601093455
0.138505481	-0.605423733
0.138509816	-0.609754012
0.138514151	-0.614084290
0.138518486	-0.618414568
0.138522821	-0.622744846
0.138527156	-0.627075124
0.138531491	-0.631405402
0.138535826	-0.635735680
0.138540161	-0.640065958
0.138544497	-0.644396236
0.138548832	-0.648726514
0.138553167	-0.653056793
0.138557502	-0.657387071
0.138561837	-0.661717349
0.138566172	-0.666047627
0.138570507	-0.670377905
0.138574842	-0.674708183
0.138579177	-0.679038461
0.138583512	-0.683368739
0.138587848	-0.687699017
0.138592183	-0.692029295
0.138596518	-0.696359573
0.138600853	-0.700689852
0.138605188	-0.705020130
0.139622490	-0.432207793
0.139626825	-0.436538071
0.139631160	-0.440868349
0.139635495	-0.445198627
0.139639831	-0.449528905
0.139644166	-0.453859183
0.139648501	-0.458189461
0.139652836	-0.462519740
0.139657171	-0.466850018
0.139661506	-0.471180296
0.139665841	-0.475510574
0.139670176	-0.479840852
0.139674511	-0.484171130
0.139678846	-0.488501408
0.139683181	-0.492831686
0.139687517	-0.497161964
0.139691852	-0.501492242
0.139696187	-0.505822520
0.139700522	-0.510152799
0.139704857	-0.514483077
0.139709192	-0.518813355
0.139713527	-0.523143633
0.139717862	-0.527473911
0.139722197	-0.531804189
0.139726532	-0.536134467
0.139730868	-0.540464745
0.139735203	-0.544795023
0.139739538	-0.549125301
0.139743873	-0.553455580
0.139748208	-0.557785858
0.139752543	-0.562116136
0.139756878	-0.566446414
0.139761213	-0.570776692
0.139765548	-0.575106970
0.139769883	-0.579437248
0.139774218	-0.583767526
0.139778554	-0.588097804
0.139782889	-0.592428082
0.139787224	-0.596758361
0.139791559	-0.601088639
0.139795894	-0.605418917
0.139800229	-0.609749195
0.139804564	-0.614079473
0.139808899	-0.618409751
0.139813234	-0.622740029
0.139817569	-0.627070307
0.139821905	-0.631400585
0.139826240	-0.635730863
0.139830575	-0.640061141
0.139834910	-0.644391420
0.139839245	-0.648721698
0.139843580	-0.653051976
0.139847915	-0.657382254
0.139852250	-0.661712532
0.139856585	-0.666042810
0.139860920	-0.670373088
0.139865255	-0.674703366
0.139869591	-0.679033644
0.139873926	-0.683363922
0.139878261	-0.687694201
0.139882596	-0.692024479
0.139886931	-0.696354757
0.139891266	-0.700685035
0.139895601	-0.705015313
0.140912903	-0.432202976
0.140917239	-0.436533254
0.140921574	-0.440863532
0.140925909	-0.445193810
0.140930244	-0.449524088
0.140934579	-0.453854367
0.140938914	-0.458184645
0.140943249	-0.462514923
0.140947584	-0.466845201
0.140951919	-0.471175479
0.140956254	-0.475505757
0.140960589	-0.479836035
0.140964925	-0.484166313
0.140969260	-0.488496591
0.140973595	-0.492826869
0.140977930	-0.497157148
0.140982265	-0.501487426
0.140986600	-0.505817704
0.140990935	-0.510147982
0.140995270	-0.514478260
0.140999605	-0.518808538
0.141003940	-0.523138816
0.141008275	-0.527469094
0.141012611	-0.531799372
0.141016946	-0.536129650
0.141021281	-0.540459928
0.141025616	-0.544790207
0.141029951	-0.549120485
0.141034286	-0.553450763
0.141038621	-0.557781041
0.141042956	-0.562111319
0.141047291	-0.566441597
0.141051626	-0.570771875
0.141055962	-0.575102153
0.141060297	-0.579432431
0.141064632	-0.583762709
0.141068967	-0.588092988
0.141073302	-0.592423266
0.141077637	-0.596753544
0.141081972	-0.601083822
0.141086307	-0.605414100
0.141090642	-0.609744378
0.141094977	-0.614074656
0.141099312	-0.618404934
0.141103648	-0.622735212
0.141107983	-0.627065490
0.141112318	-0.631395769
0.141116653	-0.635726047
0.141120988	-0.640056325
0.141125323	-0.644386603
0.141129658	-0.648716881
0.141133993	-0.653047159
0.141138328	-0.657377437
0.141142663	-0.661707715
0.141146999	-0.666037993
0.141151334	-0.670368271
0.141155669	-0.674698549
0.141160004	-0.679028828
0.141164339	-0.683359106
0.141168674	-0.687689384
0.141173009	-0.692019662
0.141177344	-0.696349940
0.141181679	-0.700680218
0.141186014	-0.705010496
0.141190349	-0.709340774
0.142207652	-0.436528437
0.142211987	-0.440858716
0.142216322	-0.445188994
0.142220657	-0.449519272
0.142224992	-0.453849550
0.142229327	-0.458179828
0.142233662	-0.462510106
0.142237997	-0.466840384
0.142242332	-0.471170662
0.142246668	-0.475500940
0.142251003	-0.479831218
0.142255338	-0.484161496
0.142259673	-0.488491775
0.142264008	-0.492822053
0.142268343	-0.497152331
0.142272678	-0.501482609
0.142277013	-0.505812887
0.142281348	-0.510143165
0.142285683	-0.514473443
0.142290019	-0.518803721
0.142294354	-0.523133999
0.142298689	-0.527464277
0.142303024	-0.531794556
0.142307359	-0.536124834
0.142311694	-0.540455112
0.142316029	-0.544785390
0.142320364	-0.549115668
0.142324699	-0.553445946
0.142329034	-0.557776224
0.142333369	-0.562106502
0.142337705	-0.566436780
0.142342040	-0.570767058
0.142346375	-0.575097336
0.142350710	-0.579427615
0.142355045	-0.583757893
0.142359380	-0.588088171
0.142363715	-0.592418449
0.142368050	-0.596748727
0.142372385	-0.601079005
0.142376720	-0.605409283
0.142381056	-0.609739561
0.142385391	-0.614069839
0.142389726	-0.618400117
0.142394061	-0.622730396
0.142398396	-0.627060674
0.142402731	-0.631390952
0.142407066	-0.635721230
0.142411401	-0.640051508
0.142415736	-0.644381786
0.142420071	-0.648712064
0.142424406	-0.653042342
0.142428742	-0.657372620
0.142433077	-0.661702898
0.142437412	-0.666033176
0.142441747	-0.670363455
0.142446082	-0.674693733
0.142450417	-0.679024011
0.142454752	-0.683354289
0.142459087	-0.687684567
0.142463422	-0.692014845
0.142467757	-0.696345123
0.142472093	-0.700675401
0.142476428	-0.705005679
0.142480763	-0.709335957
0.142485098	-0.713666236
0.143498065	-0.436523621
0.143502400	-0.440853899
0.143506735	-0.445184177
0.143511070	-0.449514455
0.143515405	-0.453844733
0.143519740	-0.458175011
0.143524076	-0.462505289
0.143528411	-0.466835567
0.143532746	-0.471165845
0.143537081	-0.475496124
0.143541416	-0.479826402
0.143545751	-0.484156680
0.143550086	-0.488486958
0.143554421	-0.492817236
0.143558756	-0.497147514
0.143563091	-0.501477792
0.143567426	-0.505808070
0.143571762	-0.510138348
0.143576097	-0.514468626
0.143580432	-0.518798904
0.143584767	-0.523129183
0.143589102	-0.527459461
0.143593437	-0.531789739
0.143597772	-0.536120017
0.143602107	-0.540450295
0.143606442	-0.544780573
0.143610777	-0.549110851
0.143615113	-0.553441129
0.143619448	-0.557771407
0.143623783	-0.562101685
0.143628118	-0.566431964
0.143632453	-0.570762242
0.143636788	-0.575092520
0.143641123	-0.579422798
0.143645458	-0.583753076
0.143649793	-0.588083354
0.143654128	-0.592413632
0.143658463	-0.596743910
0.143662799	-0.601074188
0.143667134	-0.605404466
0.143671469	-0.609734744
0.143675804	-0.614065023
0.143680139	-0.618395301
0.143684474	-0.622725579
0.143688809	-0.627055857
0.143693144	-0.631386135
0.143697479	-0.635716413
0.143701814	-0.640046691
0.143706150	-0.644376969
0.143710485	-0.648707247
0.143714820	-0.653037525
0.143719155	-0.657367804
0.143723490	-0.661698082
0.143727825	-0.666028360
0.143732160	-0.670358638
0.143736495	-0.674688916
0.143740830	-0.679019194
0.143745165	-0.683349472
0.143749500	-0.687679750
0.143753836	-0.692010028
0.143758171	-0.696340306
0.143762506	-0.700670584
0.143766841	-0.705000863
0.143771176	-0.709331141
0.143775511	-0.713661419
0.143779846	-0.717991697
0.144788478	-0.436518804
0.144792813	-0.440849082
0.144797148	-0.445179360
0.144801484	-0.449509638
0.144805819	-0.453839916
0.144810154	-0.458170194
0.144814489	-0.462500472
0.144818824	-0.466830751
0.144823159	-0.471161029
0.144827494	-0.475491307
0.144831829	-0.479821585
0.144836164	-0.484151863
0.144840499	-0.488482141
0.144844834	-0.492812419
0.144849170	-0.497142697
0.144853505	-0.501472975
0.144857840	-0.505803253
0.144862175	-0.510133532
0.144866510	-0.514463810
0.144870845	-0.518794088
0.144875180	-0.523124366
0.144879515	-0.527454644
0.144883850	-0.531784922
0.144888185	-0.536115200
0.144892520	-0.540445478
0.144896856	-0.544775756
0.144901191	-0.549106034
0.144905526	-0.553436312
0.144909861	-0.557766591
0.144914196	-0.562096869
0.144918531	-0.566427147
0.144922866	-0.570757425
0.144927201	-0.575087703
0.144931536	-0.579417981
0.144935871	-0.583748259
0.144940207	-0.588078537
0.144944542	-0.592408815
0.144948877	-0.596739093
0.144953212	-0.601069372
0.144957547	-0.605399650
0.144961882	-0.609729928
0.144966217	-0.614060206
0.144970552	-0.618390484
0.144974887	-0.622720762
0.144979222	-0.627051040
0.144983557	-0.631381318
0.144987893	-0.635711596
0.144992228	-0.640041874
0.144996563	-0.644372152
0.145000898	-0.648702431
0.145005233	-0.653032709
0.145009568	-0.657362987
0.145013903	-0.661693265
0.145018238	-0.666023543
0.145022573	-0.670353821
0.145026908	-0.674684099
0.145031244	-0.679014377
0.145035579	-0.683344655
0.145039914	-0.687674933
0.145044249	-0.692005212
0.145048584	-0.696335490
0.145052919	-0.700665768
0.145057254	-0.704996046
0.145061589	-0.709326324
0.145065924	-0.713656602
0.145070259	-0.717986880
0.145074594	-0.722317158
0.146083227	-0.440844265
0.146087562	-0.445174543
0.146091897	-0.449504821
0.146096232	-0.453835099
0.146100567	-0.458165378
0.146104902	-0.462495656
0.146109237	-0.466825934
0.146113572	-0.471156212
0.146117907	-0.475486490
0.146122242	-0.479816768
0.146126577	-0.484147046
0.146130913	-0.488477324
0.146135248	-0.492807602
0.146139583	-0.497137880
0.146143918	-0.501468159
0.146148253	-0.505798437
0.146152588	-0.510128715
0.146156923	-0.514458993
0.146161258	-0.518789271
0.146165593	-0.523119549
0.146169928	-0.527449827
0.146174264	-0.531780105
0.146178599	-0.536110383
0.146182934	-0.540440661
0.146187269	-0.544770939
0.146191604	-0.549101218
0.146195939	-0.553431496
0.146200274	-0.557761774
0.146204609	-0.562092052
0.146208944	-0.566422330
0.146213279	-0.570752608
0.146217614	-0.575082886
0.146221950	-0.579413164
0.146226285	-0.583743442
0.146230620	-0.588073720
0.146234955	-0.592403999
0.146239290	-0.596734277
0.146243625	-0.601064555
0.146247960	-0.605394833
0.146252295	-0.609725111
0.146256630	-0.614055389
0.146260965	-0.618385667
0.146265301	-0.622715945
0.146269636	-0.627046223
0.146273971	-0.631376501
0.146278306	-0.635706780
0.146282641	-0.640037058
0.146286976	-0.644367336
0.146291311	-0.648697614
0.146295646	-0.653027892
0.146299981	-0.657358170
0.146304316	-0.661688448
0.146308651	-0.666018726
0.146312987	-0.670349004
0.146317322	-0.674679282
0.146321657	-0.679009560
0.146325992	-0.683339839
0.146330327	-0.687670117
0.146334662	-0.692000395
0.146338997	-0.696330673
0.146343332	-0.700660951
0.146347667	-0.704991229
0.146352002	-0.709321507
0.146356338	-0.713651785
0.146360673	-0.717982063
0.146365008	-0.722312341
0.147373640	-0.440839448
0.147377975	-0.445169727
0.147382310	-0.449500005
0.147386645	-0.453830283
0.147390980	-0.458160561
0.147395315	-0.462490839
0.147399650	-0.466821117
0.147403985	-0.471151395
0.147408321	-0.475481673
0.147412656	-0.479811951
0.147416991	-0.484142229
0.147421326	-0.488472507
0.147425661	-0.492802786
0.147429996	-0.497133064
0.147434331	-0.501463342
0.147438666	-0.505793620
0.147443001	-0.510123898
0.147447336	-0.514454176
0.147451671	-0.518784454
0.147456007	-0.523114732
0.147460342	-0.527445010
0.147464677	-0.531775288
0.147469012	-0.536105567
0.147473347	-0.540435845
0.147477682	-0.544766123
0.147482017	-0.549096401
0.147486352	-0.553426679
0.147490687	-0.557756957
0.147495022	-0.562087235
0.147499358	-0.566417513
0.147503693	-0.570747791
0.147508028	-0.575078069
0.147512363	-0.579408347
0.147516698	-0.583738626
0.147521033	-0.588068904
0.147525368	-0.592399182
0.147529703	-0.596729460
0.147534038	-0.601059738
0.147538373	-0.605390016
0.147542708	-0.609720294
0.147547044	-0.614050572
0.147551379	-0.618380850
0.147555714	-0.622711128
0.147560049	-0.627041407
0.147564384	-0.631371685
0.147568719	-0.635701963
0.147573054	-0.640032241
0.147577389	-0.644362519
0.147581724	-0.648692797
0.147586059	-0.653023075
0.147590395	-0.657353353
0.147594730	-0.661683631
0.147599065	-0.666013909
0.147603400	-0.670344188
0.147607735	-0.674674466
0.147612070	-0.679004744
0.147616405	-0.683335022
0.147620740	-0.687665300
0.147625075	-0.691995578
0.147629410	-0.696325856
0.147633745	-0.700656134
0.147638081	-0.704986412
0.147642416	-0.709316690
0.147646751	-0.713646968
0.147651086	-0.717977247
0.147655421	-0.722307525
0.147659756	-0.726637803
0.148664053	-0.440834632
0.148668388	-0.445164910
0.148672723	-0.449495188
0.148677058	-0.453825466
0.148681393	-0.458155744
0.148685729	-0.462486022
0.148690064	-0.466816300
0.148694399	-0.471146578
0.148698734	-0.475476856
0.148703069	-0.479807135
0.148707404	-0.484137413
0.148711739	-0.488467691
0.148716074	-0.492797969
0.148720409	-0.497128247
0.148724744	-0.501458525
0.148729079	-0.505788803
0.148733415	-0.510119081
0.148737750	-0.514449359
0.148742085	-0.518779637
0.148746420	-0.523109915
0.148750755	-0.527440194
0.148755090	-0.531770472
0.148759425	-0.536100750
0.148763760	-0.540431028
0.148768095	-0.544761306
0.148772430	-0.549091584
0.148776765	-0.553421862
0.148781101	-0.557752140
0.148785436	-0.562082418
0.148789771	-0.566412696
0.148794106	-0.570742975
0.148798441	-0.575073253
0.148802776	-0.579403531
0.148807111	-0.583733809
0.148811446	-0.588064087
0.148815781	-0.592394365
0.148820116	-0.596724643
0.148824452	-0.601054921
0.148828787	-0.605385199
0.148833122	-0.609715477
0.148837457	-0.614045755
0.148841792	-0.618376034
0.148846127	-0.622706312
0.148850462	-0.627036590
0.148854797	-0.631366868
0.148859132	-0.635697146
0.148863467	-0.640027424
0.148867802	-0.644357702
0.148872138	-0.648687980
0.148876473	-0.653018258
0.148880808	-0.657348536
0.148885143	-0.661678815
0.148889478	-0.666009093
0.148893813	-0.670339371
0.148898148	-0.674669649
0.148902483	-0.678999927
0.148906818	-0.683330205
0.148911153	-0.687660483
0.148915489	-0.691990761
0.148919824	-0.696321039
0.148924159	-0.700651317
0.148928494	-0.704981595
0.148932829	-0.709311874
0.148937164	-0.713642152
0.148941499	-0.717972430
0.148945834	-0.722302708
0.148950169	-0.726632986
0.148954504	-0.730963264
0.149958801	-0.445160093
0.149963136	-0.449490371
0.149967472	-0.453820649
0.149971807	-0.458150927
0.149976142	-0.462481205
0.149980477	-0.466811483
0.149984812	-0.471141762
0.149989147	-0.475472040
0.149993482	-0.479802318
0.149997817	-0.484132596
0.150002152	-0.488462874
0.150006487	-0.492793152
0.150010823	-0.497123430
0.150015158	-0.501453708
0.150019493	-0.505783986
0.150023828	-0.510114264
0.150028163	-0.514444543
0.150032498	-0.518774821
0.150036833	-0.523105099
0.150041168	-0.527435377
0.150045503	-0.531765655
0.150049838	-0.536095933
0.150054173	-0.540426211
0.150058509	-0.544756489
0.150062844	-0.549086767
0.150067179	-0.553417045
0.150071514	-0.557747323
0.150075849	-0.562077602
0.150080184	-0.566407880
0.150084519	-0.570738158
0.150088854	-0.575068436
0.150093189	-0.579398714
0.150097524	-0.583728992
0.150101859	-0.588059270
0.150106195	-0.592389548
0.150110530	-0.596719826
0.150114865	-0.601050104
0.150119200	-0.605380383
0.150123535	-0.609710661
0.150127870	-0.614040939
0.150132205	-0.618371217
0.150136540	-0.622701495
0.150140875	-0.627031773
0.150145210	-0.631362051
0.150149546	-0.635692329
0.150153881	-0.640022607
0.150158216	-0.644352885
0.150162551	-0.648683163
0.150166886	-0.653013442
0.150171221	-0.657343720
0.150175556	-0.661673998
0.150179891	-0.666004276
0.150184226	-0.670334554
0.150188561	-0.674664832
0.150192896	-0.678995110
0.150197232	-0.683325388
0.150201567	-0.687655666
0.150205902	-0.691985944
0.150210237	-0.696316223
0.150214572	-0.700646501
0.150218907	-0.704976779
0.150223242	-0.709307057
0.150227577	-0.713637335
0.150231912	-0.717967613
0.150236247	-0.722297891
0.150240583	-0.726628169
0.150244918	-0.730958447
0.150249253	-0.735288725
0.151249215	-0.445155276
0.151253550	-0.449485554
0.151257885	-0.453815832
0.151262220	-0.458146110
0.151266555	-0.462476389
0.151270890	-0.466806667
0.151275225	-0.471136945
0.151279560	-0.475467223
0.151283895	-0.479797501
0.151288230	-0.484127779
0.151292566	-0.488458057
0.151296901	-0.492788335
0.151301236	-0.497118613
0.151305571	-0.501448891
0.151309906	-0.505779170
0.151314241	-0.510109448
0.151318576	-0.514439726
0.151322911	-0.518770004
0.151327246	-0.523100282
0.151331581	-0.527430560
0.151335916	-0.531760838
0.151340252	-0.536091116
0.151344587	-0.540421394
0.151348922	-0.544751672
0.151353257	-0.549081951
0.151357592	-0.553412229
0.151361927	-0.557742507
0.151366262	-0.562072785
0.151370597	-0.566403063
0.151374932	-0.570733341
0.151379267	-0.575063619
0.151383603	-0.579393897
0.151387938	-0.583724175
0.151392273	-0.588054453
0.151396608	-0.592384731
0.151400943	-0.596715010
0.151405278	-0.601045288
0.151409613	-0.605375566
0.151413948	-0.609705844
0.151418283	-0.614036122
0.151422618	-0.618366400
0.151426953	-0.622696678
0.151431289	-0.627026956
0.151435624	-0.631357234
0.151439959	-0.635687512
0.151444294	-0.640017791
0.151448629	-0.644348069
0.151452964	-0.648678347
0.151457299	-0.653008625
0.151461634	-0.657338903
0.151465969	-0.661669181
0.151470304	-0.665999459
0.151474640	-0.670329737
0.151478975	-0.674660015
0.151483310	-0.678990293
0.151487645	-0.683320571
0.151491980	-0.687650850
0.151496315	-0.691981128
0.151500650	-0.696311406
0.151504985	-0.700641684
0.151509320	-0.704971962
0.151513655	-0.709302240
0.151517990	-0.713632518
0.151522326	-0.717962796
0.151526661	-0.722293074
0.151530996	-0.726623352
0.151535331	-0.730953631
0.151539666	-0.735283909
0.151544001	-0.739614187
0.152539628	-0.445150459
0.152543963	-0.449480738
0.152548298	-0.453811016
0.152552633	-0.458141294
0.152556968	-0.462471572
0.152561303	-0.466801850
0.152565638	-0.471132128
0.152569974	-0.475462406
0.152574309	-0.479792684
0.152578644	-0.484122962
0.152582979	-0.488453240
0.152587314	-0.492783518
0.152591649	-0.497113797
0.152595984	-0.501444075
0.152600319	-0.505774353
0.152604654	-0.510104631
0.152608989	-0.514434909
0.152613324	-0.518765187
0.152617660	-0.523095465
0.152621995	-0.527425743
0.152626330	-0.531756021
0.152630665	-0.536086299
0.152635000	-0.540416578
0.152639335	-0.544746856
0.152643670	-0.549077134
0.152648005	-0.553407412
0.152652340	-0.557737690
0.152656675	-0.562067968
0.152661010	-0.566398246
0.152665346	-0.570728524
0.152669681	-0.575058802
0.152674016	-0.579389080
0.152678351	-0.583719359
0.152682686	-0.588049637
0.152687021	-0.592379915
0.152691356	-0.596710193
0.152695691	-0.601040471
0.152700026	-0.605370749
0.152704361	-0.609701027
0.152708697	-0.614031305
0.152713032	-0.618361583
0.152717367	-0.622691861
0.152721702	-0.627022139
0.152726037	-0.631352418
0.152730372	-0.635682696
0.152734707	-0.640012974
0.152739042	-0.644343252
0.152743377	-0.648673530
0.152747712	-0.653003808
0.152752047	-0.657334086
0.152756383	-0.661664364
0.152760718	-0.665994642
0.152765053	-0.670324920
0.152769388	-0.674655199
0.152773723	-0.678985477
0.152778058	-0.683315755
0.152782393	-0.687646033
0.152786728	-0.691976311
0.152791063	-0.696306589
0.152795398	-0.700636867
0.152799734	-0.704967145
0.152804069	-0.709297423
0.152808404	-0.713627701
0.152812739	-0.717957979
0.152817074	-0.722288258
0.152821409	-0.726618536
0.152825744	-0.730948814
0.152830079	-0.735279092
0.152834414	-0.739609370
0.152838749	-0.743939648
0.153830041	-0.445145643
0.153834376	-0.449475921
0.153838711	-0.453806199
0.153843046	-0.458136477
0.153847381	-0.462466755
0.153851717	-0.466797033
0.153856052	-0.471127311
0.153860387	-0.475457589
0.153864722	-0.479787867
0.153869057	-0.484118146
0.153873392	-0.488448424
0.153877727	-0.492778702
0.153882062	-0.497108980
0.153886397	-0.501439258
0.153890732	-0.505769536
0.153895068	-0.510099814
0.153899403	-0.514430092
0.153903738	-0.518760370
0.153908073	-0.523090648
0.153912408	-0.527420926
0.153916743	-0.531751205
0.153921078	-0.536081483
0.153925413	-0.540411761
0.153929748	-0.544742039
0.153934083	-0.549072317
0.153938418	-0.553402595
0.153942754	-0.557732873
0.153947089	-0.562063151
0.153951424	-0.566393429
0.153955759	-0.570723707
0.153960094	-0.575053986
0.153964429	-0.579384264
0.153968764	-0.583714542
0.153973099	-0.588044820
0.153977434	-0.592375098
0.153981769	-0.596705376
0.153986104	-0.601035654
0.153990440	-0.605365932
0.153994775	-0.609696210
0.153999110	-0.614026488
0.154003445	-0.618356766
0.154007780	-0.622687045
0.154012115	-0.627017323
0.154016450	-0.631347601
0.154020785	-0.635677879
0.154025120	-0.640008157
0.154029455	-0.644338435
0.154033791	-0.648668713
0.154038126	-0.652998991
0.154042461	-0.657329269
0.154046796	-0.661659547
0.154051131	-0.665989826
0.154055466	-0.670320104
0.154059801	-0.674650382
0.154064136	-0.678980660
0.154068471	-0.683310938
0.154072806	-0.687641216
0.154077141	-0.691971494
0.154081477	-0.696301772
0.154085812	-0.700632050
0.154090147	-0.704962328
0.154094482	-0.709292607
0.154098817	-0.713622885
0.154103152	-0.717953163
0.154107487	-0.722283441
0.154111822	-0.726613719
0.154116157	-0.730943997
0.154120492	-0.735274275
0.154124828	-0.739604553
0.154129163	-0.743934831
0.154133498	-0.748265109
0.155124789	-0.449471104
0.155129125	-0.453801382
0.155133460	-0.458131660
0.155137795	-0.462461938
0.155142130	-0.466792216
0.155146465	-0.471122494
0.155150800	-0.475452773
0.155155135	-0.479783051
0.155159470	-0.484113329
0.155163805	-0.488443607
0.155168140	-0.492773885
0.155172475	-0.497104163
0.155176811	-0.501434441
0.155181146	-0.505764719
0.155185481	-0.510094997
0.155189816	-0.514425275
0.155194151	-0.518755554
0.155198486	-0.523085832
0.155202821	-0.527416110
0.155207156	-0.531746388
0.155211491	-0.536076666
0.155215826	-0.540406944
0.155220162	-0.544737222
0.155224497	-0.549067500
0.155228832	-0.553397778
0.155233167	-0.557728056
0.155237502	-0.562058334
0.155241837	-0.566388613
0.155246172	-0.570718891
0.155250507	-0.575049169
0.155254842	-0.579379447
0.155259177	-0.583709725
0.155263512	-0.588040003
0.155267848	-0.592370281
0.155272183	-0.596700559
0.155276518	-0.601030837
0.155280853	-0.605361115
0.155285188	-0.609691394
0.155289523	-0.614021672
0.155293858	-0.618351950
0.155298193	-0.622682228
0.155302528	-0.627012506
0.155306863	-0.631342784
0.155311198	-0.635673062
0.155315534	-0.640003340
0.155319869	-0.644333618
0.155324204	-0.648663896
0.155328539	-0.652994174
0.155332874	-0.657324453
0.155337209	-0.661654731
0.155341544	-0.665985009
0.155345879	-0.670315287
0.155350214	-0.674645565
0.155354549	-0.678975843
0.155358885	-0.683306121
0.155363220	-0.687636399
0.155367555	-0.691966677
0.155371890	-0.696296955
0.155376225	-0.700627234
0.155380560	-0.704957512
0.155384895	-0.709287790
0.155389230	-0.713618068
0.155393565	-0.717948346
0.155397900	-0.722278624
0.155402235	-0.726608902
0.155406571	-0.730939180
0.155410906	-0.735269458
0.155415241	-0.739599736
0.155419576	-0.743930014
0.155423911	-0.748260293
0.155428246	-0.752590571
0.156415203	-0.449466287
0.156419538	-0.453796565
0.156423873	-0.458126843
0.156428208	-0.462457122
0.156432543	-0.466787400
0.156436878	-0.471117678
0.156441213	-0.475447956
0.156445548	-0.479778234
0.156449883	-0.484108512
0.156454219	-0.488438790
0.156458554	-0.492769068
0.156462889	-0.497099346
0.156467224	-0.501429624
0.156471559	-0.505759902
0.156475894	-0.510090181
0.156480229	-0.514420459
0.156484564	-0.518750737
0.156488899	-0.523081015
0.156493234	-0.527411293
0.156497569	-0.531741571
0.156501905	-0.536071849
0.156506240	-0.540402127
0.156510575	-0.544732405
0.156514910	-0.549062683
0.156519245	-0.553392962
0.156523580	-0.557723240
0.156527915	-0.562053518
0.156532250	-0.566383796
0.156536585	-0.570714074
0.156540920	-0.575044352
0.156545255	-0.579374630
0.156549591	-0.583704908
0.156553926	-0.588035186
0.156558261	-0.592365464
0.156562596	-0.596695742
0.156566931	-0.601026021
0.156571266	-0.605356299
0.156575601	-0.609686577
0.156579936	-0.614016855
0.156584271	-0.618347133
0.156588606	-0.622677411
0.156592942	-0.627007689
0.156597277	-0.631337967
0.156601612	-0.635668245
0.156605947	-0.639998523
0.156610282	-0.644328802
0.156614617	-0.648659080
0.156618952	-0.652989358
0.156623287	-0.657319636
0.156627622	-0.661649914
0.156631957	-0.665980192
0.156636292	-0.670310470
0.156640628	-0.674640748
0.156644963	-0.678971026
0.156649298	-0.683301304
0.156653633	-0.687631582
0.156657968	-0.691961861
0.156662303	-0.696292139
0.156666638	-0.700622417
0.156670973	-0.704952695
0.156675308	-0.709282973
0.156679643	-0.713613251
0.156683979	-0.717943529
0.156688314	-0.722273807
0.156692649	-0.726604085
0.156696984	-0.730934363
0.156701319	-0.735264642
0.156705654	-0.739594920
0.156709989	-0.743925198
0.156714324	-0.748255476
0.156718659	-0.752585754
0.156722994	-0.756916032
0.157705616	-0.449461470
0.157709951	-0.453791749
0.157714286	-0.458122027
0.157718621	-0.462452305
0.157722956	-0.466782583
0.157727291	-0.471112861
0.157731626	-0.475443139
0.157735962	-0.479773417
0.157740297	-0.484103695
0.157744632	-0.488433973
0.157748967	-0.492764251
0.157753302	-0.497094529
0.157757637	-0.501424808
0.157761972	-0.505755086
0.157766307	-0.510085364
0.157770642	-0.514415642
0.157774977	-0.518745920
0.157779313	-0.523076198
0.157783648	-0.527406476
0.157787983	-0.531736754
0.157792318	-0.536067032
0.157796653	-0.540397310
0.157800988	-0.544727589
0.157805323	-0.549057867
0.157809658	-0.553388145
0.157813993	-0.557718423
0.157818328	-0.562048701
0.157822663	-0.566378979
0.157826999	-0.570709257
0.157831334	-0.575039535
0.157835669	-0.579369813
0.157840004	-0.583700091
0.157844339	-0.588030370
0.157848674	-0.592360648
0.157853009	-0.596690926
0.157857344	-0.601021204
0.157861679	-0.605351482
0.157866014	-0.609681760
0.157870349	-0.614012038
0.157874685	-0.618342316
0.157879020	-0.622672594
0.157883355	-0.627002872
0.157887690	-0.631333150
0.157892025	-0.635663429
0.157896360	-0.639993707
0.157900695	-0.644323985
0.157905030	-0.648654263
0.157909365	-0.652984541
0.157913700	-0.657314819
0.157918036	-0.661645097
0.157922371	-0.665975375
0.157926706	-0.670305653
0.157931041	-0.674635931
0.157935376	-0.678966210
0.157939711	-0.683296488
0.157944046	-0.687626766
0.157948381	-0.691957044
0.157952716	-0.696287322
0.157957051	-0.700617600
0.157961386	-0.704947878
0.157965722	-0.709278156
0.157970057	-0.713608434
0.157974392	-0.717938712
0.157978727	-0.722268990
0.157983062	-0.726599269
0.157987397	-0.730929547
0.157991732	-0.735259825
0.157996067	-0.739590103
0.158000402	-0.743920381
0.158004737	-0.748250659
0.158009073	-0.752580937
0.158013408	-0.756911215
0.158017743	-0.761241493
0.159000364	-0.453786932
0.159004699	-0.458117210
0.159009034	-0.462447488
0.159013370	-0.466777766
0.159017705	-0.471108044
0.159022040	-0.475438322
0.159026375	-0.479768600
0.159030710	-0.484098878
0.159035045	-0.488429157
0.159039380	-0.492759435
0.159043715	-0.497089713
0.159048050	-0.501419991
0.159052385	-0.505750269
0.159056720	-0.510080547
0.159061056	-0.514410825
0.159065391	-0.518741103
0.159069726	-0.523071381
0.159074061	-0.527401659
0.159078396	-0.531731937
0.159082731	-0.536062216
0.159087066	-0.540392494
0.159091401	-0.544722772
0.159095736	-0.549053050
0.159100071	-0.553383328
0.159104407	-0.557713606
0.159108742	-0.562043884
0.159113077	-0.566374162
0.159117412	-0.570704440
0.159121747	-0.575034718
0.159126082	-0.579364997
0.159130417	-0.583695275
0.159134752	-0.588025553
0.159139087	-0.592355831
0.159143422	-0.596686109
0.159147757	-0.601016387
0.159152093	-0.605346665
0.159156428	-0.609676943
0.159160763	-0.614007221
0.159165098	-0.618337499
0.159169433	-0.622667778
0.159173768	-0.626998056
0.159178103	-0.631328334
0.159182438	-0.635658612
0.159186773	-0.639988890
0.159191108	-0.644319168
0.159195443	-0.648649446
0.159199779	-0.652979724
0.159204114	-0.657310002
0.159208449	-0.661640280
0.159212784	-0.665970558
0.159217119	-0.670300837
0.159221454	-0.674631115
0.159225789	-0.678961393
0.159230124	-0.683291671
0.159234459	-0.687621949
0.159238794	-0.691952227
0.159243130	-0.696282505
0.159247465	-0.700612783
0.159251800	-0.704943061
0.159256135	-0.709273339
0.159260470	-0.713603618
0.159264805	-0.717933896
0.159269140	-0.722264174
0.159273475	-0.726594452
0.159277810	-0.730924730
0.159282145	-0.735255008
0.159286480	-0.739585286
0.159290816	-0.743915564
0.159295151	-0.748245842
0.159299486	-0.752576120
0.159303821	-0.756906398
0.159308156	-0.761236677
0.160290777	-0.453782115
0.160295113	-0.458112393
0.160299448	-0.462442671
0.160303783	-0.466772949
0.160308118	-0.471103227
0.160312453	-0.475433505
0.160316788	-0.479763784
0.160321123	-0.484094062
0.160325458	-0.488424340
0.160329793	-0.492754618
0.160334128	-0.497084896
0.160338464	-0.501415174
0.160342799	-0.505745452
0.160347134	-0.510075730
0.160351469	-0.514406008
0.160355804	-0.518736286
0.160360139	-0.523066565
0.160364474	-0.527396843
0.160368809	-0.531727121
0.160373144	-0.536057399
0.160377479	-0.540387677
0.160381814	-0.544717955
0.160386150	-0.549048233
0.160390485	-0.553378511
0.160394820	-0.557708789
0.160399155	-0.562039067
0.160403490	-0.566369345
0.160407825	-0.570699624
0.160412160	-0.575029902
0.160416495	-0.579360180
0.160420830	-0.583690458
0.160425165	-0.588020736
0.160429500	-0.592351014
0.160433836	-0.596681292
0.160438171	-0.601011570
0.160442506	-0.605341848
0.160446841	-0.609672126
0.160451176	-0.614002405
0.160455511	-0.618332683
0.160459846	-0.622662961
0.160464181	-0.626993239
0.160468516	-0.631323517
0.160472851	-0.635653795
0.160477187	-0.639984073
0.160481522	-0.644314351
0.160485857	-0.648644629
0.160490192	-0.652974907
0.160494527	-0.657305185
0.160498862	-0.661635464
0.160503197	-0.665965742
0.160507532	-0.670296020
0.160511867	-0.674626298
0.160516202	-0.678956576
0.160520537	-0.683286854
0.160524873	-0.687617132
0.160529208	-0.691947410
0.160533543	-0.696277688
0.160537878	-0.700607966
0.160542213	-0.704938245
0.160546548	-0.709268523
0.160550883	-0.713598801
0.160555218	-0.717929079
0.160559553	-0.722259357
0.160563888	-0.726589635
0.160568224	-0.730919913
0.160572559	-0.735250191
0.160576894	-0.739580469
0.160581229	-0.743910747
0.160585564	-0.748241026
0.160589899	-0.752571304
0.160594234	-0.756901582
0.160598569	-0.761231860
0.160602904	-0.765562138
0.161585526	-0.458107576
0.161589861	-0.462437854
0.161594196	-0.466768133
0.161598531	-0.471098411
0.161602866	-0.475428689
0.161607201	-0.479758967
0.161611536	-0.484089245
0.161615871	-0.488419523
0.161620207	-0.492749801
0.161624542	-0.497080079
0.161628877	-0.501410357
0.161633212	-0.505740635
0.161637547	-0.510070913
0.161641882	-0.514401192
0.161646217	-0.518731470
0.161650552	-0.523061748
0.161654887	-0.527392026
0.161659222	-0.531722304
0.161663558	-0.536052582
0.161667893	-0.540382860
0.161672228	-0.544713138
0.161676563	-0.549043416
0.161680898	-0.553373694
0.161685233	-0.557703973
0.161689568	-0.562034251
0.161693903	-0.566364529
0.161698238	-0.570694807
0.161702573	-0.575025085
0.161706908	-0.579355363
0.161711244	-0.583685641
0.161715579	-0.588015919
0.161719914	-0.592346197
0.161724249	-0.596676475
0.161728584	-0.601006753
0.161732919	-0.605337032
0.161737254	-0.609667310
0.161741589	-0.613997588
0.161745924	-0.618327866
0.161750259	-0.622658144
0.161754594	-0.626988422
0.161758930	-0.631318700
0.161763265	-0.635648978
0.161767600	-0.639979256
0.161771935	-0.644309534
0.161776270	-0.648639813
0.161780605	-0.652970091
0.161784940	-0.657300369
0.161789275	-0.661630647
0.161793610	-0.665960925
0.161797945	-0.670291203
0.161802281	-0.674621481
0.161806616	-0.678951759
0.161810951	-0.683282037
0.161815286	-0.687612315
0.161819621	-0.691942593
0.161823956	-0.696272872
0.161828291	-0.700603150
0.161832626	-0.704933428
0.161836961	-0.709263706
0.161841296	-0.713593984
0.161845631	-0.717924262
0.161849967	-0.722254540
0.161854302	-0.726584818
0.161858637	-0.730915096
0.161862972	-0.735245374
0.161867307	-0.739575653
0.161871642	-0.743905931
0.161875977	-0.748236209
0.161880312	-0.752566487
0.161884647	-0.756896765
0.161888982	-0.761227043
0.161893318	-0.765557321
0.161897653	-0.769887599
0.162875939	-0.458102760
0.162880274	-0.462433038
0.162884609	-0.466763316
0.162888944	-0.471093594
0.162893279	-0.475423872
0.162897615	-0.479754150
0.162901950	-0.484084428
0.162906285	-0.488414706
0.162910620	-0.492744984
0.162914955	-0.497075262
0.162919290	-0.501405541
0.162923625	-0.505735819
0.162927960	-0.510066097
0.162932295	-0.514396375
0.162936630	-0.518726653
0.162940965	-0.523056931
0.162945301	-0.527387209
0.162949636	-0.531717487
0.162953971	-0.536047765
0.162958306	-0.540378043
0.162962641	-0.544708321
0.162966976	-0.549038600
0.162971311	-0.553368878
0.162975646	-0.557699156
0.162979981	-0.562029434
0.162984316	-0.566359712
0.162988652	-0.570689990
0.162992987	-0.575020268
0.162997322	-0.579350546
0.163001657	-0.583680824
0.163005992	-0.588011102
0.163010327	-0.592341381
0.163014662	-0.596671659
0.163018997	-0.601001937
0.163023332	-0.605332215
0.163027667	-0.609662493
0.163032002	-0.613992771
0.163036338	-0.618323049
0.163040673	-0.622653327
0.163045008	-0.626983605
0.163049343	-0.631313883
0.163053678	-0.635644161
0.163058013	-0.639974440
0.163062348	-0.644304718
0.163066683	-0.648634996
0.163071018	-0.652965274
0.163075353	-0.657295552
0.163079688	-0.661625830
0.163084024	-0.665956108
0.163088359	-0.670286386
0.163092694	-0.674616664
0.163097029	-0.678946942
0.163101364	-0.683277221
0.163105699	-0.687607499
0.163110034	-0.691937777
0.163114369	-0.696268055
0.163118704	-0.700598333
0.163123039	-0.704928611
0.163127375	-0.709258889
0.163131710	-0.713589167
0.163136045	-0.717919445
0.163140380	-0.722249723
0.163144715	-0.726580001
0.163149050	-0.730910280
0.163153385	-0.735240558
0.163157720	-0.739570836
0.163162055	-0.743901114
0.163166390	-0.748231392
0.163170725	-0.752561670
0.163175061	-0.756891948
0.163179396	-0.761222226
0.163183731	-0.765552504
0.163188066	-0.769882782
0.163192401	-0.774213061
0.164166352	-0.458097943
0.164170687	-0.462428221
0.164175022	-0.466758499
0.164179358	-0.471088777
0.164183693	-0.475419055
0.164188028	-0.479749333
0.164192363	-0.484079611
0.164196698	-0.488409889
0.164201033	-0.492740168
0.164205368	-0.497070446
0.164209703	-0.501400724
0.164214038	-0.505731002
0.164218373	-0.510061280
0.164222709	-0.514391558
0.164227044	-0.518721836
0.164231379	-0.523052114
0.164235714	-0.527382392
0.164240049	-0.531712670
0.164244384	-0.536042948
0.164248719	-0.540373227
0.164253054	-0.544703505
0.164257389	-0.549033783
0.164261724	-0.553364061
0.164266059	-0.557694339
0.164270395	-0.562024617
0.164274730	-0.566354895
0.164279065	-0.570685173
0.164283400	-0.575015451
0.164287735	-0.579345729
0.164292070	-0.583676008
0.164296405	-0.588006286
0.164300740	-0.592336564
0.164305075	-0.596666842
0.164309410	-0.600997120
0.164313746	-0.605327398
0.164318081	-0.609657676
0.164322416	-0.613987954
0.164326751	-0.618318232
0.164331086	-0.622648510
0.164335421	-0.626978789
0.164339756	-0.631309067
0.164344091	-0.635639345
0.164348426	-0.639969623
0.164352761	-0.644299901
0.164357096	-0.648630179
0.164361432	-0.652960457
0.164365767	-0.657290735
0.164370102	-0.661621013
0.164374437	-0.665951291
0.164378772	-0.670281569
0.164383107	-0.674611848
0.164387442	-0.678942126
0.164391777	-0.683272404
0.164396112	-0.687602682
0.164400447	-0.691932960
0.164404782	-0.696263238
0.164409118	-0.700593516
0.164413453	-0.704923794
0.164417788	-0.709254072
0.164422123	-0.713584350
0.164426458	-0.717914629
0.164430793	-0.722244907
0.164435128	-0.726575185
0.164439463	-0.730905463
0.164443798	-0.735235741
0.164448133	-0.739566019
0.164452469	-0.743896297
0.164456804	-0.748226575
0.164461139	-0.752556853
0.164465474	-0.756887131
0.164469809	-0.761217409
0.164474144	-0.765547688
0.164478479	-0.769877966
0.164482814	-0.774208244
0.165461101	-0.462423404
0.165465436	-0.466753682
0.165469771	-0.471083960
0.165474106	-0.475414238
0.165478441	-0.479744516
0.165482776	-0.484074795
0.165487111	-0.488405073
0.165491446	-0.492735351
0.165495781	-0.497065629
0.165500116	-0.501395907
0.165504452	-0.505726185
0.165508787	-0.510056463
0.165513122	-0.514386741
0.165517457	-0.518717019
0.165521792	-0.523047297
0.165526127	-0.527377576
0.165530462	-0.531707854
0.165534797	-0.536038132
0.165539132	-0.540368410
0.165543467	-0.544698688
0.165547803	-0.549028966
0.165552138	-0.553359244
0.165556473	-0.557689522
0.165560808	-0.562019800
0.165565143	-0.566350078
0.165569478	-0.570680356
0.165573813	-0.575010635
0.165578148	-0.579340913
0.165582483	-0.583671191
0.165586818	-0.588001469
0.165591153	-0.592331747
0.165595489	-0.596662025
0.165599824	-0.600992303
0.165604159	-0.605322581
0.165608494	-0.609652859
0.165612829	-0.613983137
0.165617164	-0.618313416
0.165621499	-0.622643694
0.165625834	-0.626973972
0.165630169	-0.631304250
0.165634504	-0.635634528
0.165638839	-0.639964806
0.165643175	-0.644295084
0.165647510	-0.648625362
0.165651845	-0.652955640
0.165656180	-0.657285918
0.165660515	-0.661616197
0.165664850	-0.665946475
0.165669185	-0.670276753
0.165673520	-0.674607031
0.165677855	-0.678937309
0.165682190	-0.683267587
0.165686526	-0.687597865
0.165690861	-0.691928143
0.165695196	-0.696258421
0.165699531	-0.700588699
0.165703866	-0.704918977
0.165708201	-0.709249256
0.165712536	-0.713579534
0.165716871	-0.717909812
0.165721206	-0.722240090
0.165725541	-0.726570368
0.165729876	-0.730900646
0.165734212	-0.735230924
0.165738547	-0.739561202
0.165742882	-0.743891480
0.165747217	-0.748221758
0.165751552	-0.752552037
0.165755887	-0.756882315
0.165760222	-0.761212593
0.165764557	-0.765542871
0.165768892	-0.769873149
0.165773227	-0.774203427
0.165777563	-0.778533705
0.165781898	-0.782863983
0.166751514	-0.462418587
0.166755849	-0.466748865
0.166760184	-0.471079144
0.166764519	-0.475409422
0.166768854	-0.479739700
0.166773189	-0.484069978
0.166777524	-0.488400256
0.166781860	-0.492730534
0.166786195	-0.497060812
0.166790530	-0.501391090
0.166794865	-0.505721368
0.166799200	-0.510051646
0.166803535	-0.514381924
0.166807870	-0.518712203
0.166812205	-0.523042481
0.166816540	-0.527372759
0.166820875	-0.531703037
0.166825210	-0.536033315
0.166829546	-0.540363593
0.166833881	-0.544693871
0.166838216	-0.549024149
0.166842551	-0.553354427
0.166846886	-0.557684705
0.166851221	-0.562014984
0.166855556	-0.566345262
0.166859891	-0.570675540
0.166864226	-0.575005818
0.166868561	-0.579336096
0.166872897	-0.583666374
0.166877232	-0.587996652
0.166881567	-0.592326930
0.166885902	-0.596657208
0.166890237	-0.600987486
0.166894572	-0.605317764
0.166898907	-0.609648043
0.166903242	-0.613978321
0.166907577	-0.618308599
0.166911912	-0.622638877
0.166916247	-0.626969155
0.166920583	-0.631299433
0.166924918	-0.635629711
0.166929253	-0.639959989
0.166933588	-0.644290267
0.166937923	-0.648620545
0.166942258	-0.652950824
0.166946593	-0.657281102
0.166950928	-0.661611380
0.166955263	-0.665941658
0.166959598	-0.670271936
0.166963933	-0.674602214
0.166968269	-0.678932492
0.166972604	-0.683262770
0.166976939	-0.687593048
0.166981274	-0.691923326
0.166985609	-0.696253604
0.166989944	-0.700583883
0.166994279	-0.704914161
0.166998614	-0.709244439
0.167002949	-0.713574717
0.167007284	-0.717904995
0.167011620	-0.722235273
0.167015955	-0.726565551
0.167020290	-0.730895829
0.167024625	-0.735226107
0.167028960	-0.739556385
0.167033295	-0.743886664
0.167037630	-0.748216942
0.167041965	-0.752547220
0.167046300	-0.756877498
0.167050635	-0.761207776
0.167054970	-0.765538054
0.167059306	-0.769868332
0.167063641	-0.774198610
0.167067976	-0.778528888
0.167072311	-0.782859166
0.168041927	-0.462413771
0.168046262	-0.466744049
0.168050597	-0.471074327
0.168054932	-0.475404605
0.168059267	-0.479734883
0.168063603	-0.484065161
0.168067938	-0.488395439
0.168072273	-0.492725717
0.168076608	-0.497055995
0.168080943	-0.501386273
0.168085278	-0.505716552
0.168089613	-0.510046830
0.168093948	-0.514377108
0.168098283	-0.518707386
0.168102618	-0.523037664
0.168106954	-0.527367942
0.168111289	-0.531698220
0.168115624	-0.536028498
0.168119959	-0.540358776
0.168124294	-0.544689054
0.168128629	-0.549019332
0.168132964	-0.553349611
0.168137299	-0.557679889
0.168141634	-0.562010167
0.168145969	-0.566340445
0.168150304	-0.570670723
0.168154640	-0.575001001
0.168158975	-0.579331279
0.168163310	-0.583661557
0.168167645	-0.587991835
0.168171980	-0.592322113
0.168176315	-0.596652392
0.168180650	-0.600982670
0.168184985	-0.605312948
0.168189320	-0.609643226
0.168193655	-0.613973504
0.168197991	-0.618303782
0.168202326	-0.622634060
0.168206661	-0.626964338
0.168210996	-0.631294616
0.168215331	-0.635624894
0.168219666	-0.639955172
0.168224001	-0.644285451
0.168228336	-0.648615729
0.168232671	-0.652946007
0.168237006	-0.657276285
0.168241341	-0.661606563
0.168245677	-0.665936841
0.168250012	-0.670267119
0.168254347	-0.674597397
0.168258682	-0.678927675
0.168263017	-0.683257953
0.168267352	-0.687588232
0.168271687	-0.691918510
0.168276022	-0.696248788
0.168280357	-0.700579066
0.168284692	-0.704909344
0.168289027	-0.709239622
0.168293363	-0.713569900
0.168297698	-0.717900178
0.168302033	-0.722230456
0.168306368	-0.726560734
0.168310703	-0.730891012
0.168315038	-0.735221291
0.168319373	-0.739551569
0.168323708	-0.743881847
0.168328043	-0.748212125
0.168332378	-0.752542403
0.168336714	-0.756872681
0.168341049	-0.761202959
0.168345384	-0.765533237
0.168349719	-0.769863515
0.168354054	-0.774193793
0.168358389	-0.778524072
0.168362724	-0.782854350
0.168367059	-0.787184628
0.168371394	-0.791514906
0.169336675	-0.466739232
0.169341011	-0.471069510
0.169345346	-0.475399788
0.169349681	-0.479730066
0.169354016	-0.484060344
0.169358351	-0.488390622
0.169362686	-0.492720900
0.169367021	-0.497051179
0.169371356	-0.501381457
0.169375691	-0.505711735
0.169380026	-0.510042013
0.169384361	-0.514372291
0.169388697	-0.518702569
0.169393032	-0.523032847
0.169397367	-0.527363125
0.169401702	-0.531693403
0.169406037	-0.536023681
0.169410372	-0.540353960
0.169414707	-0.544684238
0.169419042	-0.549014516
0.169423377	-0.553344794
0.169427712	-0.557675072
0.169432048	-0.562005350
0.169436383	-0.566335628
0.169440718	-0.570665906
0.169445053	-0.574996184
0.169449388	-0.579326462
0.169453723	-0.583656740
0.169458058	-0.587987019
0.169462393	-0.592317297
0.169466728	-0.596647575
0.169471063	-0.600977853
0.169475398	-0.605308131
0.169479734	-0.609638409
0.169484069	-0.613968687
0.169488404	-0.618298965
0.169492739	-0.622629243
0.169497074	-0.626959521
0.169501409	-0.631289800
0.169505744	-0.635620078
0.169510079	-0.639950356
0.169514414	-0.644280634
0.169518749	-0.648610912
0.169523085	-0.652941190
0.169527420	-0.657271468
0.169531755	-0.661601746
0.169536090	-0.665932024
0.169540425	-0.670262302
0.169544760	-0.674592580
0.169549095	-0.678922859
0.169553430	-0.683253137
0.169557765	-0.687583415
0.169562100	-0.691913693
0.169566435	-0.696243971
0.169570771	-0.700574249
0.169575106	-0.704904527
0.169579441	-0.709234805
0.169583776	-0.713565083
0.169588111	-0.717895361
0.169592446	-0.722225640
0.169596781	-0.726555918
0.169601116	-0.730886196
0.169605451	-0.735216474
0.169609786	-0.739546752
0.169614121	-0.743877030
0.169618457	-0.748207308
0.169622792	-0.752537586
0.169627127	-0.756867864
0.169631462	-0.761198142
0.169635797	-0.765528420
0.169640132	-0.769858699
0.169644467	-0.774188977
0.169648802	-0.778519255
0.169653137	-0.782849533
0.169657472	-0.787179811
0.169661808	-0.791510089
0.170627089	-0.466734415
0.170631424	-0.471064693
0.170635759	-0.475394971
0.170640094	-0.479725249
0.170644429	-0.484055527
0.170648764	-0.488385806
0.170653099	-0.492716084
0.170657434	-0.497046362
0.170661769	-0.501376640
0.170666105	-0.505706918
0.170670440	-0.510037196
0.170674775	-0.514367474
0.170679110	-0.518697752
0.170683445	-0.523028030
0.170687780	-0.527358308
0.170692115	-0.531688587
0.170696450	-0.536018865
0.170700785	-0.540349143
0.170705120	-0.544679421
0.170709455	-0.549009699
0.170713791	-0.553339977
0.170718126	-0.557670255
0.170722461	-0.562000533
0.170726796	-0.566330811
0.170731131	-0.570661089
0.170735466	-0.574991367
0.170739801	-0.579321646
0.170744136	-0.583651924
0.170748471	-0.587982202
0.170752806	-0.592312480
0.170757142	-0.596642758
0.170761477	-0.600973036
0.170765812	-0.605303314
0.170770147	-0.609633592
0.170774482	-0.613963870
0.170778817	-0.618294148
0.170783152	-0.622624427
0.170787487	-0.626954705
0.170791822	-0.631284983
0.170796157	-0.635615261
0.170800492	-0.639945539
0.170804828	-0.644275817
0.170809163	-0.648606095
0.170813498	-0.652936373
0.170817833	-0.657266651
0.170822168	-0.661596929
0.170826503	-0.665927208
0.170830838	-0.670257486
0.170835173	-0.674587764
0.170839508	-0.678918042
0.170843843	-0.683248320
0.170848178	-0.687578598
0.170852514	-0.691908876
0.170856849	-0.696239154
0.170861184	-0.700569432
0.170865519	-0.704899710
0.170869854	-0.709229988
0.170874189	-0.713560267
0.170878524	-0.717890545
0.170882859	-0.722220823
0.170887194	-0.726551101
0.170891529	-0.730881379
0.170895865	-0.735211657
0.170900200	-0.739541935
0.170904535	-0.743872213
0.170908870	-0.748202491
0.170913205	-0.752532769
0.170917540	-0.756863048
0.170921875	-0.761193326
0.170926210	-0.765523604
0.170930545	-0.769853882
0.170934880	-0.774184160
0.170939215	-0.778514438
0.170943551	-0.782844716
0.170947886	-0.787174994
0.170952221	-0.791505272
0.170956556	-0.795835550
0.171917502	-0.466729598
0.171921837	-0.471059876
0.171926172	-0.475390155
0.171930507	-0.479720433
0.171934842	-0.484050711
0.171939177	-0.488380989
0.171943512	-0.492711267
0.171947848	-0.497041545
0.171952183	-0.501371823
0.171956518	-0.505702101
0.171960853	-0.510032379
0.171965188	-0.514362657
0.171969523	-0.518692935
0.171973858	-0.523023214
0.171978193	-0.527353492
0.171982528	-0.531683770
0.171986863	-0.536014048
0.171991199	-0.540344326
0.171995534	-0.544674604
0.171999869	-0.549004882
0.172004204	-0.553335160
0.172008539	-0.557665438
0.172012874	-0.561995716
0.172017209	-0.566325995
0.172021544	-0.570656273
0.172025879	-0.574986551
0.172030214	-0.579316829
0.172034549	-0.583647107
0.172038885	-0.587977385
0.172043220	-0.592307663
0.172047555	-0.596637941
0.172051890	-0.600968219
0.172056225	-0.605298497
0.172060560	-0.609628775
0.172064895	-0.613959054
0.172069230	-0.618289332
0.172073565	-0.622619610
0.172077900	-0.626949888
0.172082236	-0.631280166
0.172086571	-0.635610444
0.172090906	-0.639940722
0.172095241	-0.644271000
0.172099576	-0.648601278
0.172103911	-0.652931556
0.172108246	-0.657261835
0.172112581	-0.661592113
0.172116916	-0.665922391
0.172121251	-0.670252669
0.172125586	-0.674582947
0.172129922	-0.678913225
0.172134257	-0.683243503
0.172138592	-0.687573781
0.172142927	-0.691904059
0.172147262	-0.696234337
0.172151597	-0.700564616
0.172155932	-0.704894894
0.172160267	-0.709225172
0.172164602	-0.713555450
0.172168937	-0.717885728
0.172173272	-0.722216006
0.172177608	-0.726546284
0.172181943	-0.730876562
0.172186278	-0.735206840
0.172190613	-0.739537118
0.172194948	-0.743867396
0.172199283	-0.748197675
0.172203618	-0.752527953
0.172207953	-0.756858231
0.172212288	-0.761188509
0.172216623	-0.765518787
0.172220959	-0.769849065
0.172225294	-0.774179343
0.172229629	-0.778509621
0.172233964	-0.782839899
0.172238299	-0.787170177
0.172242634	-0.791500456
0.172246969	-0.795830734
0.172251304	-0.800161012
0.173212250	-0.471055060
0.173216585	-0.475385338
0.173220920	-0.479715616
0.173225256	-0.484045894
0.173229591	-0.488376172
0.173233926	-0.492706450
0.173238261	-0.497036728
0.173242596	-0.501367006
0.173246931	-0.505697284
0.173251266	-0.510027563
0.173255601	-0.514357841
0.173259936	-0.518688119
0.173264271	-0.523018397
0.173268606	-0.527348675
0.173272942	-0.531678953
0.173277277	-0.536009231
0.173281612	-0.540339509
0.173285947	-0.544669787
0.173290282	-0.549000065
0.173294617	-0.553330343
0.173298952	-0.557660622
0.173303287	-0.561990900
0.173307622	-0.566321178
0.173311957	-0.570651456
0.173316293	-0.574981734
0.173320628	-0.579312012
0.173324963	-0.583642290
0.173329298	-0.587972568
0.173333633	-0.592302846
0.173337968	-0.596633124
0.173342303	-0.600963403
0.173346638	-0.605293681
0.173350973	-0.609623959
0.173355308	-0.613954237
0.173359643	-0.618284515
0.173363979	-0.622614793
0.173368314	-0.626945071
0.173372649	-0.631275349
0.173376984	-0.635605627
0.173381319	-0.639935905
0.173385654	-0.644266183
0.173389989	-0.648596462
0.173394324	-0.652926740
0.173398659	-0.657257018
0.173402994	-0.661587296
0.173407330	-0.665917574
0.173411665	-0.670247852
0.173416000	-0.674578130
0.173420335	-0.678908408
0.173424670	-0.683238686
0.173429005	-0.687568964
0.173433340	-0.691899243
0.173437675	-0.696229521
0.173442010	-0.700559799
0.173446345	-0.704890077
0.173450680	-0.709220355
0.173455016	-0.713550633
0.173459351	-0.717880911
0.173463686	-0.722211189
0.173468021	-0.726541467
0.173472356	-0.730871745
0.173476691	-0.735202023
0.173481026	-0.739532302
0.173485361	-0.743862580
0.173489696	-0.748192858
0.173494031	-0.752523136
0.173498366	-0.756853414
0.173502702	-0.761183692
0.173507037	-0.765513970
0.173511372	-0.769844248
0.173515707	-0.774174526
0.173520042	-0.778504804
0.173524377	-0.782835083
0.173528712	-0.787165361
0.173533047	-0.791495639
0.173537382	-0.795825917
0.173541717	-0.800156195
0.173546053	-0.804486473
0.174502663	-0.471050243
0.174506999	-0.475380521
0.174511334	-0.479710799
0.174515669	-0.484041077
0.174520004	-0.488371355
0.174524339	-0.492701633
0.174528674	-0.497031911
0.174533009	-0.501362190
0.174537344	-0.505692468
0.174541679	-0.510022746
0.174546014	-0.514353024
0.174550350	-0.518683302
0.174554685	-0.523013580
0.174559020	-0.527343858
0.174563355	-0.531674136
0.174567690	-0.536004414
0.174572025	-0.540334692
0.174576360	-0.544664971
0.174580695	-0.548995249
0.174585030	-0.553325527
0.174589365	-0.557655805
0.174593700	-0.561986083
0.174598036	-0.566316361
0.174602371	-0.570646639
0.174606706	-0.574976917
0.174611041	-0.579307195
0.174615376	-0.583637473
0.174619711	-0.587967751
0.174624046	-0.592298030
0.174628381	-0.596628308
0.174632716	-0.600958586
0.174637051	-0.605288864
0.174641387	-0.609619142
0.174645722	-0.613949420
0.174650057	-0.618279698
0.174654392	-0.622609976
0.174658727	-0.626940254
0.174663062	-0.631270532
0.174667397	-0.635600811
0.174671732	-0.639931089
0.174676067	-0.644261367
0.174680402	-0.648591645
0.174684737	-0.652921923
0.174689073	-0.657252201
0.174693408	-0.661582479
0.174697743	-0.665912757
0.174702078	-0.670243035
0.174706413	-0.674573313
0.174710748	-0.678903591
0.174715083	-0.683233870
0.174719418	-0.687564148
0.174723753	-0.691894426
0.174728088	-0.696224704
0.174732423	-0.700554982
0.174736759	-0.704885260
0.174741094	-0.709215538
0.174745429	-0.713545816
0.174749764	-0.717876094
0.174754099	-0.722206372
0.174758434	-0.726536651
0.174762769	-0.730866929
0.174767104	-0.735197207
0.174771439	-0.739527485
0.174775774	-0.743857763
0.174780110	-0.748188041
0.174784445	-0.752518319
0.174788780	-0.756848597
0.174793115	-0.761178875
0.174797450	-0.765509153
0.174801785	-0.769839431
0.174806120	-0.774169710
0.174810455	-0.778499988
0.174814790	-0.782830266
0.174819125	-0.787160544
0.174823460	-0.791490822
0.174827796	-0.795821100
0.174832131	-0.800151378
0.174836466	-0.804481656
0.174840801	-0.808811934
0.175793077	-0.471045426
0.175797412	-0.475375704
0.175801747	-0.479705982
0.175806082	-0.484036260
0.175810417	-0.488366538
0.175814752	-0.492696817
0.175819087	-0.497027095
0.175823422	-0.501357373
0.175827757	-0.505687651
0.175832093	-0.510017929
0.175836428	-0.514348207
0.175840763	-0.518678485
0.175845098	-0.523008763
0.175849433	-0.527339041
0.175853768	-0.531669319
0.175858103	-0.535999598
0.175862438	-0.540329876
0.175866773	-0.544660154
0.175871108	-0.548990432
0.175875444	-0.553320710
0.175879779	-0.557650988
0.175884114	-0.561981266
0.175888449	-0.566311544
0.175892784	-0.570641822
0.175897119	-0.574972100
0.175901454	-0.579302379
0.175905789	-0.583632657
0.175910124	-0.587962935
0.175914459	-0.592293213
0.175918794	-0.596623491
0.175923130	-0.600953769
0.175927465	-0.605284047
0.175931800	-0.609614325
0.175936135	-0.613944603
0.175940470	-0.618274881
0.175944805	-0.622605159
0.175949140	-0.626935438
0.175953475	-0.631265716
0.175957810	-0.635595994
0.175962145	-0.639926272
0.175966481	-0.644256550
0.175970816	-0.648586828
0.175975151	-0.652917106
0.175979486	-0.657247384
0.175983821	-0.661577662
0.175988156	-0.665907940
0.175992491	-0.670238219
0.175996826	-0.674568497
0.176001161	-0.678898775
0.176005496	-0.683229053
0.176009831	-0.687559331
0.176014167	-0.691889609
0.176018502	-0.696219887
0.176022837	-0.700550165
0.176027172	-0.704880443
0.176031507	-0.709210721
0.176035842	-0.713540999
0.176040177	-0.717871278
0.176044512	-0.722201556
0.176048847	-0.726531834
0.176053182	-0.730862112
0.176057517	-0.735192390
0.176061853	-0.739522668
0.176066188	-0.743852946
0.176070523	-0.748183224
0.176074858	-0.752513502
0.176079193	-0.756843780
0.176083528	-0.761174059
0.176087863	-0.765504337
0.176092198	-0.769834615
0.176096533	-0.774164893
0.176100868	-0.778495171
0.176105204	-0.782825449
0.176109539	-0.787155727
0.176113874	-0.791486005
0.176118209	-0.795816283
0.176122544	-0.800146561
0.176126879	-0.804476839
0.176131214	-0.808807118
0.177087825	-0.475370887
0.177092160	-0.479701166
0.177096495	-0.484031444
0.177100830	-0.488361722
0.177105165	-0.492692000
0.177109501	-0.497022278
0.177113836	-0.501352556
0.177118171	-0.505682834
0.177122506	-0.510013112
0.177126841	-0.514343390
0.177131176	-0.518673668
0.177135511	-0.523003946
0.177139846	-0.527334225
0.177144181	-0.531664503
0.177148516	-0.535994781
0.177152851	-0.540325059
0.177157187	-0.544655337
0.177161522	-0.548985615
0.177165857	-0.553315893
0.177170192	-0.557646171
0.177174527	-0.561976449
0.177178862	-0.566306727
0.177183197	-0.570637006
0.177187532	-0.574967284
0.177191867	-0.579297562
0.177196202	-0.583627840
0.177200538	-0.587958118
0.177204873	-0.592288396
0.177209208	-0.596618674
0.177213543	-0.600948952
0.177217878	-0.605279230
0.177222213	-0.609609508
0.177226548	-0.613939786
0.177230883	-0.618270065
0.177235218	-0.622600343
0.177239553	-0.626930621
0.177243888	-0.631260899
0.177248224	-0.635591177
0.177252559	-0.639921455
0.177256894	-0.644251733
0.177261229	-0.648582011
0.177265564	-0.652912289
0.177269899	-0.657242567
0.177274234	-0.661572846
0.177278569	-0.665903124
0.177282904	-0.670233402
0.177287239	-0.674563680
0.177291575	-0.678893958
0.177295910	-0.683224236
0.177300245	-0.687554514
0.177304580	-0.691884792
0.177308915	-0.696215070
0.177313250	-0.700545348
0.177317585	-0.704875627
0.177321920	-0.709205905
0.177326255	-0.713536183
0.177330590	-0.717866461
0.177334925	-0.722196739
0.177339261	-0.726527017
0.177343596	-0.730857295
0.177347931	-0.735187573
0.177352266	-0.739517851
0.177356601	-0.743848129
0.177360936	-0.748178407
0.177365271	-0.752508686
0.177369606	-0.756838964
0.177373941	-0.761169242
0.177378276	-0.765499520
0.177382611	-0.769829798
0.177386947	-0.774160076
0.177391282	-0.778490354
0.177395617	-0.782820632
0.177399952	-0.787150910
0.177404287	-0.791481188
0.177408622	-0.795811467
0.177412957	-0.800141745
0.177417292	-0.804472023
0.177421627	-0.808802301
0.177425962	-0.813132579
0.177430298	-0.817462857
0.178378238	-0.475366071
0.178382573	-0.479696349
0.178386908	-0.484026627
0.178391244	-0.488356905
0.178395579	-0.492687183
0.178399914	-0.497017461
0.178404249	-0.501347739
0.178408584	-0.505678017
0.178412919	-0.510008295
0.178417254	-0.514338574
0.178421589	-0.518668852
0.178425924	-0.522999130
0.178430259	-0.527329408
0.178434595	-0.531659686
0.178438930	-0.535989964
0.178443265	-0.540320242
0.178447600	-0.544650520
0.178451935	-0.548980798
0.178456270	-0.553311076
0.178460605	-0.557641354
0.178464940	-0.561971633
0.178469275	-0.566301911
0.178473610	-0.570632189
0.178477945	-0.574962467
0.178482281	-0.579292745
0.178486616	-0.583623023
0.178490951	-0.587953301
0.178495286	-0.592283579
0.178499621	-0.596613857
0.178503956	-0.600944135
0.178508291	-0.605274414
0.178512626	-0.609604692
0.178516961	-0.613934970
0.178521296	-0.618265248
0.178525632	-0.622595526
0.178529967	-0.626925804
0.178534302	-0.631256082
0.178538637	-0.635586360
0.178542972	-0.639916638
0.178547307	-0.644246916
0.178551642	-0.648577194
0.178555977	-0.652907473
0.178560312	-0.657237751
0.178564647	-0.661568029
0.178568982	-0.665898307
0.178573318	-0.670228585
0.178577653	-0.674558863
0.178581988	-0.678889141
0.178586323	-0.683219419
0.178590658	-0.687549697
0.178594993	-0.691879975
0.178599328	-0.696210254
0.178603663	-0.700540532
0.178607998	-0.704870810
0.178612333	-0.709201088
0.178616669	-0.713531366
0.178621004	-0.717861644
0.178625339	-0.722191922
0.178629674	-0.726522200
0.178634009	-0.730852478
0.178638344	-0.735182756
0.178642679	-0.739513035
0.178647014	-0.743843313
0.178651349	-0.748173591
0.178655684	-0.752503869
0.178660019	-0.756834147
0.178664355	-0.761164425
0.178668690	-0.765494703
0.178673025	-0.769824981
0.178677360	-0.774155259
0.178681695	-0.778485537
0.178686030	-0.782815815
0.178690365	-0.787146094
0.178694700	-0.791476372
0.178699035	-0.795806650
0.178703370	-0.800136928
0.178707705	-0.804467206
0.178712041	-0.808797484
0.178716376	-0.813127762
0.178720711	-0.817458040
0.178725046	-0.821788318
0.179672987	-0.479691532
0.179677322	-0.484021810
0.179681657	-0.488352088
0.179685992	-0.492682366
0.179690327	-0.497012644
0.179694662	-0.501342922
0.179698997	-0.505673201
0.179703332	-0.510003479
0.179707667	-0.514333757
0.179712002	-0.518664035
0.179716338	-0.522994313
0.179720673	-0.527324591
0.179725008	-0.531654869
0.179729343	-0.535985147
0.179733678	-0.540315425
0.179738013	-0.544645703
0.179742348	-0.548975982
0.179746683	-0.553306260
0.179751018	-0.557636538
0.179755353	-0.561966816
0.179759689	-0.566297094
0.179764024	-0.570627372
0.179768359	-0.574957650
0.179772694	-0.579287928
0.179777029	-0.583618206
0.179781364	-0.587948484
0.179785699	-0.592278762
0.179790034	-0.596609041
0.179794369	-0.600939319
0.179798704	-0.605269597
0.179803039	-0.609599875
0.179807375	-0.613930153
0.179811710	-0.618260431
0.179816045	-0.622590709
0.179820380	-0.626920987
0.179824715	-0.631251265
0.179829050	-0.635581543
0.179833385	-0.639911822
0.179837720	-0.644242100
0.179842055	-0.648572378
0.179846390	-0.652902656
0.179850726	-0.657232934
0.179855061	-0.661563212
0.179859396	-0.665893490
0.179863731	-0.670223768
0.179868066	-0.674554046
0.179872401	-0.678884324
0.179876736	-0.683214602
0.179881071	-0.687544881
0.179885406	-0.691875159
0.179889741	-0.696205437
0.179894076	-0.700535715
0.179898412	-0.704865993
0.179902747	-0.709196271
0.179907082	-0.713526549
0.179911417	-0.717856827
0.179915752	-0.722187105
0.179920087	-0.726517383
0.179924422	-0.730847662
0.179928757	-0.735177940
0.179933092	-0.739508218
0.179937427	-0.743838496
0.179941762	-0.748168774
0.179946098	-0.752499052
0.179950433	-0.756829330
0.179954768	-0.761159608
0.179959103	-0.765489886
0.179963438	-0.769820164
0.179967773	-0.774150442
0.179972108	-0.778480721
0.179976443	-0.782810999
0.179980778	-0.787141277
0.179985113	-0.791471555
0.179989449	-0.795801833
0.179993784	-0.800132111
0.179998119	-0.804462389
0.180002454	-0.808792667
0.180006789	-0.813122945
0.180011124	-0.817453223
0.180015459	-0.821783502
0.180019794	-0.826113780
0.180963400	-0.479686715
0.180967735	-0.484016993
0.180972070	-0.488347271
0.180976405	-0.492677550
0.180980740	-0.497007828
0.180985075	-0.501338106
0.180989410	-0.505668384
0.180993746	-0.509998662
0.180998081	-0.514328940
0.181002416	-0.518659218
0.181006751	-0.522989496
0.181011086	-0.527319774
0.181015421	-0.531650052
0.181019756	-0.535980330
0.181024091	-0.540310609
0.181028426	-0.544640887
0.181032761	-0.548971165
0.181037096	-0.553301443
0.181041432	-0.557631721
0.181045767	-0.561961999
0.181050102	-0.566292277
0.181054437	-0.570622555
0.181058772	-0.574952833
0.181063107	-0.579283111
0.181067442	-0.583613390
0.181071777	-0.587943668
0.181076112	-0.592273946
0.181080447	-0.596604224
0.181084783	-0.600934502
0.181089118	-0.605264780
0.181093453	-0.609595058
0.181097788	-0.613925336
0.181102123	-0.618255614
0.181106458	-0.622585892
0.181110793	-0.626916170
0.181115128	-0.631246449
0.181119463	-0.635576727
0.181123798	-0.639907005
0.181128133	-0.644237283
0.181132469	-0.648567561
0.181136804	-0.652897839
0.181141139	-0.657228117
0.181145474	-0.661558395
0.181149809	-0.665888673
0.181154144	-0.670218951
0.181158479	-0.674549230
0.181162814	-0.678879508
0.181167149	-0.683209786
0.181171484	-0.687540064
0.181175820	-0.691870342
0.181180155	-0.696200620
0.181184490	-0.700530898
0.181188825	-0.704861176
0.181193160	-0.709191454
0.181197495	-0.713521732
0.181201830	-0.717852010
0.181206165	-0.722182289
0.181210500	-0.726512567
0.181214835	-0.730842845
0.181219170	-0.735173123
0.181223506	-0.739503401
0.181227841	-0.743833679
0.181232176	-0.748163957
0.181236511	-0.752494235
0.181240846	-0.756824513
0.181245181	-0.761154791
0.181249516	-0.765485070
0.181253851	-0.769815348
0.181258186	-0.774145626
0.181262521	-0.778475904
0.181266856	-0.782806182
0.181271192	-0.787136460
0.181275527	-0.791466738
0.181279862	-0.795797016
0.181284197	-0.800127294
0.181288532	-0.804457572
0.181292867	-0.808787850
0.181297202	-0.813118129
0.181301537	-0.817448407
0.181305872	-0.821778685
0.181310207	-0.826108963
0.181314543	-0.830439241
0.182253813	-0.479681898
0.182258148	-0.484012177
0.182262483	-0.488342455
0.182266818	-0.492672733
0.182271153	-0.497003011
0.182275489	-0.501333289
0.182279824	-0.505663567
0.182284159	-0.509993845
0.182288494	-0.514324123
0.182292829	-0.518654401
0.182297164	-0.522984679
0.182301499	-0.527314957
0.182305834	-0.531645236
0.182310169	-0.535975514
0.182314504	-0.540305792
0.182318840	-0.544636070
0.182323175	-0.548966348
0.182327510	-0.553296626
0.182331845	-0.557626904
0.182336180	-0.561957182
0.182340515	-0.566287460
0.182344850	-0.570617738
0.182349185	-0.574948017
0.182353520	-0.579278295
0.182357855	-0.583608573
0.182362190	-0.587938851
0.182366526	-0.592269129
0.182370861	-0.596599407
0.182375196	-0.600929685
0.182379531	-0.605259963
0.182383866	-0.609590241
0.182388201	-0.613920519
0.182392536	-0.618250798
0.182396871	-0.622581076
0.182401206	-0.626911354
0.182405541	-0.631241632
0.182409877	-0.635571910
0.182414212	-0.639902188
0.182418547	-0.644232466
0.182422882	-0.648562744
0.182427217	-0.652893022
0.182431552	-0.657223300
0.182435887	-0.661553578
0.182440222	-0.665883857
0.182444557	-0.670214135
0.182448892	-0.674544413
0.182453227	-0.678874691
0.182457563	-0.683204969
0.182461898	-0.687535247
0.182466233	-0.691865525
0.182470568	-0.696195803
0.182474903	-0.700526081
0.182479238	-0.704856359
0.182483573	-0.709186638
0.182487908	-0.713516916
0.182492243	-0.717847194
0.182496578	-0.722177472
0.182500914	-0.726507750
0.182505249	-0.730838028
0.182509584	-0.735168306
0.182513919	-0.739498584
0.182518254	-0.743828862
0.182522589	-0.748159140
0.182526924	-0.752489418
0.182531259	-0.756819697
0.182535594	-0.761149975
0.182539929	-0.765480253
0.182544264	-0.769810531
0.182548600	-0.774140809
0.182552935	-0.778471087
0.182557270	-0.782801365
0.182561605	-0.787131643
0.182565940	-0.791461921
0.182570275	-0.795792199
0.182574610	-0.800122478
0.182578945	-0.804452756
0.182583280	-0.808783034
0.182587615	-0.813113312
0.182591950	-0.817443590
0.182596286	-0.821773868
0.182600621	-0.826104146
0.182604956	-0.830434424
0.183548561	-0.484007360
0.183552897	-0.488337638
0.183557232	-0.492667916
0.183561567	-0.496998194
0.183565902	-0.501328472
0.183570237	-0.505658750
0.183574572	-0.509989028
0.183578907	-0.514319306
0.183583242	-0.518649585
0.183587577	-0.522979863
0.183591912	-0.527310141
0.183596247	-0.531640419
0.183600583	-0.535970697
0.183604918	-0.540300975
0.183609253	-0.544631253
0.183613588	-0.548961531
0.183617923	-0.553291809
0.183622258	-0.557622087
0.183626593	-0.561952365
0.183630928	-0.566282644
0.183635263	-0.570612922
0.183639598	-0.574943200
0.183643934	-0.579273478
0.183648269	-0.583603756
0.183652604	-0.587934034
0.183656939	-0.592264312
0.183661274	-0.596594590
0.183665609	-0.600924868
0.183669944	-0.605255146
0.183674279	-0.609585425
0.183678614	-0.613915703
0.183682949	-0.618245981
0.183687284	-0.622576259
0.183691620	-0.626906537
0.183695955	-0.631236815
0.183700290	-0.635567093
0.183704625	-0.639897371
0.183708960	-0.644227649
0.183713295	-0.648557927
0.183717630	-0.652888206
0.183721965	-0.657218484
0.183726300	-0.661548762
0.183730635	-0.665879040
0.183734971	-0.670209318
0.183739306	-0.674539596
0.183743641	-0.678869874
0.183747976	-0.683200152
0.183752311	-0.687530430
0.183756646	-0.691860708
0.183760981	-0.696190986
0.183765316	-0.700521265
0.183769651	-0.704851543
0.183773986	-0.709181821
0.183778321	-0.713512099
0.183782657	-0.717842377
0.183786992	-0.722172655
0.183791327	-0.726502933
0.183795662	-0.730833211
0.183799997	-0.735163489
0.183804332	-0.739493767
0.183808667	-0.743824046
0.183813002	-0.748154324
0.183817337	-0.752484602
0.183821672	-0.756814880
0.183826008	-0.761145158
0.183830343	-0.765475436
0.183834678	-0.769805714
0.183839013	-0.774135992
0.183843348	-0.778466270
0.183847683	-0.782796548
0.183852018	-0.787126826
0.183856353	-0.791457105
0.183860688	-0.795787383
0.183865023	-0.800117661
0.183869358	-0.804447939
0.183873694	-0.808778217
0.183878029	-0.813108495
0.183882364	-0.817438773
0.183886699	-0.821769051
0.183891034	-0.826099329
0.183895369	-0.830429607
0.183899704	-0.834759886
0.184838975	-0.484002543
0.184843310	-0.488332821
0.184847645	-0.492663099
0.184851980	-0.496993377
0.184856315	-0.501323655
0.184860650	-0.505653933
0.184864985	-0.509984212
0.184869320	-0.514314490
0.184873655	-0.518644768
0.184877991	-0.522975046
0.184882326	-0.527305324
0.184886661	-0.531635602
0.184890996	-0.535965880
0.184895331	-0.540296158
0.184899666	-0.544626436
0.184904001	-0.548956714
0.184908336	-0.553286993
0.184912671	-0.557617271
0.184917006	-0.561947549
0.184921341	-0.566277827
0.184925677	-0.570608105
0.184930012	-0.574938383
0.184934347	-0.579268661
0.184938682	-0.583598939
0.184943017	-0.587929217
0.184947352	-0.592259495
0.184951687	-0.596589773
0.184956022	-0.600920052
0.184960357	-0.605250330
0.184964692	-0.609580608
0.184969028	-0.613910886
0.184973363	-0.618241164
0.184977698	-0.622571442
0.184982033	-0.626901720
0.184986368	-0.631231998
0.184990703	-0.635562276
0.184995038	-0.639892554
0.184999373	-0.644222833
0.185003708	-0.648553111
0.185008043	-0.652883389
0.185012378	-0.657213667
0.185016714	-0.661543945
0.185021049	-0.665874223
0.185025384	-0.670204501
0.185029719	-0.674534779
0.185034054	-0.678865057
0.185038389	-0.683195335
0.185042724	-0.687525613
0.185047059	-0.691855892
0.185051394	-0.696186170
0.185055729	-0.700516448
0.185060065	-0.704846726
0.185064400	-0.709177004
0.185068735	-0.713507282
0.185073070	-0.717837560
0.185077405	-0.722167838
0.185081740	-0.726498116
0.185086075	-0.730828394
0.185090410	-0.735158673
0.185094745	-0.739488951
0.185099080	-0.743819229
0.185103415	-0.748149507
0.185107751	-0.752479785
0.185112086	-0.756810063
0.185116421	-0.761140341
0.185120756	-0.765470619
0.185125091	-0.769800897
0.185129426	-0.774131175
0.185133761	-0.778461454
0.185138096	-0.782791732
0.185142431	-0.787122010
0.185146766	-0.791452288
0.185151101	-0.795782566
0.185155437	-0.800112844
0.185159772	-0.804443122
0.185164107	-0.808773400
0.185168442	-0.813103678
0.185172777	-0.817433956
0.185177112	-0.821764234
0.185181447	-0.826094513
0.185185782	-0.830424791
0.185190117	-0.834755069
0.185194452	-0.839085347
0.186133723	-0.488328004
0.186138058	-0.492658282
0.186142393	-0.496988561
0.186146728	-0.501318839
0.186151063	-0.505649117
0.186155398	-0.509979395
0.186159734	-0.514309673
0.186164069	-0.518639951
0.186168404	-0.522970229
0.186172739	-0.527300507
0.186177074	-0.531630785
0.186181409	-0.535961063
0.186185744	-0.540291341
0.186190079	-0.544621620
0.186194414	-0.548951898
0.186198749	-0.553282176
0.186203085	-0.557612454
0.186207420	-0.561942732
0.186211755	-0.566273010
0.186216090	-0.570603288
0.186220425	-0.574933566
0.186224760	-0.579263844
0.186229095	-0.583594122
0.186233430	-0.587924401
0.186237765	-0.592254679
0.186242100	-0.596584957
0.186246435	-0.600915235
0.186250771	-0.605245513
0.186255106	-0.609575791
0.186259441	-0.613906069
0.186263776	-0.618236347
0.186268111	-0.622566625
0.186272446	-0.626896903
0.186276781	-0.631227181
0.186281116	-0.635557460
0.186285451	-0.639887738
0.186289786	-0.644218016
0.186294122	-0.648548294
0.186298457	-0.652878572
0.186302792	-0.657208850
0.186307127	-0.661539128
0.186311462	-0.665869406
0.186315797	-0.670199684
0.186320132	-0.674529962
0.186324467	-0.678860241
0.186328802	-0.683190519
0.186333137	-0.687520797
0.186337472	-0.691851075
0.186341808	-0.696181353
0.186346143	-0.700511631
0.186350478	-0.704841909
0.186354813	-0.709172187
0.186359148	-0.713502465
0.186363483	-0.717832743
0.186367818	-0.722163021
0.186372153	-0.726493300
0.186376488	-0.730823578
0.186380823	-0.735153856
0.186385159	-0.739484134
0.186389494	-0.743814412
0.186393829	-0.748144690
0.186398164	-0.752474968
0.186402499	-0.756805246
0.186406834	-0.761135524
0.186411169	-0.765465802
0.186415504	-0.769796081
0.186419839	-0.774126359
0.186424174	-0.778456637
0.186428509	-0.782786915
0.186432845	-0.787117193
0.186437180	-0.791447471
0.186441515	-0.795777749
0.186445850	-0.800108027
0.186450185	-0.804438305
0.186454520	-0.808768583
0.186458855	-0.813098861
0.186463190	-0.817429140
0.186467525	-0.821759418
0.186471860	-0.826089696
0.186476195	-0.830419974
0.186480531	-0.834750252
0.186484866	-0.839080530
0.186489201	-0.843410808
0.187424136	-0.488323188
0.187428471	-0.492653466
0.187432806	-0.496983744
0.187437142	-0.501314022
0.187441477	-0.505644300
0.187445812	-0.509974578
0.187450147	-0.514304856
0.187454482	-0.518635134
0.187458817	-0.522965412
0.187463152	-0.527295690
0.187467487	-0.531625969
0.187471822	-0.535956247
0.187476157	-0.540286525
0.187480492	-0.544616803
0.187484828	-0.548947081
0.187489163	-0.553277359
0.187493498	-0.557607637
0.187497833	-0.561937915
0.187502168	-0.566268193
0.187506503	-0.570598471
0.187510838	-0.574928749
0.187515173	-0.579259028
0.187519508	-0.583589306
0.187523843	-0.587919584
0.187528179	-0.592249862
0.187532514	-0.596580140
0.187536849	-0.600910418
0.187541184	-0.605240696
0.187545519	-0.609570974
0.187549854	-0.613901252
0.187554189	-0.618231530
0.187558524	-0.622561809
0.187562859	-0.626892087
0.187567194	-0.631222365
0.187571529	-0.635552643
0.187575865	-0.639882921
0.187580200	-0.644213199
0.187584535	-0.648543477
0.187588870	-0.652873755
0.187593205	-0.657204033
0.187597540	-0.661534311
0.187601875	-0.665864589
0.187606210	-0.670194868
0.187610545	-0.674525146
0.187614880	-0.678855424
0.187619216	-0.683185702
0.187623551	-0.687515980
0.187627886	-0.691846258
0.187632221	-0.696176536
0.187636556	-0.700506814
0.187640891	-0.704837092
0.187645226	-0.709167370
0.187649561	-0.713497649
0.187653896	-0.717827927
0.187658231	-0.722158205
0.187662566	-0.726488483
0.187666902	-0.730818761
0.187671237	-0.735149039
0.187675572	-0.739479317
0.187679907	-0.743809595
0.187684242	-0.748139873
0.187688577	-0.752470151
0.187692912	-0.756800429
0.187697247	-0.761130708
0.187701582	-0.765460986
0.187705917	-0.769791264
0.187710253	-0.774121542
0.187714588	-0.778451820
0.187718923	-0.782782098
0.187723258	-0.787112376
0.187727593	-0.791442654
0.187731928	-0.795772932
0.187736263	-0.800103210
0.187740598	-0.804433489
0.187744933	-0.808763767
0.187749268	-0.813094045
0.187753603	-0.817424323
0.187757939	-0.821754601
0.187762274	-0.826084879
0.187766609	-0.830415157
0.187770944	-0.834745435
0.187775279	-0.839075713
0.187779614	-0.843405991
0.187783949	-0.847736269
0.188714549	-0.488318371
0.188718885	-0.492648649
0.188723220	-0.496978927
0.188727555	-0.501309205
0.188731890	-0.505639483
0.188736225	-0.509969761
0.188740560	-0.514300039
0.188744895	-0.518630317
0.188749230	-0.522960596
0.188753565	-0.527290874
0.188757900	-0.531621152
0.188762236	-0.535951430
0.188766571	-0.540281708
0.188770906	-0.544611986
0.188775241	-0.548942264
0.188779576	-0.553272542
0.188783911	-0.557602820
0.188788246	-0.561933098
0.188792581	-0.566263376
0.188796916	-0.570593655
0.188801251	-0.574923933
0.188805586	-0.579254211
0.188809922	-0.583584489
0.188814257	-0.587914767
0.188818592	-0.592245045
0.188822927	-0.596575323
0.188827262	-0.600905601
0.188831597	-0.605235879
0.188835932	-0.609566157
0.188840267	-0.613896436
0.188844602	-0.618226714
0.188848937	-0.622556992
0.188853273	-0.626887270
0.188857608	-0.631217548
0.188861943	-0.635547826
0.188866278	-0.639878104
0.188870613	-0.644208382
0.188874948	-0.648538660
0.188879283	-0.652868938
0.188883618	-0.657199217
0.188887953	-0.661529495
0.188892288	-0.665859773
0.188896623	-0.670190051
0.188900959	-0.674520329
0.188905294	-0.678850607
0.188909629	-0.683180885
0.188913964	-0.687511163
0.188918299	-0.691841441
0.188922634	-0.696171719
0.188926969	-0.700501997
0.188931304	-0.704832276
0.188935639	-0.709162554
0.188939974	-0.713492832
0.188944310	-0.717823110
0.188948645	-0.722153388
0.188952980	-0.726483666
0.188957315	-0.730813944
0.188961650	-0.735144222
0.188965985	-0.739474500
0.188970320	-0.743804778
0.188974655	-0.748135057
0.188978990	-0.752465335
0.188983325	-0.756795613
0.188987660	-0.761125891
0.188991996	-0.765456169
0.188996331	-0.769786447
0.189000666	-0.774116725
0.189005001	-0.778447003
0.189009336	-0.782777281
0.189013671	-0.787107559
0.189018006	-0.791437837
0.189022341	-0.795768116
0.189026676	-0.800098394
0.189031011	-0.804428672
0.189035346	-0.808758950
0.189039682	-0.813089228
0.189044017	-0.817419506
0.189048352	-0.821749784
0.189052687	-0.826080062
0.189057022	-0.830410340
0.189061357	-0.834740618
0.189065692	-0.839070897
0.189070027	-0.843401175
0.189074362	-0.847731453
0.189078697	-0.852061731
0.190009298	-0.492643832
0.190013633	-0.496974110
0.190017968	-0.501304388
0.190022303	-0.505634666
0.190026638	-0.509964944
0.190030973	-0.514295223
0.190035308	-0.518625501
0.190039643	-0.522955779
0.190043979	-0.527286057
0.190048314	-0.531616335
0.190052649	-0.535946613
0.190056984	-0.540276891
0.190061319	-0.544607169
0.190065654	-0.548937447
0.190069989	-0.553267725
0.190074324	-0.557598004
0.190078659	-0.561928282
0.190082994	-0.566258560
0.190087330	-0.570588838
0.190091665	-0.574919116
0.190096000	-0.579249394
0.190100335	-0.583579672
0.190104670	-0.587909950
0.190109005	-0.592240228
0.190113340	-0.596570506
0.190117675	-0.600900784
0.190122010	-0.605231063
0.190126345	-0.609561341
0.190130680	-0.613891619
0.190135016	-0.618221897
0.190139351	-0.622552175
0.190143686	-0.626882453
0.190148021	-0.631212731
0.190152356	-0.635543009
0.190156691	-0.639873287
0.190161026	-0.644203565
0.190165361	-0.648533844
0.190169696	-0.652864122
0.190174031	-0.657194400
0.190178367	-0.661524678
0.190182702	-0.665854956
0.190187037	-0.670185234
0.190191372	-0.674515512
0.190195707	-0.678845790
0.190200042	-0.683176068
0.190204377	-0.687506346
0.190208712	-0.691836625
0.190213047	-0.696166903
0.190217382	-0.700497181
0.190221717	-0.704827459
0.190226053	-0.709157737
0.190230388	-0.713488015
0.190234723	-0.717818293
0.190239058	-0.722148571
0.190243393	-0.726478849
0.190247728	-0.730809127
0.190252063	-0.735139405
0.190256398	-0.739469684
0.190260733	-0.743799962
0.190265068	-0.748130240
0.190269404	-0.752460518
0.190273739	-0.756790796
0.190278074	-0.761121074
0.190282409	-0.765451352
0.190286744	-0.769781630
0.190291079	-0.774111908
0.190295414	-0.778442186
0.190299749	-0.782772465
0.190304084	-0.787102743
0.190308419	-0.791433021
0.190312754	-0.795763299
0.190317090	-0.800093577
0.190321425	-0.804423855
0.190325760	-0.808754133
0.190330095	-0.813084411
0.190334430	-0.817414689
0.190338765	-0.821744967
0.190343100	-0.826075245
0.190347435	-0.830405524
0.190351770	-0.834735802
0.190356105	-0.839066080
0.190360440	-0.843396358
0.190364776	-0.847726636
0.190369111	-0.852056914
0.190373446	-0.856387192
0.191299711	-0.492639015
0.191304046	-0.496969293
0.191308381	-0.501299572
0.191312716	-0.505629850
0.191317051	-0.509960128
0.191321387	-0.514290406
0.191325722	-0.518620684
0.191330057	-0.522950962
0.191334392	-0.527281240
0.191338727	-0.531611518
0.191343062	-0.535941796
0.191347397	-0.540272074
0.191351732	-0.544602352
0.191356067	-0.548932631
0.191360402	-0.553262909
0.191364737	-0.557593187
0.191369073	-0.561923465
0.191373408	-0.566253743
0.191377743	-0.570584021
0.191382078	-0.574914299
0.191386413	-0.579244577
0.191390748	-0.583574855
0.191395083	-0.587905133
0.191399418	-0.592235412
0.191403753	-0.596565690
0.191408088	-0.600895968
0.191412424	-0.605226246
0.191416759	-0.609556524
0.191421094	-0.613886802
0.191425429	-0.618217080
0.191429764	-0.622547358
0.191434099	-0.626877636
0.191438434	-0.631207914
0.191442769	-0.635538192
0.191447104	-0.639868471
0.191451439	-0.644198749
0.191455774	-0.648529027
0.191460110	-0.652859305
0.191464445	-0.657189583
0.191468780	-0.661519861
0.191473115	-0.665850139
0.191477450	-0.670180417
0.191481785	-0.674510695
0.191486120	-0.678840973
0.191490455	-0.683171252
0.191494790	-0.687501530
0.191499125	-0.691831808
0.191503461	-0.696162086
0.191507796	-0.700492364
0.191512131	-0.704822642
0.191516466	-0.709152920
0.191520801	-0.713483198
0.191525136	-0.717813476
0.191529471	-0.722143754
0.191533806	-0.726474032
0.191538141	-0.730804311
0.191542476	-0.735134589
0.191546811	-0.739464867
0.191551147	-0.743795145
0.191555482	-0.748125423
0.191559817	-0.752455701
0.191564152	-0.756785979
0.191568487	-0.761116257
0.191572822	-0.765446535
0.191577157	-0.769776813
0.191581492	-0.774107092
0.191585827	-0.778437370
0.191590162	-0.782767648
0.191594498	-0.787097926
0.191598833	-0.791428204
0.191603168	-0.795758482
0.191607503	-0.800088760
0.191611838	-0.804419038
0.191616173	-0.808749316
0.191620508	-0.813079594
0.191624843	-0.817409873
0.191629178	-0.821740151
0.191633513	-0.826070429
0.191637848	-0.830400707
0.191642184	-0.834730985
0.191646519	-0.839061263
0.191650854	-0.843391541
0.191655189	-0.847721819
0.191659524	-0.852052097
0.191663859	-0.856382375
0.191668194	-0.860712653
0.192590124	-0.492634199
0.192594459	-0.496964477
0.192598794	-0.501294755
0.192603130	-0.505625033
0.192607465	-0.509955311
0.192611800	-0.514285589
0.192616135	-0.518615867
0.192620470	-0.522946145
0.192624805	-0.527276423
0.192629140	-0.531606701
0.192633475	-0.535936980
0.192637810	-0.540267258
0.192642145	-0.544597536
0.192646481	-0.548927814
0.192650816	-0.553258092
0.192655151	-0.557588370
0.192659486	-0.561918648
0.192663821	-0.566248926
0.192668156	-0.570579204
0.192672491	-0.574909482
0.192676826	-0.579239760
0.192681161	-0.583570039
0.192685496	-0.587900317
0.192689831	-0.592230595
0.192694167	-0.596560873
0.192698502	-0.600891151
0.192702837	-0.605221429
0.192707172	-0.609551707
0.192711507	-0.613881985
0.192715842	-0.618212263
0.192720177	-0.622542541
0.192724512	-0.626872820
0.192728847	-0.631203098
0.192733182	-0.635533376
0.192737518	-0.639863654
0.192741853	-0.644193932
0.192746188	-0.648524210
0.192750523	-0.652854488
0.192754858	-0.657184766
0.192759193	-0.661515044
0.192763528	-0.665845322
0.192767863	-0.670175600
0.192772198	-0.674505879
0.192776533	-0.678836157
0.192780868	-0.683166435
0.192785204	-0.687496713
0.192789539	-0.691826991
0.192793874	-0.696157269
0.192798209	-0.700487547
0.192802544	-0.704817825
0.192806879	-0.709148103
0.192811214	-0.713478381
0.192815549	-0.717808660
0.192819884	-0.722138938
0.192824219	-0.726469216
0.192828555	-0.730799494
0.192832890	-0.735129772
0.192837225	-0.739460050
0.192841560	-0.743790328
0.192845895	-0.748120606
0.192850230	-0.752450884
0.192854565	-0.756781162
0.192858900	-0.761111440
0.192863235	-0.765441719
0.192867570	-0.769771997
0.192871905	-0.774102275
0.192876241	-0.778432553
0.192880576	-0.782762831
0.192884911	-0.787093109
0.192889246	-0.791423387
0.192893581	-0.795753665
0.192897916	-0.800083943
0.192902251	-0.804414221
0.192906586	-0.808744500
0.192910921	-0.813074778
0.192915256	-0.817405056
0.192919592	-0.821735334
0.192923927	-0.826065612
0.192928262	-0.830395890
0.192932597	-0.834726168
0.192936932	-0.839056446
0.192941267	-0.843386724
0.192945602	-0.847717002
0.192949937	-0.852047280
0.192954272	-0.856377559
0.192958607	-0.860707837
0.192962942	-0.865038115
0.193884873	-0.496959660
0.193889208	-0.501289938
0.193893543	-0.505620216
0.193897878	-0.509950494
0.193902213	-0.514280772
0.193906548	-0.518611050
0.193910883	-0.522941328
0.193915218	-0.527271607
0.193919553	-0.531601885
0.193923888	-0.535932163
0.193928224	-0.540262441
0.193932559	-0.544592719
0.193936894	-0.548922997
0.193941229	-0.553253275
0.193945564	-0.557583553
0.193949899	-0.561913831
0.193954234	-0.566244109
0.193958569	-0.570574388
0.193962904	-0.574904666
0.193967239	-0.579234944
0.193971575	-0.583565222
0.193975910	-0.587895500
0.193980245	-0.592225778
0.193984580	-0.596556056
0.193988915	-0.600886334
0.193993250	-0.605216612
0.193997585	-0.609546890
0.194001920	-0.613877168
0.194006255	-0.618207447
0.194010590	-0.622537725
0.194014925	-0.626868003
0.194019261	-0.631198281
0.194023596	-0.635528559
0.194027931	-0.639858837
0.194032266	-0.644189115
0.194036601	-0.648519393
0.194040936	-0.652849671
0.194045271	-0.657179949
0.194049606	-0.661510228
0.194053941	-0.665840506
0.194058276	-0.670170784
0.194062612	-0.674501062
0.194066947	-0.678831340
0.194071282	-0.683161618
0.194075617	-0.687491896
0.194079952	-0.691822174
0.194084287	-0.696152452
0.194088622	-0.700482730
0.194092957	-0.704813008
0.194097292	-0.709143287
0.194101627	-0.713473565
0.194105962	-0.717803843
0.194110298	-0.722134121
0.194114633	-0.726464399
0.194118968	-0.730794677
0.194123303	-0.735124955
0.194127638	-0.739455233
0.194131973	-0.743785511
0.194136308	-0.748115789
0.194140643	-0.752446068
0.194144978	-0.756776346
0.194149313	-0.761106624
0.194153649	-0.765436902
0.194157984	-0.769767180
0.194162319	-0.774097458
0.194166654	-0.778427736
0.194170989	-0.782758014
0.194175324	-0.787088292
0.194179659	-0.791418570
0.194183994	-0.795748848
0.194188329	-0.800079127
0.194192664	-0.804409405
0.194196999	-0.808739683
0.194201335	-0.813069961
0.194205670	-0.817400239
0.194210005	-0.821730517
0.194214340	-0.826060795
0.194218675	-0.830391073
0.194223010	-0.834721351
0.194227345	-0.839051629
0.194231680	-0.843381908
0.194236015	-0.847712186
0.194240350	-0.852042464
0.194244685	-0.856372742
0.194249021	-0.860703020
0.194253356	-0.865033298
0.194257691	-0.869363576
0.195175286	-0.496954843
0.195179621	-0.501285121
0.195183956	-0.505615399
0.195188291	-0.509945677
0.195192626	-0.514275955
0.195196961	-0.518606234
0.195201296	-0.522936512
0.195205632	-0.527266790
0.195209967	-0.531597068
0.195214302	-0.535927346
0.195218637	-0.540257624
0.195222972	-0.544587902
0.195227307	-0.548918180
0.195231642	-0.553248458
0.195235977	-0.557578736
0.195240312	-0.561909015
0.195244647	-0.566239293
0.195248982	-0.570569571
0.195253318	-0.574899849
0.195257653	-0.579230127
0.195261988	-0.583560405
0.195266323	-0.587890683
0.195270658	-0.592220961
0.195274993	-0.596551239
0.195279328	-0.600881517
0.195283663	-0.605211795
0.195287998	-0.609542074
0.195292333	-0.613872352
0.195296669	-0.618202630
0.195301004	-0.622532908
0.195305339	-0.626863186
0.195309674	-0.631193464
0.195314009	-0.635523742
0.195318344	-0.639854020
0.195322679	-0.644184298
0.195327014	-0.648514576
0.195331349	-0.652844855
0.195335684	-0.657175133
0.195340019	-0.661505411
0.195344355	-0.665835689
0.195348690	-0.670165967
0.195353025	-0.674496245
0.195357360	-0.678826523
0.195361695	-0.683156801
0.195366030	-0.687487079
0.195370365	-0.691817357
0.195374700	-0.696147636
0.195379035	-0.700477914
0.195383370	-0.704808192
0.195387706	-0.709138470
0.195392041	-0.713468748
0.195396376	-0.717799026
0.195400711	-0.722129304
0.195405046	-0.726459582
0.195409381	-0.730789860
0.195413716	-0.735120138
0.195418051	-0.739450416
0.195422386	-0.743780695
0.195426721	-0.748110973
0.195431056	-0.752441251
0.195435392	-0.756771529
0.195439727	-0.761101807
0.195444062	-0.765432085
0.195448397	-0.769762363
0.195452732	-0.774092641
0.195457067	-0.778422919
0.195461402	-0.782753197
0.195465737	-0.787083476
0.195470072	-0.791413754
0.195474407	-0.795744032
0.195478743	-0.800074310
0.195483078	-0.804404588
0.195487413	-0.808734866
0.195491748	-0.813065144
0.195496083	-0.817395422
0.195500418	-0.821725700
0.195504753	-0.826055978
0.195509088	-0.830386256
0.195513423	-0.834716535
0.195517758	-0.839046813
0.195522093	-0.843377091
0.195526429	-0.847707369
0.195530764	-0.852037647
0.195535099	-0.856367925
0.195539434	-0.860698203
0.195543769	-0.865028481
0.195548104	-0.869358759
0.195552439	-0.873689037
0.196470034	-0.501280304
0.196474369	-0.505610583
0.196478704	-0.509940861
0.196483039	-0.514271139
0.196487375	-0.518601417
0.196491710	-0.522931695
0.196496045	-0.527261973
0.196500380	-0.531592251
0.196504715	-0.535922529
0.196509050	-0.540252807
0.196513385	-0.544583085
0.196517720	-0.548913363
0.196522055	-0.553243642
0.196526390	-0.557573920
0.196530726	-0.561904198
0.196535061	-0.566234476
0.196539396	-0.570564754
0.196543731	-0.574895032
0.196548066	-0.579225310
0.196552401	-0.583555588
0.196556736	-0.587885866
0.196561071	-0.592216144
0.196565406	-0.596546423
0.196569741	-0.600876701
0.196574076	-0.605206979
0.196578412	-0.609537257
0.196582747	-0.613867535
0.196587082	-0.618197813
0.196591417	-0.622528091
0.196595752	-0.626858369
0.196600087	-0.631188647
0.196604422	-0.635518925
0.196608757	-0.639849203
0.196613092	-0.644179482
0.196617427	-0.648509760
0.196621763	-0.652840038
0.196626098	-0.657170316
0.196630433	-0.661500594
0.196634768	-0.665830872
0.196639103	-0.670161150
0.196643438	-0.674491428
0.196647773	-0.678821706
0.196652108	-0.683151984
0.196656443	-0.687482263
0.196660778	-0.691812541
0.196665113	-0.696142819
0.196669449	-0.700473097
0.196673784	-0.704803375
0.196678119	-0.709133653
0.196682454	-0.713463931
0.196686789	-0.717794209
0.196691124	-0.722124487
0.196695459	-0.726454765
0.196699794	-0.730785044
0.196704129	-0.735115322
0.196708464	-0.739445600
0.196712800	-0.743775878
0.196717135	-0.748106156
0.196721470	-0.752436434
0.196725805	-0.756766712
0.196730140	-0.761096990
0.196734475	-0.765427268
0.196738810	-0.769757546
0.196743145	-0.774087824
0.196747480	-0.778418103
0.196751815	-0.782748381
0.196756150	-0.787078659
0.196760486	-0.791408937
0.196764821	-0.795739215
0.196769156	-0.800069493
0.196773491	-0.804399771
0.196777826	-0.808730049
0.196782161	-0.813060327
0.196786496	-0.817390605
0.196790831	-0.821720884
0.196795166	-0.826051162
0.196799501	-0.830381440
0.196803837	-0.834711718
0.196808172	-0.839041996
0.196812507	-0.843372274
0.196816842	-0.847702552
0.196821177	-0.852032830
0.196825512	-0.856363108
0.196829847	-0.860693386
0.196834182	-0.865023664
0.196838517	-0.869353943
0.196842852	-0.873684221
0.196847187	-0.878014499
0.197760447	-0.501275488
0.197764783	-0.505605766
0.197769118	-0.509936044
0.197773453	-0.514266322
0.197777788	-0.518596600
0.197782123	-0.522926878
0.197786458	-0.527257156
0.197790793	-0.531587434
0.197795128	-0.535917712
0.197799463	-0.540247991
0.197803798	-0.544578269
0.197808133	-0.548908547
0.197812469	-0.553238825
0.197816804	-0.557569103
0.197821139	-0.561899381
0.197825474	-0.566229659
0.197829809	-0.570559937
0.197834144	-0.574890215
0.197838479	-0.579220493
0.197842814	-0.583550771
0.197847149	-0.587881050
0.197851484	-0.592211328
0.197855820	-0.596541606
0.197860155	-0.600871884
0.197864490	-0.605202162
0.197868825	-0.609532440
0.197873160	-0.613862718
0.197877495	-0.618192996
0.197881830	-0.622523274
0.197886165	-0.626853552
0.197890500	-0.631183831
0.197894835	-0.635514109
0.197899170	-0.639844387
0.197903506	-0.644174665
0.197907841	-0.648504943
0.197912176	-0.652835221
0.197916511	-0.657165499
0.197920846	-0.661495777
0.197925181	-0.665826055
0.197929516	-0.670156333
0.197933851	-0.674486611
0.197938186	-0.678816890
0.197942521	-0.683147168
0.197946857	-0.687477446
0.197951192	-0.691807724
0.197955527	-0.696138002
0.197959862	-0.700468280
0.197964197	-0.704798558
0.197968532	-0.709128836
0.197972867	-0.713459114
0.197977202	-0.717789392
0.197981537	-0.722119671
0.197985872	-0.726449949
0.197990207	-0.730780227
0.197994543	-0.735110505
0.197998878	-0.739440783
0.198003213	-0.743771061
0.198007548	-0.748101339
0.198011883	-0.752431617
0.198016218	-0.756761895
0.198020553	-0.761092173
0.198024888	-0.765422451
0.198029223	-0.769752730
0.198033558	-0.774083008
0.198037894	-0.778413286
0.198042229	-0.782743564
0.198046564	-0.787073842
0.198050899	-0.791404120
0.198055234	-0.795734398
0.198059569	-0.800064676
0.198063904	-0.804394954
0.198068239	-0.808725232
0.198072574	-0.813055511
0.198076909	-0.817385789
0.198081244	-0.821716067
0.198085580	-0.826046345
0.198089915	-0.830376623
0.198094250	-0.834706901
0.198098585	-0.839037179
0.198102920	-0.843367457
0.198107255	-0.847697735
0.198111590	-0.852028013
0.198115925	-0.856358292
0.198120260	-0.860688570
0.198124595	-0.865018848
0.198128931	-0.869349126
0.198133266	-0.873679404
0.198137601	-0.878009682
0.198141936	-0.882339960
0.199055196	-0.505600949
0.199059531	-0.509931227
0.199063866	-0.514261505
0.199068201	-0.518591783
0.199072536	-0.522922061
0.199076871	-0.527252339
0.199081206	-0.531582618
0.199085541	-0.535912896
0.199089877	-0.540243174
0.199094212	-0.544573452
0.199098547	-0.548903730
0.199102882	-0.553234008
0.199107217	-0.557564286
0.199111552	-0.561894564
0.199115887	-0.566224842
0.199120222	-0.570555120
0.199124557	-0.574885399
0.199128892	-0.579215677
0.199133227	-0.583545955
0.199137563	-0.587876233
0.199141898	-0.592206511
0.199146233	-0.596536789
0.199150568	-0.600867067
0.199154903	-0.605197345
0.199159238	-0.609527623
0.199163573	-0.613857901
0.199167908	-0.618188179
0.199172243	-0.622518458
0.199176578	-0.626848736
0.199180914	-0.631179014
0.199185249	-0.635509292
0.199189584	-0.639839570
0.199193919	-0.644169848
0.199198254	-0.648500126
0.199202589	-0.652830404
0.199206924	-0.657160682
0.199211259	-0.661490960
0.199215594	-0.665821239
0.199219929	-0.670151517
0.199224264	-0.674481795
0.199228600	-0.678812073
0.199232935	-0.683142351
0.199237270	-0.687472629
0.199241605	-0.691802907
0.199245940	-0.696133185
0.199250275	-0.700463463
0.199254610	-0.704793741
0.199258945	-0.709124019
0.199263280	-0.713454298
0.199267615	-0.717784576
0.199271951	-0.722114854
0.199276286	-0.726445132
0.199280621	-0.730775410
0.199284956	-0.735105688
0.199289291	-0.739435966
0.199293626	-0.743766244
0.199297961	-0.748096522
0.199302296	-0.752426800
0.199306631	-0.756757079
0.199310966	-0.761087357
0.199315301	-0.765417635
0.199319637	-0.769747913
0.199323972	-0.774078191
0.199328307	-0.778408469
0.199332642	-0.782738747
0.199336977	-0.787069025
0.199341312	-0.791399303
0.199345647	-0.795729581
0.199349982	-0.800059859
0.199354317	-0.804390138
0.199358652	-0.808720416
0.199362988	-0.813050694
0.199367323	-0.817380972
0.199371658	-0.821711250
0.199375993	-0.826041528
0.199380328	-0.830371806
0.199384663	-0.834702084
0.199388998	-0.839032362
0.199393333	-0.843362640
0.199397668	-0.847692919
0.199402003	-0.852023197
0.199406338	-0.856353475
0.199410674	-0.860683753
0.199415009	-0.865014031
0.199419344	-0.869344309
0.199423679	-0.873674587
0.199428014	-0.878004865
0.199432349	-0.882335143
0.199436684	-0.886665421
0.200345609	-0.505596132
0.200349944	-0.509926410
0.200354279	-0.514256688
0.200358614	-0.518586966
0.200362949	-0.522917245
0.200367284	-0.527247523
0.200371620	-0.531577801
0.200375955	-0.535908079
0.200380290	-0.540238357
0.200384625	-0.544568635
0.200388960	-0.548898913
0.200393295	-0.553229191
0.200397630	-0.557559469
0.200401965	-0.561889747
0.200406300	-0.566220026
0.200410635	-0.570550304
0.200414971	-0.574880582
0.200419306	-0.579210860
0.200423641	-0.583541138
0.200427976	-0.587871416
0.200432311	-0.592201694
0.200436646	-0.596531972
0.200440981	-0.600862250
0.200445316	-0.605192528
0.200449651	-0.609522807
0.200453986	-0.613853085
0.200458321	-0.618183363
0.200462657	-0.622513641
0.200466992	-0.626843919
0.200471327	-0.631174197
0.200475662	-0.635504475
0.200479997	-0.639834753
0.200484332	-0.644165031
0.200488667	-0.648495309
0.200493002	-0.652825587
0.200497337	-0.657155866
0.200501672	-0.661486144
0.200506008	-0.665816422
0.200510343	-0.670146700
0.200514678	-0.674476978
0.200519013	-0.678807256
0.200523348	-0.683137534
0.200527683	-0.687467812
0.200532018	-0.691798090
0.200536353	-0.696128368
0.200540688	-0.700458647
0.200545023	-0.704788925
0.200549358	-0.709119203
0.200553694	-0.713449481
0.200558029	-0.717779759
0.200562364	-0.722110037
0.200566699	-0.726440315
0.200571034	-0.730770593
0.200575369	-0.735100871
0.200579704	-0.739431149
0.200584039	-0.743761427
0.200588374	-0.748091706
0.200592709	-0.752421984
0.200597045	-0.756752262
0.200601380	-0.761082540
0.200605715	-0.765412818
0.200610050	-0.769743096
0.200614385	-0.774073374
0.200618720	-0.778403652
0.200623055	-0.782733930
0.200627390	-0.787064208
0.200631725	-0.791394487
0.200636060	-0.795724765
0.200640395	-0.800055043
0.200644731	-0.804385321
0.200649066	-0.808715599
0.200653401	-0.813045877
0.200657736	-0.817376155
0.200662071	-0.821706433
0.200666406	-0.826036711
0.200670741	-0.830366989
0.200675076	-0.834697267
0.200679411	-0.839027546
0.200683746	-0.843357824
0.200688082	-0.847688102
0.200692417	-0.852018380
0.200696752	-0.856348658
0.200701087	-0.860678936
0.200705422	-0.865009214
0.200709757	-0.869339492
0.200714092	-0.873669770
0.200718427	-0.878000048
0.200722762	-0.882330327
0.200727097	-0.886660605
0.200731432	-0.890990883
0.201640357	-0.509921594
0.201644692	-0.514251872
0.201649028	-0.518582150
0.201653363	-0.522912428
0.201657698	-0.527242706
0.201662033	-0.531572984
0.201666368	-0.535903262
0.201670703	-0.540233540
0.201675038	-0.544563818
0.201679373	-0.548894096
0.201683708	-0.553224374
0.201688043	-0.557554653
0.201692378	-0.561884931
0.201696714	-0.566215209
0.201701049	-0.570545487
0.201705384	-0.574875765
0.201709719	-0.579206043
0.201714054	-0.583536321
0.201718389	-0.587866599
0.201722724	-0.592196877
0.201727059	-0.596527155
0.201731394	-0.600857434
0.201735729	-0.605187712
0.201740065	-0.609517990
0.201744400	-0.613848268
0.201748735	-0.618178546
0.201753070	-0.622508824
0.201757405	-0.626839102
0.201761740	-0.631169380
0.201766075	-0.635499658
0.201770410	-0.639829936
0.201774745	-0.644160214
0.201779080	-0.648490493
0.201783415	-0.652820771
0.201787751	-0.657151049
0.201792086	-0.661481327
0.201796421	-0.665811605
0.201800756	-0.670141883
0.201805091	-0.674472161
0.201809426	-0.678802439
0.201813761	-0.683132717
0.201818096	-0.687462995
0.201822431	-0.691793274
0.201826766	-0.696123552
0.201831102	-0.700453830
0.201835437	-0.704784108
0.201839772	-0.709114386
0.201844107	-0.713444664
0.201848442	-0.717774942
0.201852777	-0.722105220
0.201857112	-0.726435498
0.201861447	-0.730765776
0.201865782	-0.735096055
0.201870117	-0.739426333
0.201874452	-0.743756611
0.201878788	-0.748086889
0.201883123	-0.752417167
0.201887458	-0.756747445
0.201891793	-0.761077723
0.201896128	-0.765408001
0.201900463	-0.769738279
0.201904798	-0.774068557
0.201909133	-0.778398835
0.201913468	-0.782729114
0.201917803	-0.787059392
0.201922139	-0.791389670
0.201926474	-0.795719948
0.201930809	-0.800050226
0.201935144	-0.804380504
0.201939479	-0.808710782
0.201943814	-0.813041060
0.201948149	-0.817371338
0.201952484	-0.821701616
0.201956819	-0.826031895
0.201961154	-0.830362173
0.201965489	-0.834692451
0.201969825	-0.839022729
0.201974160	-0.843353007
0.201978495	-0.847683285
0.201982830	-0.852013563
0.201987165	-0.856343841
0.201991500	-0.860674119
0.201995835	-0.865004397
0.202000170	-0.869334675
0.202004505	-0.873664954
0.202008840	-0.877995232
0.202013176	-0.882325510
0.202017511	-0.886655788
0.202021846	-0.890986066
0.202026181	-0.895316344
0.202930771	-0.509916777
0.202935106	-0.514247055
0.202939441	-0.518577333
0.202943776	-0.522907611
0.202948111	-0.527237889
0.202952446	-0.531568167
0.202956781	-0.535898445
0.202961116	-0.540228723
0.202965451	-0.544559002
0.202969786	-0.548889280
0.202974122	-0.553219558
0.202978457	-0.557549836
0.202982792	-0.561880114
0.202987127	-0.566210392
0.202991462	-0.570540670
0.202995797	-0.574870948
0.203000132	-0.579201226
0.203004467	-0.583531504
0.203008802	-0.587861782
0.203013137	-0.592192061
0.203017472	-0.596522339
0.203021808	-0.600852617
0.203026143	-0.605182895
0.203030478	-0.609513173
0.203034813	-0.613843451
0.203039148	-0.618173729
0.203043483	-0.622504007
0.203047818	-0.626834285
0.203052153	-0.631164563
0.203056488	-0.635494842
0.203060823	-0.639825120
0.203065159	-0.644155398
0.203069494	-0.648485676
0.203073829	-0.652815954
0.203078164	-0.657146232
0.203082499	-0.661476510
0.203086834	-0.665806788
0.203091169	-0.670137066
0.203095504	-0.674467344
0.203099839	-0.678797622
0.203104174	-0.683127901
0.203108509	-0.687458179
0.203112845	-0.691788457
0.203117180	-0.696118735
0.203121515	-0.700449013
0.203125850	-0.704779291
0.203130185	-0.709109569
0.203134520	-0.713439847
0.203138855	-0.717770125
0.203143190	-0.722100403
0.203147525	-0.726430682
0.203151860	-0.730760960
0.203156196	-0.735091238
0.203160531	-0.739421516
0.203164866	-0.743751794
0.203169201	-0.748082072
0.203173536	-0.752412350
0.203177871	-0.756742628
0.203182206	-0.761072906
0.203186541	-0.765403184
0.203190876	-0.769733463
0.203195211	-0.774063741
0.203199546	-0.778394019
0.203203882	-0.782724297
0.203208217	-0.787054575
0.203212552	-0.791384853
0.203216887	-0.795715131
0.203221222	-0.800045409
0.203225557	-0.804375687
0.203229892	-0.808705965
0.203234227	-0.813036243
0.203238562	-0.817366522
0.203242897	-0.821696800
0.203247233	-0.826027078
0.203251568	-0.830357356
0.203255903	-0.834687634
0.203260238	-0.839017912
0.203264573	-0.843348190
0.203268908	-0.847678468
0.203273243	-0.852008746
0.203277578	-0.856339024
0.203281913	-0.860669303
0.203286248	-0.864999581
0.203290583	-0.869329859
0.203294919	-0.873660137
0.203299254	-0.877990415
0.203303589	-0.882320693
0.203307924	-0.886650971
0.203312259	-0.890981249
0.203316594	-0.895311527
0.203320929	-0.899641805
0.204225519	-0.514242238
0.204229854	-0.518572516
0.204234189	-0.522902794
0.204238524	-0.527233072
0.204242859	-0.531563350
0.204247194	-0.535893629
0.204251529	-0.540223907
0.204255865	-0.544554185
0.204260200	-0.548884463
0.204264535	-0.553214741
0.204268870	-0.557545019
0.204273205	-0.561875297
0.204277540	-0.566205575
0.204281875	-0.570535853
0.204286210	-0.574866131
0.204290545	-0.579196410
0.204294880	-0.583526688
0.204299216	-0.587856966
0.204303551	-0.592187244
0.204307886	-0.596517522
0.204312221	-0.600847800
0.204316556	-0.605178078
0.204320891	-0.609508356
0.204325226	-0.613838634
0.204329561	-0.618168912
0.204333896	-0.622499190
0.204338231	-0.626829469
0.204342566	-0.631159747
0.204346902	-0.635490025
0.204351237	-0.639820303
0.204355572	-0.644150581
0.204359907	-0.648480859
0.204364242	-0.652811137
0.204368577	-0.657141415
0.204372912	-0.661471693
0.204377247	-0.665801971
0.204381582	-0.670132250
0.204385917	-0.674462528
0.204390253	-0.678792806
0.204394588	-0.683123084
0.204398923	-0.687453362
0.204403258	-0.691783640
0.204407593	-0.696113918
0.204411928	-0.700444196
0.204416263	-0.704774474
0.204420598	-0.709104752
0.204424933	-0.713435030
0.204429268	-0.717765309
0.204433603	-0.722095587
0.204437939	-0.726425865
0.204442274	-0.730756143
0.204446609	-0.735086421
0.204450944	-0.739416699
0.204455279	-0.743746977
0.204459614	-0.748077255
0.204463949	-0.752407533
0.204468284	-0.756737811
0.204472619	-0.761068090
0.204476954	-0.765398368
0.204481290	-0.769728646
0.204485625	-0.774058924
0.204489960	-0.778389202
0.204494295	-0.782719480
0.204498630	-0.787049758
0.204502965	-0.791380036
0.204507300	-0.795710314
0.204511635	-0.800040592
0.204515970	-0.804370870
0.204520305	-0.808701149
0.204524640	-0.813031427
0.204528976	-0.817361705
0.204533311	-0.821691983
0.204537646	-0.826022261
0.204541981	-0.830352539
0.204546316	-0.834682817
0.204550651	-0.839013095
0.204554986	-0.843343373
0.204559321	-0.847673651
0.204563656	-0.852003930
0.204567991	-0.856334208
0.204572327	-0.860664486
0.204576662	-0.864994764
0.204580997	-0.869325042
0.204585332	-0.873655320
0.204589667	-0.877985598
0.204594002	-0.882315876
0.204598337	-0.886646154
0.204602672	-0.890976432
0.204607007	-0.895306711
0.204611342	-0.899636989
0.204615677	-0.903967267
0.205515932	-0.514237421
0.205520267	-0.518567699
0.205524602	-0.522897978
0.205528937	-0.527228256
0.205533273	-0.531558534
0.205537608	-0.535888812
0.205541943	-0.540219090
0.205546278	-0.544549368
0.205550613	-0.548879646
0.205554948	-0.553209924
0.205559283	-0.557540202
0.205563618	-0.561870480
0.205567953	-0.566200758
0.205572288	-0.570531037
0.205576623	-0.574861315
0.205580959	-0.579191593
0.205585294	-0.583521871
0.205589629	-0.587852149
0.205593964	-0.592182427
0.205598299	-0.596512705
0.205602634	-0.600842983
0.205606969	-0.605173261
0.205611304	-0.609503539
0.205615639	-0.613833818
0.205619974	-0.618164096
0.205624310	-0.622494374
0.205628645	-0.626824652
0.205632980	-0.631154930
0.205637315	-0.635485208
0.205641650	-0.639815486
0.205645985	-0.644145764
0.205650320	-0.648476042
0.205654655	-0.652806320
0.205658990	-0.657136598
0.205663325	-0.661466877
0.205667660	-0.665797155
0.205671996	-0.670127433
0.205676331	-0.674457711
0.205680666	-0.678787989
0.205685001	-0.683118267
0.205689336	-0.687448545
0.205693671	-0.691778823
0.205698006	-0.696109101
0.205702341	-0.700439379
0.205706676	-0.704769658
0.205711011	-0.709099936
0.205715347	-0.713430214
0.205719682	-0.717760492
0.205724017	-0.722090770
0.205728352	-0.726421048
0.205732687	-0.730751326
0.205737022	-0.735081604
0.205741357	-0.739411882
0.205745692	-0.743742160
0.205750027	-0.748072438
0.205754362	-0.752402717
0.205758697	-0.756732995
0.205763033	-0.761063273
0.205767368	-0.765393551
0.205771703	-0.769723829
0.205776038	-0.774054107
0.205780373	-0.778384385
0.205784708	-0.782714663
0.205789043	-0.787044941
0.205793378	-0.791375219
0.205797713	-0.795705498
0.205802048	-0.800035776
0.205806384	-0.804366054
0.205810719	-0.808696332
0.205815054	-0.813026610
0.205819389	-0.817356888
0.205823724	-0.821687166
0.205828059	-0.826017444
0.205832394	-0.830347722
0.205836729	-0.834678000
0.205841064	-0.839008278
0.205845399	-0.843338557
0.205849734	-0.847668835
0.205854070	-0.851999113
0.205858405	-0.856329391
0.205862740	-0.860659669
0.205867075	-0.864989947
0.205871410	-0.869320225
0.205875745	-0.873650503
0.205880080	-0.877980781
0.205884415	-0.882311059
0.205888750	-0.886641338
0.205893085	-0.890971616
0.205897421	-0.895301894
0.205901756	-0.899632172
0.205906091	-0.903962450
0.205910426	-0.908292728
0.206806345	-0.514232605
0.206810680	-0.518562883
0.206815016	-0.522893161
0.206819351	-0.527223439
0.206823686	-0.531553717
0.206828021	-0.535883995
0.206832356	-0.540214273
0.206836691	-0.544544551
0.206841026	-0.548874829
0.206845361	-0.553205107
0.206849696	-0.557535385
0.206854031	-0.561865664
0.206858367	-0.566195942
0.206862702	-0.570526220
0.206867037	-0.574856498
0.206871372	-0.579186776
0.206875707	-0.583517054
0.206880042	-0.587847332
0.206884377	-0.592177610
0.206888712	-0.596507888
0.206893047	-0.600838166
0.206897382	-0.605168445
0.206901717	-0.609498723
0.206906053	-0.613829001
0.206910388	-0.618159279
0.206914723	-0.622489557
0.206919058	-0.626819835
0.206923393	-0.631150113
0.206927728	-0.635480391
0.206932063	-0.639810669
0.206936398	-0.644140947
0.206940733	-0.648471226
0.206945068	-0.652801504
0.206949404	-0.657131782
0.206953739	-0.661462060
0.206958074	-0.665792338
0.206962409	-0.670122616
0.206966744	-0.674452894
0.206971079	-0.678783172
0.206975414	-0.683113450
0.206979749	-0.687443728
0.206984084	-0.691774006
0.206988419	-0.696104285
0.206992754	-0.700434563
0.206997090	-0.704764841
0.207001425	-0.709095119
0.207005760	-0.713425397
0.207010095	-0.717755675
0.207014430	-0.722085953
0.207018765	-0.726416231
0.207023100	-0.730746509
0.207027435	-0.735076787
0.207031770	-0.739407066
0.207036105	-0.743737344
0.207040441	-0.748067622
0.207044776	-0.752397900
0.207049111	-0.756728178
0.207053446	-0.761058456
0.207057781	-0.765388734
0.207062116	-0.769719012
0.207066451	-0.774049290
0.207070786	-0.778379568
0.207075121	-0.782709846
0.207079456	-0.787040125
0.207083791	-0.791370403
0.207088127	-0.795700681
0.207092462	-0.800030959
0.207096797	-0.804361237
0.207101132	-0.808691515
0.207105467	-0.813021793
0.207109802	-0.817352071
0.207114137	-0.821682349
0.207118472	-0.826012627
0.207122807	-0.830342906
0.207127142	-0.834673184
0.207131478	-0.839003462
0.207135813	-0.843333740
0.207140148	-0.847664018
0.207144483	-0.851994296
0.207148818	-0.856324574
0.207153153	-0.860654852
0.207157488	-0.864985130
0.207161823	-0.869315408
0.207166158	-0.873645686
0.207170493	-0.877975965
0.207174828	-0.882306243
0.207179164	-0.886636521
0.207183499	-0.890966799
0.207187834	-0.895297077
0.207192169	-0.899627355
0.207196504	-0.903957633
0.207200839	-0.908287911
0.207205174	-0.912618189
0.208101094	-0.518558066
0.208105429	-0.522888344
0.208109764	-0.527218622
0.208114099	-0.531548900
0.208118434	-0.535879178
0.208122769	-0.540209456
0.208127104	-0.544539734
0.208131439	-0.548870013
0.208135774	-0.553200291
0.208140110	-0.557530569
0.208144445	-0.561860847
0.208148780	-0.566191125
0.208153115	-0.570521403
0.208157450	-0.574851681
0.208161785	-0.579181959
0.208166120	-0.583512237
0.208170455	-0.587842515
0.208174790	-0.592172793
0.208179125	-0.596503072
0.208183461	-0.600833350
0.208187796	-0.605163628
0.208192131	-0.609493906
0.208196466	-0.613824184
0.208200801	-0.618154462
0.208205136	-0.622484740
0.208209471	-0.626815018
0.208213806	-0.631145296
0.208218141	-0.635475574
0.208222476	-0.639805853
0.208226811	-0.644136131
0.208231147	-0.648466409
0.208235482	-0.652796687
0.208239817	-0.657126965
0.208244152	-0.661457243
0.208248487	-0.665787521
0.208252822	-0.670117799
0.208257157	-0.674448077
0.208261492	-0.678778355
0.208265827	-0.683108633
0.208270162	-0.687438912
0.208274498	-0.691769190
0.208278833	-0.696099468
0.208283168	-0.700429746
0.208287503	-0.704760024
0.208291838	-0.709090302
0.208296173	-0.713420580
0.208300508	-0.717750858
0.208304843	-0.722081136
0.208309178	-0.726411414
0.208313513	-0.730741693
0.208317848	-0.735071971
0.208322184	-0.739402249
0.208326519	-0.743732527
0.208330854	-0.748062805
0.208335189	-0.752393083
0.208339524	-0.756723361
0.208343859	-0.761053639
0.208348194	-0.765383917
0.208352529	-0.769714195
0.208356864	-0.774044474
0.208361199	-0.778374752
0.208365535	-0.782705030
0.208369870	-0.787035308
0.208374205	-0.791365586
0.208378540	-0.795695864
0.208382875	-0.800026142
0.208387210	-0.804356420
0.208391545	-0.808686698
0.208395880	-0.813016976
0.208400215	-0.817347254
0.208404550	-0.821677533
0.208408885	-0.826007811
0.208413221	-0.830338089
0.208417556	-0.834668367
0.208421891	-0.838998645
0.208426226	-0.843328923
0.208430561	-0.847659201
0.208434896	-0.851989479
0.208439231	-0.856319757
0.208443566	-0.860650035
0.208447901	-0.864980314
0.208452236	-0.869310592
0.208456572	-0.873640870
0.208460907	-0.877971148
0.208465242	-0.882301426
0.208469577	-0.886631704
0.208473912	-0.890961982
0.208478247	-0.895292260
0.208482582	-0.899622538
0.208486917	-0.903952816
0.208491252	-0.908283094
0.208495587	-0.912613373
0.208499922	-0.916943651
0.209391507	-0.518553249
0.209395842	-0.522883527
0.209400177	-0.527213805
0.209404512	-0.531544083
0.209408847	-0.535874361
0.209413182	-0.540204640
0.209417518	-0.544534918
0.209421853	-0.548865196
0.209426188	-0.553195474
0.209430523	-0.557525752
0.209434858	-0.561856030
0.209439193	-0.566186308
0.209443528	-0.570516586
0.209447863	-0.574846864
0.209452198	-0.579177142
0.209456533	-0.583507421
0.209460868	-0.587837699
0.209465204	-0.592167977
0.209469539	-0.596498255
0.209473874	-0.600828533
0.209478209	-0.605158811
0.209482544	-0.609489089
0.209486879	-0.613819367
0.209491214	-0.618149645
0.209495549	-0.622479923
0.209499884	-0.626810201
0.209504219	-0.631140480
0.209508555	-0.635470758
0.209512890	-0.639801036
0.209517225	-0.644131314
0.209521560	-0.648461592
0.209525895	-0.652791870
0.209530230	-0.657122148
0.209534565	-0.661452426
0.209538900	-0.665782704
0.209543235	-0.670112982
0.209547570	-0.674443261
0.209551905	-0.678773539
0.209556241	-0.683103817
0.209560576	-0.687434095
0.209564911	-0.691764373
0.209569246	-0.696094651
0.209573581	-0.700424929
0.209577916	-0.704755207
0.209582251	-0.709085485
0.209586586	-0.713415763
0.209590921	-0.717746041
0.209595256	-0.722076320
0.209599592	-0.726406598
0.209603927	-0.730736876
0.209608262	-0.735067154
0.209612597	-0.739397432
0.209616932	-0.743727710
0.209621267	-0.748057988
0.209625602	-0.752388266
0.209629937	-0.756718544
0.209634272	-0.761048822
0.209638607	-0.765379101
0.209642942	-0.769709379
0.209647278	-0.774039657
0.209651613	-0.778369935
0.209655948	-0.782700213
0.209660283	-0.787030491
0.209664618	-0.791360769
0.209668953	-0.795691047
0.209673288	-0.800021325
0.209677623	-0.804351603
0.209681958	-0.808681882
0.209686293	-0.813012160
0.209690629	-0.817342438
0.209694964	-0.821672716
0.209699299	-0.826002994
0.209703634	-0.830333272
0.209707969	-0.834663550
0.209712304	-0.838993828
0.209716639	-0.843324106
0.209720974	-0.847654384
0.209725309	-0.851984662
0.209729644	-0.856314941
0.209733979	-0.860645219
0.209738315	-0.864975497
0.209742650	-0.869305775
0.209746985	-0.873636053
0.209751320	-0.877966331
0.209755655	-0.882296609
0.209759990	-0.886626887
0.209764325	-0.890957165
0.209768660	-0.895287443
0.209772995	-0.899617722
0.209777330	-0.903948000
0.209781666	-0.908278278
0.209786001	-0.912608556
0.209790336	-0.916938834
0.209794671	-0.921269112
0.210686255	-0.522878710
0.210690590	-0.527208989
0.210694925	-0.531539267
0.210699261	-0.535869545
0.210703596	-0.540199823
0.210707931	-0.544530101
0.210712266	-0.548860379
0.210716601	-0.553190657
0.210720936	-0.557520935
0.210725271	-0.561851213
0.210729606	-0.566181491
0.210733941	-0.570511769
0.210738276	-0.574842048
0.210742612	-0.579172326
0.210746947	-0.583502604
0.210751282	-0.587832882
0.210755617	-0.592163160
0.210759952	-0.596493438
0.210764287	-0.600823716
0.210768622	-0.605153994
0.210772957	-0.609484272
0.210777292	-0.613814550
0.210781627	-0.618144829
0.210785962	-0.622475107
0.210790298	-0.626805385
0.210794633	-0.631135663
0.210798968	-0.635465941
0.210803303	-0.639796219
0.210807638	-0.644126497
0.210811973	-0.648456775
0.210816308	-0.652787053
0.210820643	-0.657117331
0.210824978	-0.661447609
0.210829313	-0.665777888
0.210833649	-0.670108166
0.210837984	-0.674438444
0.210842319	-0.678768722
0.210846654	-0.683099000
0.210850989	-0.687429278
0.210855324	-0.691759556
0.210859659	-0.696089834
0.210863994	-0.700420112
0.210868329	-0.704750390
0.210872664	-0.709080669
0.210876999	-0.713410947
0.210881335	-0.717741225
0.210885670	-0.722071503
0.210890005	-0.726401781
0.210894340	-0.730732059
0.210898675	-0.735062337
0.210903010	-0.739392615
0.210907345	-0.743722893
0.210911680	-0.748053171
0.210916015	-0.752383449
0.210920350	-0.756713728
0.210924686	-0.761044006
0.210929021	-0.765374284
0.210933356	-0.769704562
0.210937691	-0.774034840
0.210942026	-0.778365118
0.210946361	-0.782695396
0.210950696	-0.787025674
0.210955031	-0.791355952
0.210959366	-0.795686230
0.210963701	-0.800016509
0.210968036	-0.804346787
0.210972372	-0.808677065
0.210976707	-0.813007343
0.210981042	-0.817337621
0.210985377	-0.821667899
0.210989712	-0.825998177
0.210994047	-0.830328455
0.210998382	-0.834658733
0.211002717	-0.838989011
0.211007052	-0.843319289
0.211011387	-0.847649568
0.211015723	-0.851979846
0.211020058	-0.856310124
0.211024393	-0.860640402
0.211028728	-0.864970680
0.211033063	-0.869300958
0.211037398	-0.873631236
0.211041733	-0.877961514
0.211046068	-0.882291792
0.211050403	-0.886622070
0.211054738	-0.890952349
0.211059073	-0.895282627
0.211063409	-0.899612905
0.211067744	-0.903943183
0.211072079	-0.908273461
0.211076414	-0.912603739
0.211080749	-0.916934017
0.211085084	-0.921264295
0.211089419	-0.925594573
0.211976669	-0.522873894
0.211981004	-0.527204172
0.211985339	-0.531534450
0.211989674	-0.535864728
0.211994009	-0.540195006
0.211998344	-0.544525284
0.212002679	-0.548855562
0.212007014	-0.553185840
0.212011349	-0.557516118
0.212015684	-0.561846397
0.212020019	-0.566176675
0.212024355	-0.570506953
0.212028690	-0.574837231
0.212033025	-0.579167509
0.212037360	-0.583497787
0.212041695	-0.587828065
0.212046030	-0.592158343
0.212050365	-0.596488621
0.212054700	-0.600818899
0.212059035	-0.605149177
0.212063370	-0.609479456
0.212067706	-0.613809734
0.212072041	-0.618140012
0.212076376	-0.622470290
0.212080711	-0.626800568
0.212085046	-0.631130846
0.212089381	-0.635461124
0.212093716	-0.639791402
0.212098051	-0.644121680
0.212102386	-0.648451958
0.212106721	-0.652782237
0.212111056	-0.657112515
0.212115392	-0.661442793
0.212119727	-0.665773071
0.212124062	-0.670103349
0.212128397	-0.674433627
0.212132732	-0.678763905
0.212137067	-0.683094183
0.212141402	-0.687424461
0.212145737	-0.691754739
0.212150072	-0.696085017
0.212154407	-0.700415296
0.212158743	-0.704745574
0.212163078	-0.709075852
0.212167413	-0.713406130
0.212171748	-0.717736408
0.212176083	-0.722066686
0.212180418	-0.726396964
0.212184753	-0.730727242
0.212189088	-0.735057520
0.212193423	-0.739387798
0.212197758	-0.743718077
0.212202093	-0.748048355
0.212206429	-0.752378633
0.212210764	-0.756708911
0.212215099	-0.761039189
0.212219434	-0.765369467
0.212223769	-0.769699745
0.212228104	-0.774030023
0.212232439	-0.778360301
0.212236774	-0.782690579
0.212241109	-0.787020857
0.212245444	-0.791351136
0.212249780	-0.795681414
0.212254115	-0.800011692
0.212258450	-0.804341970
0.212262785	-0.808672248
0.212267120	-0.813002526
0.212271455	-0.817332804
0.212275790	-0.821663082
0.212280125	-0.825993360
0.212284460	-0.830323638
0.212288795	-0.834653917
0.212293130	-0.838984195
0.212297466	-0.843314473
0.212301801	-0.847644751
0.212306136	-0.851975029
0.212310471	-0.856305307
0.212314806	-0.860635585
0.212319141	-0.864965863
0.212323476	-0.869296141
0.212327811	-0.873626419
0.212332146	-0.877956697
0.212336481	-0.882286976
0.212340817	-0.886617254
0.212345152	-0.890947532
0.212349487	-0.895277810
0.212353822	-0.899608088
0.212358157	-0.903938366
0.212362492	-0.908268644
0.212366827	-0.912598922
0.212371162	-0.916929200
0.212375497	-0.921259478
0.212379832	-0.925589757
0.212384167	-0.929920035
0.213271417	-0.527199355
0.213275752	-0.531529633
0.213280087	-0.535859911
0.213284422	-0.540190189
0.213288757	-0.544520467
0.213293092	-0.548850745
0.213297427	-0.553181024
0.213301763	-0.557511302
0.213306098	-0.561841580
0.213310433	-0.566171858
0.213314768	-0.570502136
0.213319103	-0.574832414
0.213323438	-0.579162692
0.213327773	-0.583492970
0.213332108	-0.587823248
0.213336443	-0.592153526
0.213340778	-0.596483804
0.213345113	-0.600814083
0.213349449	-0.605144361
0.213353784	-0.609474639
0.213358119	-0.613804917
0.213362454	-0.618135195
0.213366789	-0.622465473
0.213371124	-0.626795751
0.213375459	-0.631126029
0.213379794	-0.635456307
0.213384129	-0.639786585
0.213388464	-0.644116864
0.213392800	-0.648447142
0.213397135	-0.652777420
0.213401470	-0.657107698
0.213405805	-0.661437976
0.213410140	-0.665768254
0.213414475	-0.670098532
0.213418810	-0.674428810
0.213423145	-0.678759088
0.213427480	-0.683089366
0.213431815	-0.687419645
0.213436150	-0.691749923
0.213440486	-0.696080201
0.213444821	-0.700410479
0.213449156	-0.704740757
0.213453491	-0.709071035
0.213457826	-0.713401313
0.213462161	-0.717731591
0.213466496	-0.722061869
0.213470831	-0.726392147
0.213475166	-0.730722425
0.213479501	-0.735052704
0.213483837	-0.739382982
0.213488172	-0.743713260
0.213492507	-0.748043538
0.213496842	-0.752373816
0.213501177	-0.756704094
0.213505512	-0.761034372
0.213509847	-0.765364650
0.213514182	-0.769694928
0.213518517	-0.774025206
0.213522852	-0.778355485
0.213527187	-0.782685763
0.213531523	-0.787016041
0.213535858	-0.791346319
0.213540193	-0.795676597
0.213544528	-0.800006875
0.213548863	-0.804337153
0.213553198	-0.808667431
0.213557533	-0.812997709
0.213561868	-0.817327987
0.213566203	-0.821658265
0.213570538	-0.825988544
0.213574874	-0.830318822
0.213579209	-0.834649100
0.213583544	-0.838979378
0.213587879	-0.843309656
0.213592214	-0.847639934
0.213596549	-0.851970212
0.213600884	-0.856300490
0.213605219	-0.860630768
0.213609554	-0.864961046
0.213613889	-0.869291325
0.213618224	-0.873621603
0.213622560	-0.877951881
0.213626895	-0.882282159
0.213631230	-0.886612437
0.213635565	-0.890942715
0.213639900	-0.895272993
0.213644235	-0.899603271
0.213648570	-0.903933549
0.213652905	-0.908263827
0.213657240	-0.912594105
0.213661575	-0.916924384
0.213665911	-0.921254662
0.213670246	-0.925584940
0.213674581	-0.929915218
0.213678916	-0.934245496
0.214561830	-0.527194538
0.214566165	-0.531524816
0.214570500	-0.535855094
0.214574835	-0.540185372
0.214579170	-0.544515651
0.214583506	-0.548845929
0.214587841	-0.553176207
0.214592176	-0.557506485
0.214596511	-0.561836763
0.214600846	-0.566167041
0.214605181	-0.570497319
0.214609516	-0.574827597
0.214613851	-0.579157875
0.214618186	-0.583488153
0.214622521	-0.587818432
0.214626857	-0.592148710
0.214631192	-0.596478988
0.214635527	-0.600809266
0.214639862	-0.605139544
0.214644197	-0.609469822
0.214648532	-0.613800100
0.214652867	-0.618130378
0.214657202	-0.622460656
0.214661537	-0.626790934
0.214665872	-0.631121212
0.214670207	-0.635451491
0.214674543	-0.639781769
0.214678878	-0.644112047
0.214683213	-0.648442325
0.214687548	-0.652772603
0.214691883	-0.657102881
0.214696218	-0.661433159
0.214700553	-0.665763437
0.214704888	-0.670093715
0.214709223	-0.674423993
0.214713558	-0.678754272
0.214717894	-0.683084550
0.214722229	-0.687414828
0.214726564	-0.691745106
0.214730899	-0.696075384
0.214735234	-0.700405662
0.214739569	-0.704735940
0.214743904	-0.709066218
0.214748239	-0.713396496
0.214752574	-0.717726774
0.214756909	-0.722057053
0.214761244	-0.726387331
0.214765580	-0.730717609
0.214769915	-0.735047887
0.214774250	-0.739378165
0.214778585	-0.743708443
0.214782920	-0.748038721
0.214787255	-0.752368999
0.214791590	-0.756699277
0.214795925	-0.761029555
0.214800260	-0.765359833
0.214804595	-0.769690112
0.214808931	-0.774020390
0.214813266	-0.778350668
0.214817601	-0.782680946
0.214821936	-0.787011224
0.214826271	-0.791341502
0.214830606	-0.795671780
0.214834941	-0.800002058
0.214839276	-0.804332336
0.214843611	-0.808662614
0.214847946	-0.812992893
0.214852281	-0.817323171
0.214856617	-0.821653449
0.214860952	-0.825983727
0.214865287	-0.830314005
0.214869622	-0.834644283
0.214873957	-0.838974561
0.214878292	-0.843304839
0.214882627	-0.847635117
0.214886962	-0.851965395
0.214891297	-0.856295673
0.214895632	-0.860625952
0.214899968	-0.864956230
0.214904303	-0.869286508
0.214908638	-0.873616786
0.214912973	-0.877947064
0.214917308	-0.882277342
0.214921643	-0.886607620
0.214925978	-0.890937898
0.214930313	-0.895268176
0.214934648	-0.899598454
0.214938983	-0.903928733
0.214943318	-0.908259011
0.214947654	-0.912589289
0.214951989	-0.916919567
0.214956324	-0.921249845
0.214960659	-0.925580123
0.214964994	-0.929910401
0.214969329	-0.934240679
0.214973664	-0.938570957
0.215856578	-0.531520000
0.215860914	-0.535850278
0.215865249	-0.540180556
0.215869584	-0.544510834
0.215873919	-0.548841112
0.215878254	-0.553171390
0.215882589	-0.557501668
0.215886924	-0.561831946
0.215891259	-0.566162224
0.215895594	-0.570492502
0.215899929	-0.574822780
0.215904264	-0.579153059
0.215908600	-0.583483337
0.215912935	-0.587813615
0.215917270	-0.592143893
0.215921605	-0.596474171
0.215925940	-0.600804449
0.215930275	-0.605134727
0.215934610	-0.609465005
0.215938945	-0.613795283
0.215943280	-0.618125561
0.215947615	-0.622455840
0.215951951	-0.626786118
0.215956286	-0.631116396
0.215960621	-0.635446674
0.215964956	-0.639776952
0.215969291	-0.644107230
0.215973626	-0.648437508
0.215977961	-0.652767786
0.215982296	-0.657098064
0.215986631	-0.661428342
0.215990966	-0.665758620
0.215995301	-0.670088899
0.215999637	-0.674419177
0.216003972	-0.678749455
0.216008307	-0.683079733
0.216012642	-0.687410011
0.216016977	-0.691740289
0.216021312	-0.696070567
0.216025647	-0.700400845
0.216029982	-0.704731123
0.216034317	-0.709061401
0.216038652	-0.713391680
0.216042988	-0.717721958
0.216047323	-0.722052236
0.216051658	-0.726382514
0.216055993	-0.730712792
0.216060328	-0.735043070
0.216064663	-0.739373348
0.216068998	-0.743703626
0.216073333	-0.748033904
0.216077668	-0.752364182
0.216082003	-0.756694460
0.216086338	-0.761024739
0.216090674	-0.765355017
0.216095009	-0.769685295
0.216099344	-0.774015573
0.216103679	-0.778345851
0.216108014	-0.782676129
0.216112349	-0.787006407
0.216116684	-0.791336685
0.216121019	-0.795666963
0.216125354	-0.799997241
0.216129689	-0.804327520
0.216134025	-0.808657798
0.216138360	-0.812988076
0.216142695	-0.817318354
0.216147030	-0.821648632
0.216151365	-0.825978910
0.216155700	-0.830309188
0.216160035	-0.834639466
0.216164370	-0.838969744
0.216168705	-0.843300022
0.216173040	-0.847630301
0.216177375	-0.851960579
0.216181711	-0.856290857
0.216186046	-0.860621135
0.216190381	-0.864951413
0.216194716	-0.869281691
0.216199051	-0.873611969
0.216203386	-0.877942247
0.216207721	-0.882272525
0.216212056	-0.886602803
0.216216391	-0.890933081
0.216220726	-0.895263360
0.216225062	-0.899593638
0.216229397	-0.903923916
0.216233732	-0.908254194
0.216238067	-0.912584472
0.216242402	-0.916914750
0.216246737	-0.921245028
0.216251072	-0.925575306
0.216255407	-0.929905584
0.216259742	-0.934235862
0.216264077	-0.938566141
0.216268412	-0.942896419
0.217146992	-0.531515183
0.217151327	-0.535845461
0.217155662	-0.540175739
0.217159997	-0.544506017
0.217164332	-0.548836295
0.217168667	-0.553166573
0.217173002	-0.557496851
0.217177337	-0.561827129
0.217181672	-0.566157408
0.217186008	-0.570487686
0.217190343	-0.574817964
0.217194678	-0.579148242
0.217199013	-0.583478520
0.217203348	-0.587808798
0.217207683	-0.592139076
0.217212018	-0.596469354
0.217216353	-0.600799632
0.217220688	-0.605129910
0.217225023	-0.609460188
0.217229358	-0.613790467
0.217233694	-0.618120745
0.217238029	-0.622451023
0.217242364	-0.626781301
0.217246699	-0.631111579
0.217251034	-0.635441857
0.217255369	-0.639772135
0.217259704	-0.644102413
0.217264039	-0.648432691
0.217268374	-0.652762969
0.217272709	-0.657093248
0.217277045	-0.661423526
0.217281380	-0.665753804
0.217285715	-0.670084082
0.217290050	-0.674414360
0.217294385	-0.678744638
0.217298720	-0.683074916
0.217303055	-0.687405194
0.217307390	-0.691735472
0.217311725	-0.696065750
0.217316060	-0.700396028
0.217320395	-0.704726307
0.217324731	-0.709056585
0.217329066	-0.713386863
0.217333401	-0.717717141
0.217337736	-0.722047419
0.217342071	-0.726377697
0.217346406	-0.730707975
0.217350741	-0.735038253
0.217355076	-0.739368531
0.217359411	-0.743698809
0.217363746	-0.748029088
0.217368082	-0.752359366
0.217372417	-0.756689644
0.217376752	-0.761019922
0.217381087	-0.765350200
0.217385422	-0.769680478
0.217389757	-0.774010756
0.217394092	-0.778341034
0.217398427	-0.782671312
0.217402762	-0.787001590
0.217407097	-0.791331868
0.217411432	-0.795662147
0.217415768	-0.799992425
0.217420103	-0.804322703
0.217424438	-0.808652981
0.217428773	-0.812983259
0.217433108	-0.817313537
0.217437443	-0.821643815
0.217441778	-0.825974093
0.217446113	-0.830304371
0.217450448	-0.834634649
0.217454783	-0.838964928
0.217459119	-0.843295206
0.217463454	-0.847625484
0.217467789	-0.851955762
0.217472124	-0.856286040
0.217476459	-0.860616318
0.217480794	-0.864946596
0.217485129	-0.869276874
0.217489464	-0.873607152
0.217493799	-0.877937430
0.217498134	-0.882267708
0.217502469	-0.886597987
0.217506805	-0.890928265
0.217511140	-0.895258543
0.217515475	-0.899588821
0.217519810	-0.903919099
0.217524145	-0.908249377
0.217528480	-0.912579655
0.217532815	-0.916909933
0.217537150	-0.921240211
0.217541485	-0.925570489
0.217545820	-0.929900768
0.217550156	-0.934231046
0.217554491	-0.938561324
0.217558826	-0.942891602
0.217563161	-0.947221880
0.218441740	-0.535840644
0.218446075	-0.540170922
0.218450410	-0.544501200
0.218454745	-0.548831478
0.218459080	-0.553161756
0.218463415	-0.557492035
0.218467751	-0.561822313
0.218472086	-0.566152591
0.218476421	-0.570482869
0.218480756	-0.574813147
0.218485091	-0.579143425
0.218489426	-0.583473703
0.218493761	-0.587803981
0.218498096	-0.592134259
0.218502431	-0.596464537
0.218506766	-0.600794816
0.218511102	-0.605125094
0.218515437	-0.609455372
0.218519772	-0.613785650
0.218524107	-0.618115928
0.218528442	-0.622446206
0.218532777	-0.626776484
0.218537112	-0.631106762
0.218541447	-0.635437040
0.218545782	-0.639767318
0.218550117	-0.644097596
0.218554452	-0.648427875
0.218558788	-0.652758153
0.218563123	-0.657088431
0.218567458	-0.661418709
0.218571793	-0.665748987
0.218576128	-0.670079265
0.218580463	-0.674409543
0.218584798	-0.678739821
0.218589133	-0.683070099
0.218593468	-0.687400377
0.218597803	-0.691730656
0.218602139	-0.696060934
0.218606474	-0.700391212
0.218610809	-0.704721490
0.218615144	-0.709051768
0.218619479	-0.713382046
0.218623814	-0.717712324
0.218628149	-0.722042602
0.218632484	-0.726372880
0.218636819	-0.730703158
0.218641154	-0.735033436
0.218645489	-0.739363715
0.218649825	-0.743693993
0.218654160	-0.748024271
0.218658495	-0.752354549
0.218662830	-0.756684827
0.218667165	-0.761015105
0.218671500	-0.765345383
0.218675835	-0.769675661
0.218680170	-0.774005939
0.218684505	-0.778336217
0.218688840	-0.782666496
0.218693176	-0.786996774
0.218697511	-0.791327052
0.218701846	-0.795657330
0.218706181	-0.799987608
0.218710516	-0.804317886
0.218714851	-0.808648164
0.218719186	-0.812978442
0.218723521	-0.817308720
0.218727856	-0.821638998
0.218732191	-0.825969276
0.218736526	-0.830299555
0.218740862	-0.834629833
0.218745197	-0.838960111
0.218749532	-0.843290389
0.218753867	-0.847620667
0.218758202	-0.851950945
0.218762537	-0.856281223
0.218766872	-0.860611501
0.218771207	-0.864941779
0.218775542	-0.869272057
0.218779877	-0.873602336
0.218784213	-0.877932614
0.218788548	-0.882262892
0.218792883	-0.886593170
0.218797218	-0.890923448
0.218801553	-0.895253726
0.218805888	-0.899584004
0.218810223	-0.903914282
0.218814558	-0.908244560
0.218818893	-0.912574838
0.218823228	-0.916905116
0.218827563	-0.921235395
0.218831899	-0.925565673
0.218836234	-0.929895951
0.218840569	-0.934226229
0.218844904	-0.938556507
0.218849239	-0.942886785
0.218853574	-0.947217063
0.218857909	-0.951547341
0.219732153	-0.535835827
0.219736488	-0.540166105
0.219740823	-0.544496383
0.219745159	-0.548826662
0.219749494	-0.553156940
0.219753829	-0.557487218
0.219758164	-0.561817496
0.219762499	-0.566147774
0.219766834	-0.570478052
0.219771169	-0.574808330
0.219775504	-0.579138608
0.219779839	-0.583468886
0.219784174	-0.587799164
0.219788509	-0.592129443
0.219792845	-0.596459721
0.219797180	-0.600789999
0.219801515	-0.605120277
0.219805850	-0.609450555
0.219810185	-0.613780833
0.219814520	-0.618111111
0.219818855	-0.622441389
0.219823190	-0.626771667
0.219827525	-0.631101945
0.219831860	-0.635432223
0.219836196	-0.639762502
0.219840531	-0.644092780
0.219844866	-0.648423058
0.219849201	-0.652753336
0.219853536	-0.657083614
0.219857871	-0.661413892
0.219862206	-0.665744170
0.219866541	-0.670074448
0.219870876	-0.674404726
0.219875211	-0.678735004
0.219879546	-0.683065283
0.219883882	-0.687395561
0.219888217	-0.691725839
0.219892552	-0.696056117
0.219896887	-0.700386395
0.219901222	-0.704716673
0.219905557	-0.709046951
0.219909892	-0.713377229
0.219914227	-0.717707507
0.219918562	-0.722037785
0.219922897	-0.726368064
0.219927233	-0.730698342
0.219931568	-0.735028620
0.219935903	-0.739358898
0.219940238	-0.743689176
0.219944573	-0.748019454
0.219948908	-0.752349732
0.219953243	-0.756680010
0.219957578	-0.761010288
0.219961913	-0.765340566
0.219966248	-0.769670844
0.219970583	-0.774001123
0.219974919	-0.778331401
0.219979254	-0.782661679
0.219983589	-0.786991957
0.219987924	-0.791322235
0.219992259	-0.795652513
0.219996594	-0.799982791
0.220000929	-0.804313069
0.220005264	-0.808643347
0.220009599	-0.812973625
0.220013934	-0.817303904
0.220018270	-0.821634182
0.220022605	-0.825964460
0.220026940	-0.830294738
0.220031275	-0.834625016
0.220035610	-0.838955294
0.220039945	-0.843285572
0.220044280	-0.847615850
0.220048615	-0.851946128
0.220052950	-0.856276406
0.220057285	-0.860606684
0.220061620	-0.864936963
0.220065956	-0.869267241
0.220070291	-0.873597519
0.220074626	-0.877927797
0.220078961	-0.882258075
0.220083296	-0.886588353
0.220087631	-0.890918631
0.220091966	-0.895248909
0.220096301	-0.899579187
0.220100636	-0.903909465
0.220104971	-0.908239744
0.220109307	-0.912570022
0.220113642	-0.916900300
0.220117977	-0.921230578
0.220122312	-0.925560856
0.220126647	-0.929891134
0.220130982	-0.934221412
0.220135317	-0.938551690
0.220139652	-0.942881968
0.220143987	-0.947212246
0.220148322	-0.951542524
0.220152657	-0.955872803
0.220156993	-0.960203081
0.221026902	-0.540161289
0.221031237	-0.544491567
0.221035572	-0.548821845
0.221039907	-0.553152123
0.221044242	-0.557482401
0.221048577	-0.561812679
0.221052912	-0.566142957
0.221057247	-0.570473235
0.221061582	-0.574803513
0.221065917	-0.579133791
0.221070253	-0.583464070
0.221074588	-0.587794348
0.221078923	-0.592124626
0.221083258	-0.596454904
0.221087593	-0.600785182
0.221091928	-0.605115460
0.221096263	-0.609445738
0.221100598	-0.613776016
0.221104933	-0.618106294
0.221109268	-0.622436572
0.221113603	-0.626766851
0.221117939	-0.631097129
0.221122274	-0.635427407
0.221126609	-0.639757685
0.221130944	-0.644087963
0.221135279	-0.648418241
0.221139614	-0.652748519
0.221143949	-0.657078797
0.221148284	-0.661409075
0.221152619	-0.665739353
0.221156954	-0.670069631
0.221161290	-0.674399910
0.221165625	-0.678730188
0.221169960	-0.683060466
0.221174295	-0.687390744
0.221178630	-0.691721022
0.221182965	-0.696051300
0.221187300	-0.700381578
0.221191635	-0.704711856
0.221195970	-0.709042134
0.221200305	-0.713372412
0.221204640	-0.717702691
0.221208976	-0.722032969
0.221213311	-0.726363247
0.221217646	-0.730693525
0.221221981	-0.735023803
0.221226316	-0.739354081
0.221230651	-0.743684359
0.221234986	-0.748014637
0.221239321	-0.752344915
0.221243656	-0.756675193
0.221247991	-0.761005472
0.221252327	-0.765335750
0.221256662	-0.769666028
0.221260997	-0.773996306
0.221265332	-0.778326584
0.221269667	-0.782656862
0.221274002	-0.786987140
0.221278337	-0.791317418
0.221282672	-0.795647696
0.221287007	-0.799977974
0.221291342	-0.804308252
0.221295677	-0.808638531
0.221300013	-0.812968809
0.221304348	-0.817299087
0.221308683	-0.821629365
0.221313018	-0.825959643
0.221317353	-0.830289921
0.221321688	-0.834620199
0.221326023	-0.838950477
0.221330358	-0.843280755
0.221334693	-0.847611033
0.221339028	-0.851941312
0.221343364	-0.856271590
0.221347699	-0.860601868
0.221352034	-0.864932146
0.221356369	-0.869262424
0.221360704	-0.873592702
0.221365039	-0.877922980
0.221369374	-0.882253258
0.221373709	-0.886583536
0.221378044	-0.890913814
0.221382379	-0.895244092
0.221386714	-0.899574371
0.221391050	-0.903904649
0.221395385	-0.908234927
0.221399720	-0.912565205
0.221404055	-0.916895483
0.221408390	-0.921225761
0.221412725	-0.925556039
0.221417060	-0.929886317
0.221421395	-0.934216595
0.221425730	-0.938546873
0.221430065	-0.942877152
0.221434401	-0.947207430
0.221438736	-0.951537708
0.221443071	-0.955867986
0.221447406	-0.960198264
0.221451741	-0.964528542
0.222317315	-0.540156472
0.222321650	-0.544486750
0.222325985	-0.548817028
0.222330320	-0.553147306
0.222334655	-0.557477584
0.222338990	-0.561807862
0.222343325	-0.566138140
0.222347660	-0.570468419
0.222351996	-0.574798697
0.222356331	-0.579128975
0.222360666	-0.583459253
0.222365001	-0.587789531
0.222369336	-0.592119809
0.222373671	-0.596450087
0.222378006	-0.600780365
0.222382341	-0.605110643
0.222386676	-0.609440921
0.222391011	-0.613771199
0.222395347	-0.618101478
0.222399682	-0.622431756
0.222404017	-0.626762034
0.222408352	-0.631092312
0.222412687	-0.635422590
0.222417022	-0.639752868
0.222421357	-0.644083146
0.222425692	-0.648413424
0.222430027	-0.652743702
0.222434362	-0.657073980
0.222438697	-0.661404259
0.222443033	-0.665734537
0.222447368	-0.670064815
0.222451703	-0.674395093
0.222456038	-0.678725371
0.222460373	-0.683055649
0.222464708	-0.687385927
0.222469043	-0.691716205
0.222473378	-0.696046483
0.222477713	-0.700376761
0.222482048	-0.704707039
0.222486384	-0.709037318
0.222490719	-0.713367596
0.222495054	-0.717697874
0.222499389	-0.722028152
0.222503724	-0.726358430
0.222508059	-0.730688708
0.222512394	-0.735018986
0.222516729	-0.739349264
0.222521064	-0.743679542
0.222525399	-0.748009820
0.222529734	-0.752340099
0.222534070	-0.756670377
0.222538405	-0.761000655
0.222542740	-0.765330933
0.222547075	-0.769661211
0.222551410	-0.773991489
0.222555745	-0.778321767
0.222560080	-0.782652045
0.222564415	-0.786982323
0.222568750	-0.791312601
0.222573085	-0.795642879
0.222577421	-0.799973158
0.222581756	-0.804303436
0.222586091	-0.808633714
0.222590426	-0.812963992
0.222594761	-0.817294270
0.222599096	-0.821624548
0.222603431	-0.825954826
0.222607766	-0.830285104
0.222612101	-0.834615382
0.222616436	-0.838945660
0.222620771	-0.843275939
0.222625107	-0.847606217
0.222629442	-0.851936495
0.222633777	-0.856266773
0.222638112	-0.860597051
0.222642447	-0.864927329
0.222646782	-0.869257607
0.222651117	-0.873587885
0.222655452	-0.877918163
0.222659787	-0.882248441
0.222664122	-0.886578720
0.222668458	-0.890908998
0.222672793	-0.895239276
0.222677128	-0.899569554
0.222681463	-0.903899832
0.222685798	-0.908230110
0.222690133	-0.912560388
0.222694468	-0.916890666
0.222698803	-0.921220944
0.222703138	-0.925551222
0.222707473	-0.929881500
0.222711808	-0.934211779
0.222716144	-0.938542057
0.222720479	-0.942872335
0.222724814	-0.947202613
0.222729149	-0.951532891
0.222733484	-0.955863169
0.222737819	-0.960193447
0.222742154	-0.964523725
0.222746489	-0.968854003
0.223612063	-0.544481933
0.223616398	-0.548812211
0.223620733	-0.553142489
0.223625068	-0.557472767
0.223629404	-0.561803046
0.223633739	-0.566133324
0.223638074	-0.570463602
0.223642409	-0.574793880
0.223646744	-0.579124158
0.223651079	-0.583454436
0.223655414	-0.587784714
0.223659749	-0.592114992
0.223664084	-0.596445270
0.223668419	-0.600775548
0.223672754	-0.605105827
0.223677090	-0.609436105
0.223681425	-0.613766383
0.223685760	-0.618096661
0.223690095	-0.622426939
0.223694430	-0.626757217
0.223698765	-0.631087495
0.223703100	-0.635417773
0.223707435	-0.639748051
0.223711770	-0.644078329
0.223716105	-0.648408607
0.223720441	-0.652738886
0.223724776	-0.657069164
0.223729111	-0.661399442
0.223733446	-0.665729720
0.223737781	-0.670059998
0.223742116	-0.674390276
0.223746451	-0.678720554
0.223750786	-0.683050832
0.223755121	-0.687381110
0.223759456	-0.691711388
0.223763791	-0.696041667
0.223768127	-0.700371945
0.223772462	-0.704702223
0.223776797	-0.709032501
0.223781132	-0.713362779
0.223785467	-0.717693057
0.223789802	-0.722023335
0.223794137	-0.726353613
0.223798472	-0.730683891
0.223802807	-0.735014169
0.223807142	-0.739344447
0.223811478	-0.743674726
0.223815813	-0.748005004
0.223820148	-0.752335282
0.223824483	-0.756665560
0.223828818	-0.760995838
0.223833153	-0.765326116
0.223837488	-0.769656394
0.223841823	-0.773986672
0.223846158	-0.778316950
0.223850493	-0.782647228
0.223854828	-0.786977507
0.223859164	-0.791307785
0.223863499	-0.795638063
0.223867834	-0.799968341
0.223872169	-0.804298619
0.223876504	-0.808628897
0.223880839	-0.812959175
0.223885174	-0.817289453
0.223889509	-0.821619731
0.223893844	-0.825950009
0.223898179	-0.830280287
0.223902515	-0.834610566
0.223906850	-0.838940844
0.223911185	-0.843271122
0.223915520	-0.847601400
0.223919855	-0.851931678
0.223924190	-0.856261956
0.223928525	-0.860592234
0.223932860	-0.864922512
0.223937195	-0.869252790
0.223941530	-0.873583068
0.223945865	-0.877913347
0.223950201	-0.882243625
0.223954536	-0.886573903
0.223958871	-0.890904181
0.223963206	-0.895234459
0.223967541	-0.899564737
0.223971876	-0.903895015
0.223976211	-0.908225293
0.223980546	-0.912555571
0.223984881	-0.916885849
0.223989216	-0.921216127
0.223993552	-0.925546406
0.223997887	-0.929876684
0.224002222	-0.934206962
0.224006557	-0.938537240
0.224010892	-0.942867518
0.224015227	-0.947197796
0.224019562	-0.951528074
0.224023897	-0.955858352
0.224028232	-0.960188630
0.224032567	-0.964518908
0.224036902	-0.968849187
0.224041238	-0.973179465
0.224902476	-0.544477116
0.224906811	-0.548807394
0.224911147	-0.553137673
0.224915482	-0.557467951
0.224919817	-0.561798229
0.224924152	-0.566128507
0.224928487	-0.570458785
0.224932822	-0.574789063
0.224937157	-0.579119341
0.224941492	-0.583449619
0.224945827	-0.587779897
0.224950162	-0.592110175
0.224954498	-0.596440454
0.224958833	-0.600770732
0.224963168	-0.605101010
0.224967503	-0.609431288
0.224971838	-0.613761566
0.224976173	-0.618091844
0.224980508	-0.622422122
0.224984843	-0.626752400
0.224989178	-0.631082678
0.224993513	-0.635412956
0.224997848	-0.639743235
0.225002184	-0.644073513
0.225006519	-0.648403791
0.225010854	-0.652734069
0.225015189	-0.657064347
0.225019524	-0.661394625
0.225023859	-0.665724903
0.225028194	-0.670055181
0.225032529	-0.674385459
0.225036864	-0.678715737
0.225041199	-0.683046015
0.225045535	-0.687376294
0.225049870	-0.691706572
0.225054205	-0.696036850
0.225058540	-0.700367128
0.225062875	-0.704697406
0.225067210	-0.709027684
0.225071545	-0.713357962
0.225075880	-0.717688240
0.225080215	-0.722018518
0.225084550	-0.726348796
0.225088885	-0.730679075
0.225093221	-0.735009353
0.225097556	-0.739339631
0.225101891	-0.743669909
0.225106226	-0.748000187
0.225110561	-0.752330465
0.225114896	-0.756660743
0.225119231	-0.760991021
0.225123566	-0.765321299
0.225127901	-0.769651577
0.225132236	-0.773981855
0.225136572	-0.778312134
0.225140907	-0.782642412
0.225145242	-0.786972690
0.225149577	-0.791302968
0.225153912	-0.795633246
0.225158247	-0.799963524
0.225162582	-0.804293802
0.225166917	-0.808624080
0.225171252	-0.812954358
0.225175587	-0.817284636
0.225179922	-0.821614915
0.225184258	-0.825945193
0.225188593	-0.830275471
0.225192928	-0.834605749
0.225197263	-0.838936027
0.225201598	-0.843266305
0.225205933	-0.847596583
0.225210268	-0.851926861
0.225214603	-0.856257139
0.225218938	-0.860587417
0.225223273	-0.864917695
0.225227609	-0.869247974
0.225231944	-0.873578252
0.225236279	-0.877908530
0.225240614	-0.882238808
0.225244949	-0.886569086
0.225249284	-0.890899364
0.225253619	-0.895229642
0.225257954	-0.899559920
0.225262289	-0.903890198
0.225266624	-0.908220476
0.225270959	-0.912550755
0.225275295	-0.916881033
0.225279630	-0.921211311
0.225283965	-0.925541589
0.225288300	-0.929871867
0.225292635	-0.934202145
0.225296970	-0.938532423
0.225301305	-0.942862701
0.225305640	-0.947192979
0.225309975	-0.951523257
0.225314310	-0.955853535
0.225318646	-0.960183814
0.225322981	-0.964514092
0.225327316	-0.968844370
0.225331651	-0.973174648
0.225335986	-0.977504926
0.226197225	-0.548802578
0.226201560	-0.553132856
0.226205895	-0.557463134
0.226210230	-0.561793412
0.226214565	-0.566123690
0.226218900	-0.570453968
0.226223235	-0.574784246
0.226227570	-0.579114524
0.226231905	-0.583444802
0.226236241	-0.587775081
0.226240576	-0.592105359
0.226244911	-0.596435637
0.226249246	-0.600765915
0.226253581	-0.605096193
0.226257916	-0.609426471
0.226262251	-0.613756749
0.226266586	-0.618087027
0.226270921	-0.622417305
0.226275256	-0.626747583
0.226279592	-0.631077862
0.226283927	-0.635408140
0.226288262	-0.639738418
0.226292597	-0.644068696
0.226296932	-0.648398974
0.226301267	-0.652729252
0.226305602	-0.657059530
0.226309937	-0.661389808
0.226314272	-0.665720086
0.226318607	-0.670050364
0.226322942	-0.674380642
0.226327278	-0.678710921
0.226331613	-0.683041199
0.226335948	-0.687371477
0.226340283	-0.691701755
0.226344618	-0.696032033
0.226348953	-0.700362311
0.226353288	-0.704692589
0.226357623	-0.709022867
0.226361958	-0.713353145
0.226366293	-0.717683423
0.226370629	-0.722013702
0.226374964	-0.726343980
0.226379299	-0.730674258
0.226383634	-0.735004536
0.226387969	-0.739334814
0.226392304	-0.743665092
0.226396639	-0.747995370
0.226400974	-0.752325648
0.226405309	-0.756655926
0.226409644	-0.760986204
0.226413979	-0.765316483
0.226418315	-0.769646761
0.226422650	-0.773977039
0.226426985	-0.778307317
0.226431320	-0.782637595
0.226435655	-0.786967873
0.226439990	-0.791298151
0.226444325	-0.795628429
0.226448660	-0.799958707
0.226452995	-0.804288985
0.226457330	-0.808619263
0.226461666	-0.812949542
0.226466001	-0.817279820
0.226470336	-0.821610098
0.226474671	-0.825940376
0.226479006	-0.830270654
0.226483341	-0.834600932
0.226487676	-0.838931210
0.226492011	-0.843261488
0.226496346	-0.847591766
0.226500681	-0.851922044
0.226505016	-0.856252323
0.226509352	-0.860582601
0.226513687	-0.864912879
0.226518022	-0.869243157
0.226522357	-0.873573435
0.226526692	-0.877903713
0.226531027	-0.882233991
0.226535362	-0.886564269
0.226539697	-0.890894547
0.226544032	-0.895224825
0.226548367	-0.899555103
0.226552703	-0.903885382
0.226557038	-0.908215660
0.226561373	-0.912545938
0.226565708	-0.916876216
0.226570043	-0.921206494
0.226574378	-0.925536772
0.226578713	-0.929867050
0.226583048	-0.934197328
0.226587383	-0.938527606
0.226591718	-0.942857884
0.226596053	-0.947188163
0.226600389	-0.951518441
0.226604724	-0.955848719
0.226609059	-0.960178997
0.226613394	-0.964509275
0.226617729	-0.968839553
0.226622064	-0.973169831
0.226626399	-0.977500109
0.226630734	-0.981830387
0.227487638	-0.548797761
0.227491973	-0.553128039
0.227496308	-0.557458317
0.227500643	-0.561788595
0.227504978	-0.566118873
0.227509313	-0.570449151
0.227513649	-0.574779430
0.227517984	-0.579109708
0.227522319	-0.583439986
0.227526654	-0.587770264
0.227530989	-0.592100542
0.227535324	-0.596430820
0.227539659	-0.600761098
0.227543994	-0.605091376
0.227548329	-0.609421654
0.227552664	-0.613751932
0.227556999	-0.618082210
0.227561335	-0.622412489
0.227565670	-0.626742767
0.227570005	-0.631073045
0.227574340	-0.635403323
0.227578675	-0.639733601
0.227583010	-0.644063879
0.227587345	-0.648394157
0.227591680	-0.652724435
0.227596015	-0.657054713
0.227600350	-0.661384991
0.227604686	-0.665715270
0.227609021	-0.670045548
0.227613356	-0.674375826
0.227617691	-0.678706104
0.227622026	-0.683036382
0.227626361	-0.687366660
0.227630696	-0.691696938
0.227635031	-0.696027216
0.227639366	-0.700357494
0.227643701	-0.704687772
0.227648036	-0.709018050
0.227652372	-0.713348329
0.227656707	-0.717678607
0.227661042	-0.722008885
0.227665377	-0.726339163
0.227669712	-0.730669441
0.227674047	-0.734999719
0.227678382	-0.739329997
0.227682717	-0.743660275
0.227687052	-0.747990553
0.227691387	-0.752320831
0.227695723	-0.756651110
0.227700058	-0.760981388
0.227704393	-0.765311666
0.227708728	-0.769641944
0.227713063	-0.773972222
0.227717398	-0.778302500
0.227721733	-0.782632778
0.227726068	-0.786963056
0.227730403	-0.791293334
0.227734738	-0.795623612
0.227739073	-0.799953891
0.227743409	-0.804284169
0.227747744	-0.808614447
0.227752079	-0.812944725
0.227756414	-0.817275003
0.227760749	-0.821605281
0.227765084	-0.825935559
0.227769419	-0.830265837
0.227773754	-0.834596115
0.227778089	-0.838926393
0.227782424	-0.843256671
0.227786760	-0.847586950
0.227791095	-0.851917228
0.227795430	-0.856247506
0.227799765	-0.860577784
0.227804100	-0.864908062
0.227808435	-0.869238340
0.227812770	-0.873568618
0.227817105	-0.877898896
0.227821440	-0.882229174
0.227825775	-0.886559452
0.227830110	-0.890889731
0.227834446	-0.895220009
0.227838781	-0.899550287
0.227843116	-0.903880565
0.227847451	-0.908210843
0.227851786	-0.912541121
0.227856121	-0.916871399
0.227860456	-0.921201677
0.227864791	-0.925531955
0.227869126	-0.929862233
0.227873461	-0.934192511
0.227877797	-0.938522790
0.227882132	-0.942853068
0.227886467	-0.947183346
0.227890802	-0.951513624
0.227895137	-0.955843902
0.227899472	-0.960174180
0.227903807	-0.964504458
0.227908142	-0.968834736
0.227912477	-0.973165014
0.227916812	-0.977495292
0.227921147	-0.981825571
0.227925483	-0.986155849
0.227929818	-0.990486127
0.228782386	-0.553123222
0.228786721	-0.557453500
0.228791056	-0.561783778
0.228795392	-0.566114057
0.228799727	-0.570444335
0.228804062	-0.574774613
0.228808397	-0.579104891
0.228812732	-0.583435169
0.228817067	-0.587765447
0.228821402	-0.592095725
0.228825737	-0.596426003
0.228830072	-0.600756281
0.228834407	-0.605086559
0.228838743	-0.609416838
0.228843078	-0.613747116
0.228847413	-0.618077394
0.228851748	-0.622407672
0.228856083	-0.626737950
0.228860418	-0.631068228
0.228864753	-0.635398506
0.228869088	-0.639728784
0.228873423	-0.644059062
0.228877758	-0.648389340
0.228882093	-0.652719618
0.228886429	-0.657049897
0.228890764	-0.661380175
0.228895099	-0.665710453
0.228899434	-0.670040731
0.228903769	-0.674371009
0.228908104	-0.678701287
0.228912439	-0.683031565
0.228916774	-0.687361843
0.228921109	-0.691692121
0.228925444	-0.696022399
0.228929780	-0.700352678
0.228934115	-0.704682956
0.228938450	-0.709013234
0.228942785	-0.713343512
0.228947120	-0.717673790
0.228951455	-0.722004068
0.228955790	-0.726334346
0.228960125	-0.730664624
0.228964460	-0.734994902
0.228968795	-0.739325180
0.228973130	-0.743655458
0.228977466	-0.747985737
0.228981801	-0.752316015
0.228986136	-0.756646293
0.228990471	-0.760976571
0.228994806	-0.765306849
0.228999141	-0.769637127
0.229003476	-0.773967405
0.229007811	-0.778297683
0.229012146	-0.782627961
0.229016481	-0.786958239
0.229020817	-0.791288518
0.229025152	-0.795618796
0.229029487	-0.799949074
0.229033822	-0.804279352
0.229038157	-0.808609630
0.229042492	-0.812939908
0.229046827	-0.817270186
0.229051162	-0.821600464
0.229055497	-0.825930742
0.229059832	-0.830261020
0.229064167	-0.834591298
0.229068503	-0.838921577
0.229072838	-0.843251855
0.229077173	-0.847582133
0.229081508	-0.851912411
0.229085843	-0.856242689
0.229090178	-0.860572967
0.229094513	-0.864903245
0.229098848	-0.869233523
0.229103183	-0.873563801
0.229107518	-0.877894079
0.229111854	-0.882224358
0.229116189	-0.886554636
0.229120524	-0.890884914
0.229124859	-0.895215192
0.229129194	-0.899545470
0.229133529	-0.903875748
0.229137864	-0.908206026
0.229142199	-0.912536304
0.229146534	-0.916866582
0.229150869	-0.921196860
0.229155204	-0.925527139
0.229159540	-0.929857417
0.229163875	-0.934187695
0.229168210	-0.938517973
0.229172545	-0.942848251
0.229176880	-0.947178529
0.229181215	-0.951508807
0.229185550	-0.955839085
0.229189885	-0.960169363
0.229194220	-0.964499641
0.229198555	-0.968829919
0.229202891	-0.973160198
0.229207226	-0.977490476
0.229211561	-0.981820754
0.229215896	-0.986151032
0.229220231	-0.990481310
0.229224566	-0.994811588
0.230072800	-0.553118406
0.230077135	-0.557448684
0.230081470	-0.561778962
0.230085805	-0.566109240
0.230090140	-0.570439518
0.230094475	-0.574769796
0.230098810	-0.579100074
0.230103145	-0.583430352
0.230107480	-0.587760630
0.230111815	-0.592090908
0.230116150	-0.596421186
0.230120486	-0.600751465
0.230124821	-0.605081743
0.230129156	-0.609412021
0.230133491	-0.613742299
0.230137826	-0.618072577
0.230142161	-0.622402855
0.230146496	-0.626733133
0.230150831	-0.631063411
0.230155166	-0.635393689
0.230159501	-0.639723967
0.230163837	-0.644054246
0.230168172	-0.648384524
0.230172507	-0.652714802
0.230176842	-0.657045080
0.230181177	-0.661375358
0.230185512	-0.665705636
0.230189847	-0.670035914
0.230194182	-0.674366192
0.230198517	-0.678696470
0.230202852	-0.683026748
0.230207187	-0.687357026
0.230211523	-0.691687305
0.230215858	-0.696017583
0.230220193	-0.700347861
0.230224528	-0.704678139
0.230228863	-0.709008417
0.230233198	-0.713338695
0.230237533	-0.717668973
0.230241868	-0.721999251
0.230246203	-0.726329529
0.230250538	-0.730659807
0.230254874	-0.734990086
0.230259209	-0.739320364
0.230263544	-0.743650642
0.230267879	-0.747980920
0.230272214	-0.752311198
0.230276549	-0.756641476
0.230280884	-0.760971754
0.230285219	-0.765302032
0.230289554	-0.769632310
0.230293889	-0.773962588
0.230298224	-0.778292866
0.230302560	-0.782623145
0.230306895	-0.786953423
0.230311230	-0.791283701
0.230315565	-0.795613979
0.230319900	-0.799944257
0.230324235	-0.804274535
0.230328570	-0.808604813
0.230332905	-0.812935091
0.230337240	-0.817265369
0.230341575	-0.821595647
0.230345911	-0.825925926
0.230350246	-0.830256204
0.230354581	-0.834586482
0.230358916	-0.838916760
0.230363251	-0.843247038
0.230367586	-0.847577316
0.230371921	-0.851907594
0.230376256	-0.856237872
0.230380591	-0.860568150
0.230384926	-0.864898428
0.230389261	-0.869228706
0.230393597	-0.873558985
0.230397932	-0.877889263
0.230402267	-0.882219541
0.230406602	-0.886549819
0.230410937	-0.890880097
0.230415272	-0.895210375
0.230419607	-0.899540653
0.230423942	-0.903870931
0.230428277	-0.908201209
0.230432612	-0.912531487
0.230436948	-0.916861766
0.230441283	-0.921192044
0.230445618	-0.925522322
0.230449953	-0.929852600
0.230454288	-0.934182878
0.230458623	-0.938513156
0.230462958	-0.942843434
0.230467293	-0.947173712
0.230471628	-0.951503990
0.230475963	-0.955834268
0.230480298	-0.960164546
0.230484634	-0.964494825
0.230488969	-0.968825103
0.230493304	-0.973155381
0.230497639	-0.977485659
0.230501974	-0.981815937
0.230506309	-0.986146215
0.230510644	-0.990476493
0.230514979	-0.994806771
0.230519314	-0.999137049
0.231367548	-0.557443867
0.231371883	-0.561774145
0.231376218	-0.566104423
0.231380553	-0.570434701
0.231384888	-0.574764979
0.231389223	-0.579095257
0.231393558	-0.583425535
0.231397894	-0.587755813
0.231402229	-0.592086092
0.231406564	-0.596416370
0.231410899	-0.600746648
0.231415234	-0.605076926
0.231419569	-0.609407204
0.231423904	-0.613737482
0.231428239	-0.618067760
0.231432574	-0.622398038
0.231436909	-0.626728316
0.231441244	-0.631058594
0.231445580	-0.635388873
0.231449915	-0.639719151
0.231454250	-0.644049429
0.231458585	-0.648379707
0.231462920	-0.652709985
0.231467255	-0.657040263
0.231471590	-0.661370541
0.231475925	-0.665700819
0.231480260	-0.670031097
0.231484595	-0.674361375
0.231488931	-0.678691654
0.231493266	-0.683021932
0.231497601	-0.687352210
0.231501936	-0.691682488
0.231506271	-0.696012766
0.231510606	-0.700343044
0.231514941	-0.704673322
0.231519276	-0.709003600
0.231523611	-0.713333878
0.231527946	-0.717664156
0.231532281	-0.721994434
0.231536617	-0.726324713
0.231540952	-0.730654991
0.231545287	-0.734985269
0.231549622	-0.739315547
0.231553957	-0.743645825
0.231558292	-0.747976103
0.231562627	-0.752306381
0.231566962	-0.756636659
0.231571297	-0.760966937
0.231575632	-0.765297215
0.231579968	-0.769627494
0.231584303	-0.773957772
0.231588638	-0.778288050
0.231592973	-0.782618328
0.231597308	-0.786948606
0.231601643	-0.791278884
0.231605978	-0.795609162
0.231610313	-0.799939440
0.231614648	-0.804269718
0.231618983	-0.808599996
0.231623318	-0.812930274
0.231627654	-0.817260553
0.231631989	-0.821590831
0.231636324	-0.825921109
0.231640659	-0.830251387
0.231644994	-0.834581665
0.231649329	-0.838911943
0.231653664	-0.843242221
0.231657999	-0.847572499
0.231662334	-0.851902777
0.231666669	-0.856233055
0.231671005	-0.860563334
0.231675340	-0.864893612
0.231679675	-0.869223890
0.231684010	-0.873554168
0.231688345	-0.877884446
0.231692680	-0.882214724
0.231697015	-0.886545002
0.231701350	-0.890875280
0.231705685	-0.895205558
0.231710020	-0.899535836
0.231714355	-0.903866114
0.231718691	-0.908196393
0.231723026	-0.912526671
0.231727361	-0.916856949
0.231731696	-0.921187227
0.231736031	-0.925517505
0.231740366	-0.929847783
0.231744701	-0.934178061
0.231749036	-0.938508339
0.231753371	-0.942838617
0.231757706	-0.947168895
0.231762042	-0.951499174
0.231766377	-0.955829452
0.231770712	-0.960159730
0.231775047	-0.964490008
0.231779382	-0.968820286
0.231783717	-0.973150564
0.231788052	-0.977480842
0.231792387	-0.981811120
0.231796722	-0.986141398
0.231801057	-0.990471676
0.231805392	-0.994801954
0.231809728	-0.999132233
0.231814063	-1.003462511
0.232657961	-0.557439050
0.232662296	-0.561769328
0.232666631	-0.566099606
0.232670966	-0.570429884
0.232675302	-0.574760162
0.232679637	-0.579090441
0.232683972	-0.583420719
0.232688307	-0.587750997
0.232692642	-0.592081275
0.232696977	-0.596411553
0.232701312	-0.600741831
0.232705647	-0.605072109
0.232709982	-0.609402387
0.232714317	-0.613732665
0.232718652	-0.618062943
0.232722988	-0.622393221
0.232727323	-0.626723500
0.232731658	-0.631053778
0.232735993	-0.635384056
0.232740328	-0.639714334
0.232744663	-0.644044612
0.232748998	-0.648374890
0.232753333	-0.652705168
0.232757668	-0.657035446
0.232762003	-0.661365724
0.232766338	-0.665696002
0.232770674	-0.670026281
0.232775009	-0.674356559
0.232779344	-0.678686837
0.232783679	-0.683017115
0.232788014	-0.687347393
0.232792349	-0.691677671
0.232796684	-0.696007949
0.232801019	-0.700338227
0.232805354	-0.704668505
0.232809689	-0.708998783
0.232814025	-0.713329061
0.232818360	-0.717659340
0.232822695	-0.721989618
0.232827030	-0.726319896
0.232831365	-0.730650174
0.232835700	-0.734980452
0.232840035	-0.739310730
0.232844370	-0.743641008
0.232848705	-0.747971286
0.232853040	-0.752301564
0.232857375	-0.756631842
0.232861711	-0.760962121
0.232866046	-0.765292399
0.232870381	-0.769622677
0.232874716	-0.773952955
0.232879051	-0.778283233
0.232883386	-0.782613511
0.232887721	-0.786943789
0.232892056	-0.791274067
0.232896391	-0.795604345
0.232900726	-0.799934623
0.232905062	-0.804264902
0.232909397	-0.808595180
0.232913732	-0.812925458
0.232918067	-0.817255736
0.232922402	-0.821586014
0.232926737	-0.825916292
0.232931072	-0.830246570
0.232935407	-0.834576848
0.232939742	-0.838907126
0.232944077	-0.843237404
0.232948412	-0.847567682
0.232952748	-0.851897961
0.232957083	-0.856228239
0.232961418	-0.860558517
0.232965753	-0.864888795
0.232970088	-0.869219073
0.232974423	-0.873549351
0.232978758	-0.877879629
0.232983093	-0.882209907
0.232987428	-0.886540185
0.232991763	-0.890870463
0.232996099	-0.895200742
0.233000434	-0.899531020
0.233004769	-0.903861298
0.233009104	-0.908191576
0.233013439	-0.912521854
0.233017774	-0.916852132
0.233022109	-0.921182410
0.233026444	-0.925512688
0.233030779	-0.929842966
0.233035114	-0.934173244
0.233039449	-0.938503522
0.233043785	-0.942833801
0.233048120	-0.947164079
0.233052455	-0.951494357
0.233056790	-0.955824635
0.233061125	-0.960154913
0.233065460	-0.964485191
0.233069795	-0.968815469
0.233074130	-0.973145747
0.233078465	-0.977476025
0.233082800	-0.981806303
0.233087136	-0.986136582
0.233091471	-0.990466860
0.233095806	-0.994797138
0.233100141	-0.999127416
0.233104476	-1.003457694
0.233108811	-1.007787972
0.233952709	-0.561764511
0.233957045	-0.566094789
0.233961380	-0.570425068
0.233965715	-0.574755346
0.233970050	-0.579085624
0.233974385	-0.583415902
0.233978720	-0.587746180
0.233983055	-0.592076458
0.233987390	-0.596406736
0.233991725	-0.600737014
0.233996060	-0.605067292
0.234000395	-0.609397570
0.234004731	-0.613727849
0.234009066	-0.618058127
0.234013401	-0.622388405
0.234017736	-0.626718683
0.234022071	-0.631048961
0.234026406	-0.635379239
0.234030741	-0.639709517
0.234035076	-0.644039795
0.234039411	-0.648370073
0.234043746	-0.652700351
0.234048082	-0.657030629
0.234052417	-0.661360908
0.234056752	-0.665691186
0.234061087	-0.670021464
0.234065422	-0.674351742
0.234069757	-0.678682020
0.234074092	-0.683012298
0.234078427	-0.687342576
0.234082762	-0.691672854
0.234087097	-0.696003132
0.234091432	-0.700333410
0.234095768	-0.704663689
0.234100103	-0.708993967
0.234104438	-0.713324245
0.234108773	-0.717654523
0.234113108	-0.721984801
0.234117443	-0.726315079
0.234121778	-0.730645357
0.234126113	-0.734975635
0.234130448	-0.739305913
0.234134783	-0.743636191
0.234139119	-0.747966469
0.234143454	-0.752296748
0.234147789	-0.756627026
0.234152124	-0.760957304
0.234156459	-0.765287582
0.234160794	-0.769617860
0.234165129	-0.773948138
0.234169464	-0.778278416
0.234173799	-0.782608694
0.234178134	-0.786938972
0.234182469	-0.791269250
0.234186805	-0.795599529
0.234191140	-0.799929807
0.234195475	-0.804260085
0.234199810	-0.808590363
0.234204145	-0.812920641
0.234208480	-0.817250919
0.234212815	-0.821581197
0.234217150	-0.825911475
0.234221485	-0.830241753
0.234225820	-0.834572031
0.234230156	-0.838902310
0.234234491	-0.843232588
0.234238826	-0.847562866
0.234243161	-0.851893144
0.234247496	-0.856223422
0.234251831	-0.860553700
0.234256166	-0.864883978
0.234260501	-0.869214256
0.234264836	-0.873544534
0.234269171	-0.877874812
0.234273506	-0.882205090
0.234277842	-0.886535369
0.234282177	-0.890865647
0.234286512	-0.895195925
0.234290847	-0.899526203
0.234295182	-0.903856481
0.234299517	-0.908186759
0.234303852	-0.912517037
0.234308187	-0.916847315
0.234312522	-0.921177593
0.234316857	-0.925507871
0.234321193	-0.929838150
0.234325528	-0.934168428
0.234329863	-0.938498706
0.234334198	-0.942828984
0.234338533	-0.947159262
0.234342868	-0.951489540
0.234347203	-0.955819818
0.234351538	-0.960150096
0.234355873	-0.964480374
0.234360208	-0.968810652
0.234364543	-0.973140930
0.234368879	-0.977471209
0.234373214	-0.981801487
0.234377549	-0.986131765
0.234381884	-0.990462043
0.234386219	-0.994792321
0.234390554	-0.999122599
0.234394889	-1.003452877
0.234399224	-1.007783155
0.234403559	-1.012113433
0.235243123	-0.561759695
0.235247458	-0.566089973
0.235251793	-0.570420251
0.235256128	-0.574750529
0.235260463	-0.579080807
0.235264798	-0.583411085
0.235269133	-0.587741363
0.235273468	-0.592071641
0.235277803	-0.596401919
0.235282139	-0.600732197
0.235286474	-0.605062476
0.235290809	-0.609392754
0.235295144	-0.613723032
0.235299479	-0.618053310
0.235303814	-0.622383588
0.235308149	-0.626713866
0.235312484	-0.631044144
0.235316819	-0.635374422
0.235321154	-0.639704700
0.235325489	-0.644034978
0.235329825	-0.648365257
0.235334160	-0.652695535
0.235338495	-0.657025813
0.235342830	-0.661356091
0.235347165	-0.665686369
0.235351500	-0.670016647
0.235355835	-0.674346925
0.235360170	-0.678677203
0.235364505	-0.683007481
0.235368840	-0.687337759
0.235373176	-0.691668037
0.235377511	-0.695998316
0.235381846	-0.700328594
0.235386181	-0.704658872
0.235390516	-0.708989150
0.235394851	-0.713319428
0.235399186	-0.717649706
0.235403521	-0.721979984
0.235407856	-0.726310262
0.235412191	-0.730640540
0.235416526	-0.734970818
0.235420862	-0.739301097
0.235425197	-0.743631375
0.235429532	-0.747961653
0.235433867	-0.752291931
0.235438202	-0.756622209
0.235442537	-0.760952487
0.235446872	-0.765282765
0.235451207	-0.769613043
0.235455542	-0.773943321
0.235459877	-0.778273599
0.235464213	-0.782603877
0.235468548	-0.786934156
0.235472883	-0.791264434
0.235477218	-0.795594712
0.235481553	-0.799924990
0.235485888	-0.804255268
0.235490223	-0.808585546
0.235494558	-0.812915824
0.235498893	-0.817246102
0.235503228	-0.821576380
0.235507563	-0.825906658
0.235511899	-0.830236937
0.235516234	-0.834567215
0.235520569	-0.838897493
0.235524904	-0.843227771
0.235529239	-0.847558049
0.235533574	-0.851888327
0.235537909	-0.856218605
0.235542244	-0.860548883
0.235546579	-0.864879161
0.235550914	-0.869209439
0.235555250	-0.873539717
0.235559585	-0.877869996
0.235563920	-0.882200274
0.235568255	-0.886530552
0.235572590	-0.890860830
0.235576925	-0.895191108
0.235581260	-0.899521386
0.235585595	-0.903851664
0.235589930	-0.908181942
0.235594265	-0.912512220
0.235598600	-0.916842498
0.235602936	-0.921172777
0.235607271	-0.925503055
0.235611606	-0.929833333
0.235615941	-0.934163611
0.235620276	-0.938493889
0.235624611	-0.942824167
0.235628946	-0.947154445
0.235633281	-0.951484723
0.235637616	-0.955815001
0.235641951	-0.960145279
0.235646287	-0.964475558
0.235650622	-0.968805836
0.235654957	-0.973136114
0.235659292	-0.977466392
0.235663627	-0.981796670
0.235667962	-0.986126948
0.235672297	-0.990457226
0.235676632	-0.994787504
0.235680967	-0.999117782
0.235685302	-1.003448060
0.235689637	-1.007778338
0.235693973	-1.012108617
0.235698308	-1.016438895
0.236537871	-0.566085156
0.236542206	-0.570415434
0.236546541	-0.574745712
0.236550876	-0.579075990
0.236555211	-0.583406268
0.236559547	-0.587736546
0.236563882	-0.592066825
0.236568217	-0.596397103
0.236572552	-0.600727381
0.236576887	-0.605057659
0.236581222	-0.609387937
0.236585557	-0.613718215
0.236589892	-0.618048493
0.236594227	-0.622378771
0.236598562	-0.626709049
0.236602897	-0.631039327
0.236607233	-0.635369605
0.236611568	-0.639699884
0.236615903	-0.644030162
0.236620238	-0.648360440
0.236624573	-0.652690718
0.236628908	-0.657020996
0.236633243	-0.661351274
0.236637578	-0.665681552
0.236641913	-0.670011830
0.236646248	-0.674342108
0.236650583	-0.678672386
0.236654919	-0.683002665
0.236659254	-0.687332943
0.236663589	-0.691663221
0.236667924	-0.695993499
0.236672259	-0.700323777
0.236676594	-0.704654055
0.236680929	-0.708984333
0.236685264	-0.713314611
0.236689599	-0.717644889
0.236693934	-0.721975167
0.236698270	-0.726305445
0.236702605	-0.730635724
0.236706940	-0.734966002
0.236711275	-0.739296280
0.236715610	-0.743626558
0.236719945	-0.747956836
0.236724280	-0.752287114
0.236728615	-0.756617392
0.236732950	-0.760947670
0.236737285	-0.765277948
0.236741620	-0.769608226
0.236745956	-0.773938505
0.236750291	-0.778268783
0.236754626	-0.782599061
0.236758961	-0.786929339
0.236763296	-0.791259617
0.236767631	-0.795589895
0.236771966	-0.799920173
0.236776301	-0.804250451
0.236780636	-0.808580729
0.236784971	-0.812911007
0.236789307	-0.817241285
0.236793642	-0.821571564
0.236797977	-0.825901842
0.236802312	-0.830232120
0.236806647	-0.834562398
0.236810982	-0.838892676
0.236815317	-0.843222954
0.236819652	-0.847553232
0.236823987	-0.851883510
0.236828322	-0.856213788
0.236832657	-0.860544066
0.236836993	-0.864874345
0.236841328	-0.869204623
0.236845663	-0.873534901
0.236849998	-0.877865179
0.236854333	-0.882195457
0.236858668	-0.886525735
0.236863003	-0.890856013
0.236867338	-0.895186291
0.236871673	-0.899516569
0.236876008	-0.903846847
0.236880344	-0.908177125
0.236884679	-0.912507404
0.236889014	-0.916837682
0.236893349	-0.921167960
0.236897684	-0.925498238
0.236902019	-0.929828516
0.236906354	-0.934158794
0.236910689	-0.938489072
0.236915024	-0.942819350
0.236919359	-0.947149628
0.236923694	-0.951479906
0.236928030	-0.955810185
0.236932365	-0.960140463
0.236936700	-0.964470741
0.236941035	-0.968801019
0.236945370	-0.973131297
0.236949705	-0.977461575
0.236954040	-0.981791853
0.236958375	-0.986122131
0.236962710	-0.990452409
0.236967045	-0.994782687
0.236971381	-0.999112965
0.236975716	-1.003443244
0.236980051	-1.007773522
0.236984386	-1.012103800
0.236988721	-1.016434078
0.236993056	-1.020764356
0.236997391	-1.025094634
0.237832619	-0.570410617
0.237836954	-0.574740895
0.237841290	-0.579071173
0.237845625	-0.583401452
0.237849960	-0.587731730
0.237854295	-0.592062008
0.237858630	-0.596392286
0.237862965	-0.600722564
0.237867300	-0.605052842
0.237871635	-0.609383120
0.237875970	-0.613713398
0.237880305	-0.618043676
0.237884641	-0.622373954
0.237888976	-0.626704232
0.237893311	-0.631034511
0.237897646	-0.635364789
0.237901981	-0.639695067
0.237906316	-0.644025345
0.237910651	-0.648355623
0.237914986	-0.652685901
0.237919321	-0.657016179
0.237923656	-0.661346457
0.237927991	-0.665676735
0.237932327	-0.670007013
0.237936662	-0.674337292
0.237940997	-0.678667570
0.237945332	-0.682997848
0.237949667	-0.687328126
0.237954002	-0.691658404
0.237958337	-0.695988682
0.237962672	-0.700318960
0.237967007	-0.704649238
0.237971342	-0.708979516
0.237975677	-0.713309794
0.237980013	-0.717640073
0.237984348	-0.721970351
0.237988683	-0.726300629
0.237993018	-0.730630907
0.237997353	-0.734961185
0.238001688	-0.739291463
0.238006023	-0.743621741
0.238010358	-0.747952019
0.238014693	-0.752282297
0.238019028	-0.756612575
0.238023364	-0.760942853
0.238027699	-0.765273132
0.238032034	-0.769603410
0.238036369	-0.773933688
0.238040704	-0.778263966
0.238045039	-0.782594244
0.238049374	-0.786924522
0.238053709	-0.791254800
0.238058044	-0.795585078
0.238062379	-0.799915356
0.238066714	-0.804245634
0.238071050	-0.808575913
0.238075385	-0.812906191
0.238079720	-0.817236469
0.238084055	-0.821566747
0.238088390	-0.825897025
0.238092725	-0.830227303
0.238097060	-0.834557581
0.238101395	-0.838887859
0.238105730	-0.843218137
0.238110065	-0.847548415
0.238114401	-0.851878693
0.238118736	-0.856208972
0.238123071	-0.860539250
0.238127406	-0.864869528
0.238131741	-0.869199806
0.238136076	-0.873530084
0.238140411	-0.877860362
0.238144746	-0.882190640
0.238149081	-0.886520918
0.238153416	-0.890851196
0.238157751	-0.895181474
0.238162087	-0.899511753
0.238166422	-0.903842031
0.238170757	-0.908172309
0.238175092	-0.912502587
0.238179427	-0.916832865
0.238183762	-0.921163143
0.238188097	-0.925493421
0.238192432	-0.929823699
0.238196767	-0.934153977
0.238201102	-0.938484255
0.238205438	-0.942814533
0.238209773	-0.947144812
0.238214108	-0.951475090
0.238218443	-0.955805368
0.238222778	-0.960135646
0.238227113	-0.964465924
0.238231448	-0.968796202
0.238235783	-0.973126480
0.238240118	-0.977456758
0.238244453	-0.981787036
0.238248788	-0.986117314
0.238253124	-0.990447593
0.238257459	-0.994777871
0.238261794	-0.999108149
0.238266129	-1.003438427
0.238270464	-1.007768705
0.238274799	-1.012098983
0.238279134	-1.016429261
0.238283469	-1.020759539
0.238287804	-1.025089817
0.238292139	-1.029420095
0.239123033	-0.570405800
0.239127368	-0.574736079
0.239131703	-0.579066357
0.239136038	-0.583396635
0.239140373	-0.587726913
0.239144708	-0.592057191
0.239149043	-0.596387469
0.239153378	-0.600717747
0.239157713	-0.605048025
0.239162048	-0.609378303
0.239166384	-0.613708581
0.239170719	-0.618038860
0.239175054	-0.622369138
0.239179389	-0.626699416
0.239183724	-0.631029694
0.239188059	-0.635359972
0.239192394	-0.639690250
0.239196729	-0.644020528
0.239201064	-0.648350806
0.239205399	-0.652681084
0.239209734	-0.657011362
0.239214070	-0.661341640
0.239218405	-0.665671919
0.239222740	-0.670002197
0.239227075	-0.674332475
0.239231410	-0.678662753
0.239235745	-0.682993031
0.239240080	-0.687323309
0.239244415	-0.691653587
0.239248750	-0.695983865
0.239253085	-0.700314143
0.239257421	-0.704644421
0.239261756	-0.708974700
0.239266091	-0.713304978
0.239270426	-0.717635256
0.239274761	-0.721965534
0.239279096	-0.726295812
0.239283431	-0.730626090
0.239287766	-0.734956368
0.239292101	-0.739286646
0.239296436	-0.743616924
0.239300771	-0.747947202
0.239305107	-0.752277480
0.239309442	-0.756607759
0.239313777	-0.760938037
0.239318112	-0.765268315
0.239322447	-0.769598593
0.239326782	-0.773928871
0.239331117	-0.778259149
0.239335452	-0.782589427
0.239339787	-0.786919705
0.239344122	-0.791249983
0.239348458	-0.795580261
0.239352793	-0.799910540
0.239357128	-0.804240818
0.239361463	-0.808571096
0.239365798	-0.812901374
0.239370133	-0.817231652
0.239374468	-0.821561930
0.239378803	-0.825892208
0.239383138	-0.830222486
0.239387473	-0.834552764
0.239391808	-0.838883042
0.239396144	-0.843213321
0.239400479	-0.847543599
0.239404814	-0.851873877
0.239409149	-0.856204155
0.239413484	-0.860534433
0.239417819	-0.864864711
0.239422154	-0.869194989
0.239426489	-0.873525267
0.239430824	-0.877855545
0.239435159	-0.882185823
0.239439495	-0.886516101
0.239443830	-0.890846380
0.239448165	-0.895176658
0.239452500	-0.899506936
0.239456835	-0.903837214
0.239461170	-0.908167492
0.239465505	-0.912497770
0.239469840	-0.916828048
0.239474175	-0.921158326
0.239478510	-0.925488604
0.239482845	-0.929818882
0.239487181	-0.934149161
0.239491516	-0.938479439
0.239495851	-0.942809717
0.239500186	-0.947139995
0.239504521	-0.951470273
0.239508856	-0.955800551
0.239513191	-0.960130829
0.239517526	-0.964461107
0.239521861	-0.968791385
0.239526196	-0.973121663
0.239530532	-0.977451941
0.239534867	-0.981782220
0.239539202	-0.986112498
0.239543537	-0.990442776
0.239547872	-0.994773054
0.239552207	-0.999103332
0.239556542	-1.003433610
0.239560877	-1.007763888
0.239565212	-1.012094166
0.239569547	-1.016424444
0.239573882	-1.020754722
0.239578218	-1.025085001
0.239582553	-1.029415279
0.239586888	-1.033745557
0.240409111	-0.566070706
0.240417781	-0.574731262
0.240422116	-0.579061540
0.240426451	-0.583391818
0.240430786	-0.587722096
0.240435121	-0.592052374
0.240439456	-0.596382652
0.240443792	-0.600712930
0.240448127	-0.605043208
0.240452462	-0.609373487
0.240456797	-0.613703765
0.240461132	-0.618034043
0.240465467	-0.622364321
0.240469802	-0.626694599
0.240474137	-0.631024877
0.240478472	-0.635355155
0.240482807	-0.639685433
0.240487142	-0.644015711
0.240491478	-0.648345989
0.240495813	-0.652676268
0.240500148	-0.657006546
0.240504483	-0.661336824
0.240508818	-0.665667102
0.240513153	-0.669997380
0.240517488	-0.674327658
0.240521823	-0.678657936
0.240526158	-0.682988214
0.240530493	-0.687318492
0.240534828	-0.691648770
0.240539164	-0.695979048
0.240543499	-0.700309327
0.240547834	-0.704639605
0.240552169	-0.708969883
0.240556504	-0.713300161
0.240560839	-0.717630439
0.240565174	-0.721960717
0.240569509	-0.726290995
0.240573844	-0.730621273
0.240578179	-0.734951551
0.240582515	-0.739281829
0.240586850	-0.743612108
0.240591185	-0.747942386
0.240595520	-0.752272664
0.240599855	-0.756602942
0.240604190	-0.760933220
0.240608525	-0.765263498
0.240612860	-0.769593776
0.240617195	-0.773924054
0.240621530	-0.778254332
0.240625865	-0.782584610
0.240630201	-0.786914888
0.240634536	-0.791245167
0.240638871	-0.795575445
0.240643206	-0.799905723
0.240647541	-0.804236001
0.240651876	-0.808566279
0.240656211	-0.812896557
0.240660546	-0.817226835
0.240664881	-0.821557113
0.240669216	-0.825887391
0.240673552	-0.830217669
0.240677887	-0.834547948
0.240682222	-0.838878226
0.240686557	-0.843208504
0.240690892	-0.847538782
0.240695227	-0.851869060
0.240699562	-0.856199338
0.240703897	-0.860529616
0.240708232	-0.864859894
0.240712567	-0.869190172
0.240716902	-0.873520450
0.240721238	-0.877850729
0.240725573	-0.882181007
0.240729908	-0.886511285
0.240734243	-0.890841563
0.240738578	-0.895171841
0.240742913	-0.899502119
0.240747248	-0.903832397
0.240751583	-0.908162675
0.240755918	-0.912492953
0.240760253	-0.916823231
0.240764589	-0.921153509
0.240768924	-0.925483788
0.240773259	-0.929814066
0.240777594	-0.934144344
0.240781929	-0.938474622
0.240786264	-0.942804900
0.240790599	-0.947135178
0.240794934	-0.951465456
0.240799269	-0.955795734
0.240803604	-0.960126012
0.240807939	-0.964456290
0.240812275	-0.968786569
0.240816610	-0.973116847
0.240820945	-0.977447125
0.240825280	-0.981777403
0.240829615	-0.986107681
0.240833950	-0.990437959
0.240838285	-0.994768237
0.240842620	-0.999098515
0.240846955	-1.003428793
0.240851290	-1.007759071
0.240855626	-1.012089349
0.240859961	-1.016419628
0.240864296	-1.020749906
0.240868631	-1.025080184
0.240872966	-1.029410462
0.240877301	-1.033740740
0.240881636	-1.038071018
0.240885971	-1.042401296
0.241708194	-0.574726445
0.241712529	-0.579056723
0.241716864	-0.583387001
0.241721199	-0.587717279
0.241725535	-0.592047557
0.241729870	-0.596377836
0.241734205	-0.600708114
0.241738540	-0.605038392
0.241742875	-0.609368670
0.241747210	-0.613698948
0.241751545	-0.618029226
0.241755880	-0.622359504
0.241760215	-0.626689782
0.241764550	-0.631020060
0.241768886	-0.635350338
0.241773221	-0.639680616
0.241777556	-0.644010895
0.241781891	-0.648341173
0.241786226	-0.652671451
0.241790561	-0.657001729
0.241794896	-0.661332007
0.241799231	-0.665662285
0.241803566	-0.669992563
0.241807901	-0.674322841
0.241812236	-0.678653119
0.241816572	-0.682983397
0.241820907	-0.687313676
0.241825242	-0.691643954
0.241829577	-0.695974232
0.241833912	-0.700304510
0.241838247	-0.704634788
0.241842582	-0.708965066
0.241846917	-0.713295344
0.241851252	-0.717625622
0.241855587	-0.721955900
0.241859922	-0.726286178
0.241864258	-0.730616456
0.241868593	-0.734946735
0.241872928	-0.739277013
0.241877263	-0.743607291
0.241881598	-0.747937569
0.241885933	-0.752267847
0.241890268	-0.756598125
0.241894603	-0.760928403
0.241898938	-0.765258681
0.241903273	-0.769588959
0.241907609	-0.773919237
0.241911944	-0.778249516
0.241916279	-0.782579794
0.241920614	-0.786910072
0.241924949	-0.791240350
0.241929284	-0.795570628
0.241933619	-0.799900906
0.241937954	-0.804231184
0.241942289	-0.808561462
0.241946624	-0.812891740
0.241950959	-0.817222018
0.241955295	-0.821552296
0.241959630	-0.825882575
0.241963965	-0.830212853
0.241968300	-0.834543131
0.241972635	-0.838873409
0.241976970	-0.843203687
0.241981305	-0.847533965
0.241985640	-0.851864243
0.241989975	-0.856194521
0.241994310	-0.860524799
0.241998646	-0.864855077
0.242002981	-0.869185356
0.242007316	-0.873515634
0.242011651	-0.877845912
0.242015986	-0.882176190
0.242020321	-0.886506468
0.242024656	-0.890836746
0.242028991	-0.895167024
0.242033326	-0.899497302
0.242037661	-0.903827580
0.242041996	-0.908157858
0.242046332	-0.912488136
0.242050667	-0.916818415
0.242055002	-0.921148693
0.242059337	-0.925478971
0.242063672	-0.929809249
0.242068007	-0.934139527
0.242072342	-0.938469805
0.242076677	-0.942800083
0.242081012	-0.947130361
0.242085347	-0.951460639
0.242089683	-0.955790917
0.242094018	-0.960121196
0.242098353	-0.964451474
0.242102688	-0.968781752
0.242107023	-0.973112030
0.242111358	-0.977442308
0.242115693	-0.981772586
0.242120028	-0.986102864
0.242124363	-0.990433142
0.242128698	-0.994763420
0.242133033	-0.999093698
0.242137369	-1.003423977
0.242141704	-1.007754255
0.242146039	-1.012084533
0.242150374	-1.016414811
0.242154709	-1.020745089
0.242159044	-1.025075367
0.242163379	-1.029405645
0.242167714	-1.033735923
0.242172049	-1.038066201
0.242176384	-1.042396479
0.242180720	-1.046726757
0.243002943	-0.579051906
0.243007278	-0.583382184
0.243011613	-0.587712463
0.243015948	-0.592042741
0.243020283	-0.596373019
0.243024618	-0.600703297
0.243028953	-0.605033575
0.243033288	-0.609363853
0.243037623	-0.613694131
0.243041958	-0.618024409
0.243046293	-0.622354687
0.243050629	-0.626684965
0.243054964	-0.631015244
0.243059299	-0.635345522
0.243063634	-0.639675800
0.243067969	-0.644006078
0.243072304	-0.648336356
0.243076639	-0.652666634
0.243080974	-0.656996912
0.243085309	-0.661327190
0.243089644	-0.665657468
0.243093980	-0.669987746
0.243098315	-0.674318024
0.243102650	-0.678648303
0.243106985	-0.682978581
0.243111320	-0.687308859
0.243115655	-0.691639137
0.243119990	-0.695969415
0.243124325	-0.700299693
0.243128660	-0.704629971
0.243132995	-0.708960249
0.243137330	-0.713290527
0.243141666	-0.717620805
0.243146001	-0.721951084
0.243150336	-0.726281362
0.243154671	-0.730611640
0.243159006	-0.734941918
0.243163341	-0.739272196
0.243167676	-0.743602474
0.243172011	-0.747932752
0.243176346	-0.752263030
0.243180681	-0.756593308
0.243185016	-0.760923586
0.243189352	-0.765253864
0.243193687	-0.769584143
0.243198022	-0.773914421
0.243202357	-0.778244699
0.243206692	-0.782574977
0.243211027	-0.786905255
0.243215362	-0.791235533
0.243219697	-0.795565811
0.243224032	-0.799896089
0.243228367	-0.804226367
0.243232703	-0.808556645
0.243237038	-0.812886924
0.243241373	-0.817217202
0.243245708	-0.821547480
0.243250043	-0.825877758
0.243254378	-0.830208036
0.243258713	-0.834538314
0.243263048	-0.838868592
0.243267383	-0.843198870
0.243271718	-0.847529148
0.243276053	-0.851859426
0.243280389	-0.856189704
0.243284724	-0.860519983
0.243289059	-0.864850261
0.243293394	-0.869180539
0.243297729	-0.873510817
0.243302064	-0.877841095
0.243306399	-0.882171373
0.243310734	-0.886501651
0.243315069	-0.890831929
0.243319404	-0.895162207
0.243323740	-0.899492485
0.243328075	-0.903822764
0.243332410	-0.908153042
0.243336745	-0.912483320
0.243341080	-0.916813598
0.243345415	-0.921143876
0.243349750	-0.925474154
0.243354085	-0.929804432
0.243358420	-0.934134710
0.243362755	-0.938464988
0.243367090	-0.942795266
0.243371426	-0.947125544
0.243375761	-0.951455823
0.243380096	-0.955786101
0.243384431	-0.960116379
0.243388766	-0.964446657
0.243393101	-0.968776935
0.243397436	-0.973107213
0.243401771	-0.977437491
0.243406106	-0.981767769
0.243410441	-0.986098047
0.243414777	-0.990428325
0.243419112	-0.994758604
0.243423447	-0.999088882
0.243427782	-1.003419160
0.243432117	-1.007749438
0.243436452	-1.012079716
0.243440787	-1.016409994
0.243445122	-1.020740272
0.243449457	-1.025070550
0.243453792	-1.029400828
0.243458127	-1.033731106
0.243462463	-1.038061384
0.243466798	-1.042391663
0.243471133	-1.046721941
0.243475468	-1.051052219
0.244293356	-0.579047090
0.244297691	-0.583377368
0.244302026	-0.587707646
0.244306361	-0.592037924
0.244310696	-0.596368202
0.244315031	-0.600698480
0.244319366	-0.605028758
0.244323701	-0.609359036
0.244328037	-0.613689314
0.244332372	-0.618019592
0.244336707	-0.622349871
0.244341042	-0.626680149
0.244345377	-0.631010427
0.244349712	-0.635340705
0.244354047	-0.639670983
0.244358382	-0.644001261
0.244362717	-0.648331539
0.244367052	-0.652661817
0.244371387	-0.656992095
0.244375723	-0.661322373
0.244380058	-0.665652651
0.244384393	-0.669982930
0.244388728	-0.674313208
0.244393063	-0.678643486
0.244397398	-0.682973764
0.244401733	-0.687304042
0.244406068	-0.691634320
0.244410403	-0.695964598
0.244414738	-0.700294876
0.244419073	-0.704625154
0.244423409	-0.708955432
0.244427744	-0.713285711
0.244432079	-0.717615989
0.244436414	-0.721946267
0.244440749	-0.726276545
0.244445084	-0.730606823
0.244449419	-0.734937101
0.244453754	-0.739267379
0.244458089	-0.743597657
0.244462424	-0.747927935
0.244466760	-0.752258213
0.244471095	-0.756588492
0.244475430	-0.760918770
0.244479765	-0.765249048
0.244484100	-0.769579326
0.244488435	-0.773909604
0.244492770	-0.778239882
0.244497105	-0.782570160
0.244501440	-0.786900438
0.244505775	-0.791230716
0.244510110	-0.795560994
0.244514446	-0.799891272
0.244518781	-0.804221551
0.244523116	-0.808551829
0.244527451	-0.812882107
0.244531786	-0.817212385
0.244536121	-0.821542663
0.244540456	-0.825872941
0.244544791	-0.830203219
0.244549126	-0.834533497
0.244553461	-0.838863775
0.244557797	-0.843194053
0.244562132	-0.847524332
0.244566467	-0.851854610
0.244570802	-0.856184888
0.244575137	-0.860515166
0.244579472	-0.864845444
0.244583807	-0.869175722
0.244588142	-0.873506000
0.244592477	-0.877836278
0.244596812	-0.882166556
0.244601147	-0.886496834
0.244605483	-0.890827112
0.244609818	-0.895157391
0.244614153	-0.899487669
0.244618488	-0.903817947
0.244622823	-0.908148225
0.244627158	-0.912478503
0.244631493	-0.916808781
0.244635828	-0.921139059
0.244640163	-0.925469337
0.244644498	-0.929799615
0.244648834	-0.934129893
0.244653169	-0.938460172
0.244657504	-0.942790450
0.244661839	-0.947120728
0.244666174	-0.951451006
0.244670509	-0.955781284
0.244674844	-0.960111562
0.244679179	-0.964441840
0.244683514	-0.968772118
0.244687849	-0.973102396
0.244692184	-0.977432674
0.244696520	-0.981762952
0.244700855	-0.986093231
0.244705190	-0.990423509
0.244709525	-0.994753787
0.244713860	-0.999084065
0.244718195	-1.003414343
0.244722530	-1.007744621
0.244726865	-1.012074899
0.244731200	-1.016405177
0.244735535	-1.020735455
0.244739871	-1.025065733
0.244744206	-1.029396012
0.244748541	-1.033726290
0.244752876	-1.038056568
0.244757211	-1.042386846
0.244761546	-1.046717124
0.244765881	-1.051047402
0.244770216	-1.055377680
0.245588104	-0.583372551
0.245592439	-0.587702829
0.245596774	-0.592033107
0.245601109	-0.596363385
0.245605444	-0.600693663
0.245609780	-0.605023941
0.245614115	-0.609354219
0.245618450	-0.613684498
0.245622785	-0.618014776
0.245627120	-0.622345054
0.245631455	-0.626675332
0.245635790	-0.631005610
0.245640125	-0.635335888
0.245644460	-0.639666166
0.245648795	-0.643996444
0.245653131	-0.648326722
0.245657466	-0.652657000
0.245661801	-0.656987279
0.245666136	-0.661317557
0.245670471	-0.665647835
0.245674806	-0.669978113
0.245679141	-0.674308391
0.245683476	-0.678638669
0.245687811	-0.682968947
0.245692146	-0.687299225
0.245696481	-0.691629503
0.245700817	-0.695959781
0.245705152	-0.700290059
0.245709487	-0.704620338
0.245713822	-0.708950616
0.245718157	-0.713280894
0.245722492	-0.717611172
0.245726827	-0.721941450
0.245731162	-0.726271728
0.245735497	-0.730602006
0.245739832	-0.734932284
0.245744167	-0.739262562
0.245748503	-0.743592840
0.245752838	-0.747923119
0.245757173	-0.752253397
0.245761508	-0.756583675
0.245765843	-0.760913953
0.245770178	-0.765244231
0.245774513	-0.769574509
0.245778848	-0.773904787
0.245783183	-0.778235065
0.245787518	-0.782565343
0.245791854	-0.786895621
0.245796189	-0.791225900
0.245800524	-0.795556178
0.245804859	-0.799886456
0.245809194	-0.804216734
0.245813529	-0.808547012
0.245817864	-0.812877290
0.245822199	-0.817207568
0.245826534	-0.821537846
0.245830869	-0.825868124
0.245835204	-0.830198402
0.245839540	-0.834528680
0.245843875	-0.838858959
0.245848210	-0.843189237
0.245852545	-0.847519515
0.245856880	-0.851849793
0.245861215	-0.856180071
0.245865550	-0.860510349
0.245869885	-0.864840627
0.245874220	-0.869170905
0.245878555	-0.873501183
0.245882891	-0.877831461
0.245887226	-0.882161740
0.245891561	-0.886492018
0.245895896	-0.890822296
0.245900231	-0.895152574
0.245904566	-0.899482852
0.245908901	-0.903813130
0.245913236	-0.908143408
0.245917571	-0.912473686
0.245921906	-0.916803964
0.245926241	-0.921134242
0.245930577	-0.925464520
0.245934912	-0.929794799
0.245939247	-0.934125077
0.245943582	-0.938455355
0.245947917	-0.942785633
0.245952252	-0.947115911
0.245956587	-0.951446189
0.245960922	-0.955776467
0.245965257	-0.960106745
0.245969592	-0.964437023
0.245973928	-0.968767301
0.245978263	-0.973097580
0.245982598	-0.977427858
0.245986933	-0.981758136
0.245991268	-0.986088414
0.245995603	-0.990418692
0.245999938	-0.994748970
0.246004273	-0.999079248
0.246008608	-1.003409526
0.246012943	-1.007739804
0.246017278	-1.012070082
0.246021614	-1.016400360
0.246025949	-1.020730639
0.246030284	-1.025060917
0.246034619	-1.029391195
0.246038954	-1.033721473
0.246043289	-1.038051751
0.246047624	-1.042382029
0.246051959	-1.046712307
0.246056294	-1.051042585
0.246060629	-1.055372863
0.246064965	-1.059703141
0.246069300	-1.064033420
0.246878517	-0.583367734
0.246882852	-0.587698012
0.246887188	-0.592028290
0.246891523	-0.596358568
0.246895858	-0.600688847
0.246900193	-0.605019125
0.246904528	-0.609349403
0.246908863	-0.613679681
0.246913198	-0.618009959
0.246917533	-0.622340237
0.246921868	-0.626670515
0.246926203	-0.631000793
0.246930538	-0.635331071
0.246934874	-0.639661349
0.246939209	-0.643991627
0.246943544	-0.648321906
0.246947879	-0.652652184
0.246952214	-0.656982462
0.246956549	-0.661312740
0.246960884	-0.665643018
0.246965219	-0.669973296
0.246969554	-0.674303574
0.246973889	-0.678633852
0.246978225	-0.682964130
0.246982560	-0.687294408
0.246986895	-0.691624687
0.246991230	-0.695954965
0.246995565	-0.700285243
0.246999900	-0.704615521
0.247004235	-0.708945799
0.247008570	-0.713276077
0.247012905	-0.717606355
0.247017240	-0.721936633
0.247021575	-0.726266911
0.247025911	-0.730597189
0.247030246	-0.734927467
0.247034581	-0.739257746
0.247038916	-0.743588024
0.247043251	-0.747918302
0.247047586	-0.752248580
0.247051921	-0.756578858
0.247056256	-0.760909136
0.247060591	-0.765239414
0.247064926	-0.769569692
0.247069261	-0.773899970
0.247073597	-0.778230248
0.247077932	-0.782560527
0.247082267	-0.786890805
0.247086602	-0.791221083
0.247090937	-0.795551361
0.247095272	-0.799881639
0.247099607	-0.804211917
0.247103942	-0.808542195
0.247108277	-0.812872473
0.247112612	-0.817202751
0.247116948	-0.821533029
0.247121283	-0.825863307
0.247125618	-0.830193586
0.247129953	-0.834523864
0.247134288	-0.838854142
0.247138623	-0.843184420
0.247142958	-0.847514698
0.247147293	-0.851844976
0.247151628	-0.856175254
0.247155963	-0.860505532
0.247160298	-0.864835810
0.247164634	-0.869166088
0.247168969	-0.873496367
0.247173304	-0.877826645
0.247177639	-0.882156923
0.247181974	-0.886487201
0.247186309	-0.890817479
0.247190644	-0.895147757
0.247194979	-0.899478035
0.247199314	-0.903808313
0.247203649	-0.908138591
0.247207985	-0.912468869
0.247212320	-0.916799148
0.247216655	-0.921129426
0.247220990	-0.925459704
0.247225325	-0.929789982
0.247229660	-0.934120260
0.247233995	-0.938450538
0.247238330	-0.942780816
0.247242665	-0.947111094
0.247247000	-0.951441372
0.247251335	-0.955771650
0.247255671	-0.960101928
0.247260006	-0.964432207
0.247264341	-0.968762485
0.247268676	-0.973092763
0.247273011	-0.977423041
0.247277346	-0.981753319
0.247281681	-0.986083597
0.247286016	-0.990413875
0.247290351	-0.994744153
0.247294686	-0.999074431
0.247299022	-1.003404709
0.247303357	-1.007734988
0.247307692	-1.012065266
0.247312027	-1.016395544
0.247316362	-1.020725822
0.247320697	-1.025056100
0.247325032	-1.029386378
0.247329367	-1.033716656
0.247333702	-1.038046934
0.247338037	-1.042377212
0.247342372	-1.046707490
0.247346708	-1.051037768
0.247351043	-1.055368047
0.247355378	-1.059698325
0.247359713	-1.064028603
0.247364048	-1.068358881
0.248173266	-0.587693195
0.248177601	-0.592023474
0.248181936	-0.596353752
0.248186271	-0.600684030
0.248190606	-0.605014308
0.248194941	-0.609344586
0.248199276	-0.613674864
0.248203611	-0.618005142
0.248207946	-0.622335420
0.248212282	-0.626665698
0.248216617	-0.630995976
0.248220952	-0.635326255
0.248225287	-0.639656533
0.248229622	-0.643986811
0.248233957	-0.648317089
0.248238292	-0.652647367
0.248242627	-0.656977645
0.248246962	-0.661307923
0.248251297	-0.665638201
0.248255632	-0.669968479
0.248259968	-0.674298757
0.248264303	-0.678629035
0.248268638	-0.682959314
0.248272973	-0.687289592
0.248277308	-0.691619870
0.248281643	-0.695950148
0.248285978	-0.700280426
0.248290313	-0.704610704
0.248294648	-0.708940982
0.248298983	-0.713271260
0.248303318	-0.717601538
0.248307654	-0.721931816
0.248311989	-0.726262095
0.248316324	-0.730592373
0.248320659	-0.734922651
0.248324994	-0.739252929
0.248329329	-0.743583207
0.248333664	-0.747913485
0.248337999	-0.752243763
0.248342334	-0.756574041
0.248346669	-0.760904319
0.248351005	-0.765234597
0.248355340	-0.769564875
0.248359675	-0.773895154
0.248364010	-0.778225432
0.248368345	-0.782555710
0.248372680	-0.786885988
0.248377015	-0.791216266
0.248381350	-0.795546544
0.248385685	-0.799876822
0.248390020	-0.804207100
0.248394355	-0.808537378
0.248398691	-0.812867656
0.248403026	-0.817197935
0.248407361	-0.821528213
0.248411696	-0.825858491
0.248416031	-0.830188769
0.248420366	-0.834519047
0.248424701	-0.838849325
0.248429036	-0.843179603
0.248433371	-0.847509881
0.248437706	-0.851840159
0.248442042	-0.856170437
0.248446377	-0.860500715
0.248450712	-0.864830994
0.248455047	-0.869161272
0.248459382	-0.873491550
0.248463717	-0.877821828
0.248468052	-0.882152106
0.248472387	-0.886482384
0.248476722	-0.890812662
0.248481057	-0.895142940
0.248485392	-0.899473218
0.248489728	-0.903803496
0.248494063	-0.908133775
0.248498398	-0.912464053
0.248502733	-0.916794331
0.248507068	-0.921124609
0.248511403	-0.925454887
0.248515738	-0.929785165
0.248520073	-0.934115443
0.248524408	-0.938445721
0.248528743	-0.942775999
0.248533079	-0.947106277
0.248537414	-0.951436555
0.248541749	-0.955766834
0.248546084	-0.960097112
0.248550419	-0.964427390
0.248554754	-0.968757668
0.248559089	-0.973087946
0.248563424	-0.977418224
0.248567759	-0.981748502
0.248572094	-0.986078780
0.248576429	-0.990409058
0.248580765	-0.994739336
0.248585100	-0.999069615
0.248589435	-1.003399893
0.248593770	-1.007730171
0.248598105	-1.012060449
0.248602440	-1.016390727
0.248606775	-1.020721005
0.248611110	-1.025051283
0.248615445	-1.029381561
0.248619780	-1.033711839
0.248624116	-1.038042117
0.248628451	-1.042372396
0.248632786	-1.046702674
0.248637121	-1.051032952
0.248641456	-1.055363230
0.248645791	-1.059693508
0.248650126	-1.064023786
0.248654461	-1.068354064
0.248658796	-1.072684342
0.249468014	-0.592018657
0.249472349	-0.596348935
0.249476684	-0.600679213
0.249481019	-0.605009491
0.249485354	-0.609339769
0.249489689	-0.613670047
0.249494025	-0.618000325
0.249498360	-0.622330603
0.249502695	-0.626660882
0.249507030	-0.630991160
0.249511365	-0.635321438
0.249515700	-0.639651716
0.249520035	-0.643981994
0.249524370	-0.648312272
0.249528705	-0.652642550
0.249533040	-0.656972828
0.249537376	-0.661303106
0.249541711	-0.665633384
0.249546046	-0.669963663
0.249550381	-0.674293941
0.249554716	-0.678624219
0.249559051	-0.682954497
0.249563386	-0.687284775
0.249567721	-0.691615053
0.249572056	-0.695945331
0.249576391	-0.700275609
0.249580726	-0.704605887
0.249585062	-0.708936165
0.249589397	-0.713266443
0.249593732	-0.717596722
0.249598067	-0.721927000
0.249602402	-0.726257278
0.249606737	-0.730587556
0.249611072	-0.734917834
0.249615407	-0.739248112
0.249619742	-0.743578390
0.249624077	-0.747908668
0.249628412	-0.752238946
0.249632748	-0.756569224
0.249637083	-0.760899503
0.249641418	-0.765229781
0.249645753	-0.769560059
0.249650088	-0.773890337
0.249654423	-0.778220615
0.249658758	-0.782550893
0.249663093	-0.786881171
0.249667428	-0.791211449
0.249671763	-0.795541727
0.249676099	-0.799872005
0.249680434	-0.804202283
0.249684769	-0.808532562
0.249689104	-0.812862840
0.249693439	-0.817193118
0.249697774	-0.821523396
0.249702109	-0.825853674
0.249706444	-0.830183952
0.249710779	-0.834514230
0.249715114	-0.838844508
0.249719449	-0.843174786
0.249723785	-0.847505064
0.249728120	-0.851835343
0.249732455	-0.856165621
0.249736790	-0.860495899
0.249741125	-0.864826177
0.249745460	-0.869156455
0.249749795	-0.873486733
0.249754130	-0.877817011
0.249758465	-0.882147289
0.249762800	-0.886477567
0.249767136	-0.890807845
0.249771471	-0.895138123
0.249775806	-0.899468402
0.249780141	-0.903798680
0.249784476	-0.908128958
0.249788811	-0.912459236
0.249793146	-0.916789514
0.249797481	-0.921119792
0.249801816	-0.925450070
0.249806151	-0.929780348
0.249810486	-0.934110626
0.249814822	-0.938440904
0.249819157	-0.942771183
0.249823492	-0.947101461
0.249827827	-0.951431739
0.249832162	-0.955762017
0.249836497	-0.960092295
0.249840832	-0.964422573
0.249845167	-0.968752851
0.249849502	-0.973083129
0.249853837	-0.977413407
0.249858173	-0.981743685
0.249862508	-0.986073963
0.249866843	-0.990404242
0.249871178	-0.994734520
0.249875513	-0.999064798
0.249879848	-1.003395076
0.249884183	-1.007725354
0.249888518	-1.012055632
0.249892853	-1.016385910
0.249897188	-1.020716188
0.249901523	-1.025046466
0.249905859	-1.029376744
0.249910194	-1.033707023
0.249914529	-1.038037301
0.249918864	-1.042367579
0.249923199	-1.046697857
0.249927534	-1.051028135
0.249931869	-1.055358413
0.249936204	-1.059688691
0.249940539	-1.064018969
0.249944874	-1.068349247
0.249949210	-1.072679525
0.249953545	-1.077009803
0.250758427	-0.592013840
0.250762762	-0.596344118
0.250767097	-0.600674396
0.250771433	-0.605004674
0.250775768	-0.609334952
0.250780103	-0.613665230
0.250784438	-0.617995509
0.250788773	-0.622325787
0.250793108	-0.626656065
0.250797443	-0.630986343
0.250801778	-0.635316621
0.250806113	-0.639646899
0.250810448	-0.643977177
0.250814783	-0.648307455
0.250819119	-0.652637733
0.250823454	-0.656968011
0.250827789	-0.661298290
0.250832124	-0.665628568
0.250836459	-0.669958846
0.250840794	-0.674289124
0.250845129	-0.678619402
0.250849464	-0.682949680
0.250853799	-0.687279958
0.250858134	-0.691610236
0.250862470	-0.695940514
0.250866805	-0.700270792
0.250871140	-0.704601070
0.250875475	-0.708931349
0.250879810	-0.713261627
0.250884145	-0.717591905
0.250888480	-0.721922183
0.250892815	-0.726252461
0.250897150	-0.730582739
0.250901485	-0.734913017
0.250905820	-0.739243295
0.250910156	-0.743573573
0.250914491	-0.747903851
0.250918826	-0.752234130
0.250923161	-0.756564408
0.250927496	-0.760894686
0.250931831	-0.765224964
0.250936166	-0.769555242
0.250940501	-0.773885520
0.250944836	-0.778215798
0.250949171	-0.782546076
0.250953506	-0.786876354
0.250957842	-0.791206632
0.250962177	-0.795536911
0.250966512	-0.799867189
0.250970847	-0.804197467
0.250975182	-0.808527745
0.250979517	-0.812858023
0.250983852	-0.817188301
0.250988187	-0.821518579
0.250992522	-0.825848857
0.250996857	-0.830179135
0.251001193	-0.834509413
0.251005528	-0.838839691
0.251009863	-0.843169970
0.251014198	-0.847500248
0.251018533	-0.851830526
0.251022868	-0.856160804
0.251027203	-0.860491082
0.251031538	-0.864821360
0.251035873	-0.869151638
0.251040208	-0.873481916
0.251044543	-0.877812194
0.251048879	-0.882142472
0.251053214	-0.886472751
0.251057549	-0.890803029
0.251061884	-0.895133307
0.251066219	-0.899463585
0.251070554	-0.903793863
0.251074889	-0.908124141
0.251079224	-0.912454419
0.251083559	-0.916784697
0.251087894	-0.921114975
0.251092230	-0.925445253
0.251096565	-0.929775531
0.251100900	-0.934105810
0.251105235	-0.938436088
0.251109570	-0.942766366
0.251113905	-0.947096644
0.251118240	-0.951426922
0.251122575	-0.955757200
0.251126910	-0.960087478
0.251131245	-0.964417756
0.251135580	-0.968748034
0.251139916	-0.973078312
0.251144251	-0.977408591
0.251148586	-0.981738869
0.251152921	-0.986069147
0.251157256	-0.990399425
0.251161591	-0.994729703
0.251165926	-0.999059981
0.251170261	-1.003390259
0.251174596	-1.007720537
0.251178931	-1.012050815
0.251183267	-1.016381093
0.251187602	-1.020711371
0.251191937	-1.025041650
0.251196272	-1.029371928
0.251200607	-1.033702206
0.251204942	-1.038032484
0.251209277	-1.042362762
0.251213612	-1.046693040
0.251217947	-1.051023318
0.251222282	-1.055353596
0.251226617	-1.059683874
0.251230953	-1.064014152
0.251235288	-1.068344431
0.251239623	-1.072674709
0.251243958	-1.077004987
0.251248293	-1.081335265
0.251252628	-1.085665543
0.252053176	-0.596339301
0.252057511	-0.600669579
0.252061846	-0.604999858
0.252066181	-0.609330136
0.252070516	-0.613660414
0.252074851	-0.617990692
0.252079186	-0.622320970
0.252083521	-0.626651248
0.252087856	-0.630981526
0.252092191	-0.635311804
0.252096527	-0.639642082
0.252100862	-0.643972360
0.252105197	-0.648302638
0.252109532	-0.652632917
0.252113867	-0.656963195
0.252118202	-0.661293473
0.252122537	-0.665623751
0.252126872	-0.669954029
0.252131207	-0.674284307
0.252135542	-0.678614585
0.252139877	-0.682944863
0.252144213	-0.687275141
0.252148548	-0.691605419
0.252152883	-0.695935698
0.252157218	-0.700265976
0.252161553	-0.704596254
0.252165888	-0.708926532
0.252170223	-0.713256810
0.252174558	-0.717587088
0.252178893	-0.721917366
0.252183228	-0.726247644
0.252187564	-0.730577922
0.252191899	-0.734908200
0.252196234	-0.739238478
0.252200569	-0.743568757
0.252204904	-0.747899035
0.252209239	-0.752229313
0.252213574	-0.756559591
0.252217909	-0.760889869
0.252222244	-0.765220147
0.252226579	-0.769550425
0.252230914	-0.773880703
0.252235250	-0.778210981
0.252239585	-0.782541259
0.252243920	-0.786871538
0.252248255	-0.791201816
0.252252590	-0.795532094
0.252256925	-0.799862372
0.252261260	-0.804192650
0.252265595	-0.808522928
0.252269930	-0.812853206
0.252274265	-0.817183484
0.252278600	-0.821513762
0.252282936	-0.825844040
0.252287271	-0.830174319
0.252291606	-0.834504597
0.252295941	-0.838834875
0.252300276	-0.843165153
0.252304611	-0.847495431
0.252308946	-0.851825709
0.252313281	-0.856155987
0.252317616	-0.860486265
0.252321951	-0.864816543
0.252326287	-0.869146821
0.252330622	-0.873477099
0.252334957	-0.877807378
0.252339292	-0.882137656
0.252343627	-0.886467934
0.252347962	-0.890798212
0.252352297	-0.895128490
0.252356632	-0.899458768
0.252360967	-0.903789046
0.252365302	-0.908119324
0.252369637	-0.912449602
0.252373973	-0.916779880
0.252378308	-0.921110159
0.252382643	-0.925440437
0.252386978	-0.929770715
0.252391313	-0.934100993
0.252395648	-0.938431271
0.252399983	-0.942761549
0.252404318	-0.947091827
0.252408653	-0.951422105
0.252412988	-0.955752383
0.252417324	-0.960082661
0.252421659	-0.964412939
0.252425994	-0.968743218
0.252430329	-0.973073496
0.252434664	-0.977403774
0.252438999	-0.981734052
0.252443334	-0.986064330
0.252447669	-0.990394608
0.252452004	-0.994724886
0.252456339	-0.999055164
0.252460674	-1.003385442
0.252465010	-1.007715720
0.252469345	-1.012045999
0.252473680	-1.016376277
0.252478015	-1.020706555
0.252482350	-1.025036833
0.252486685	-1.029367111
0.252491020	-1.033697389
0.252495355	-1.038027667
0.252499690	-1.042357945
0.252504025	-1.046688223
0.252508361	-1.051018501
0.252512696	-1.055348779
0.252517031	-1.059679058
0.252521366	-1.064009336
0.252525701	-1.068339614
0.252530036	-1.072669892
0.252534371	-1.077000170
0.252538706	-1.081330448
0.252543041	-1.085660726
0.252547376	-1.089991004
0.253343589	-0.596334485
0.253347924	-0.600664763
0.253352259	-0.604995041
0.253356594	-0.609325319
0.253360929	-0.613655597
0.253365264	-0.617985875
0.253369599	-0.622316153
0.253373934	-0.626646431
0.253378270	-0.630976709
0.253382605	-0.635306987
0.253386940	-0.639637266
0.253391275	-0.643967544
0.253395610	-0.648297822
0.253399945	-0.652628100
0.253404280	-0.656958378
0.253408615	-0.661288656
0.253412950	-0.665618934
0.253417285	-0.669949212
0.253421621	-0.674279490
0.253425956	-0.678609768
0.253430291	-0.682940046
0.253434626	-0.687270325
0.253438961	-0.691600603
0.253443296	-0.695930881
0.253447631	-0.700261159
0.253451966	-0.704591437
0.253456301	-0.708921715
0.253460636	-0.713251993
0.253464971	-0.717582271
0.253469307	-0.721912549
0.253473642	-0.726242827
0.253477977	-0.730573106
0.253482312	-0.734903384
0.253486647	-0.739233662
0.253490982	-0.743563940
0.253495317	-0.747894218
0.253499652	-0.752224496
0.253503987	-0.756554774
0.253508322	-0.760885052
0.253512657	-0.765215330
0.253516993	-0.769545608
0.253521328	-0.773875886
0.253525663	-0.778206165
0.253529998	-0.782536443
0.253534333	-0.786866721
0.253538668	-0.791196999
0.253543003	-0.795527277
0.253547338	-0.799857555
0.253551673	-0.804187833
0.253556008	-0.808518111
0.253560344	-0.812848389
0.253564679	-0.817178667
0.253569014	-0.821508946
0.253573349	-0.825839224
0.253577684	-0.830169502
0.253582019	-0.834499780
0.253586354	-0.838830058
0.253590689	-0.843160336
0.253595024	-0.847490614
0.253599359	-0.851820892
0.253603694	-0.856151170
0.253608030	-0.860481448
0.253612365	-0.864811726
0.253616700	-0.869142005
0.253621035	-0.873472283
0.253625370	-0.877802561
0.253629705	-0.882132839
0.253634040	-0.886463117
0.253638375	-0.890793395
0.253642710	-0.895123673
0.253647045	-0.899453951
0.253651381	-0.903784229
0.253655716	-0.908114507
0.253660051	-0.912444786
0.253664386	-0.916775064
0.253668721	-0.921105342
0.253673056	-0.925435620
0.253677391	-0.929765898
0.253681726	-0.934096176
0.253686061	-0.938426454
0.253690396	-0.942756732
0.253694731	-0.947087010
0.253699067	-0.951417288
0.253703402	-0.955747567
0.253707737	-0.960077845
0.253712072	-0.964408123
0.253716407	-0.968738401
0.253720742	-0.973068679
0.253725077	-0.977398957
0.253729412	-0.981729235
0.253733747	-0.986059513
0.253738082	-0.990389791
0.253742418	-0.994720069
0.253746753	-0.999050347
0.253751088	-1.003380626
0.253755423	-1.007710904
0.253759758	-1.012041182
0.253764093	-1.016371460
0.253768428	-1.020701738
0.253772763	-1.025032016
0.253777098	-1.029362294
0.253781433	-1.033692572
0.253785768	-1.038022850
0.253790104	-1.042353128
0.253794439	-1.046683407
0.253798774	-1.051013685
0.253803109	-1.055343963
0.253807444	-1.059674241
0.253811779	-1.064004519
0.253816114	-1.068334797
0.253820449	-1.072665075
0.253824784	-1.076995353
0.253829119	-1.081325631
0.253833455	-1.085655909
0.253837790	-1.089986187
0.253842125	-1.094316466
0.253846460	-1.098646744
0.254638337	-0.600659946
0.254642672	-0.604990224
0.254647007	-0.609320502
0.254651342	-0.613650780
0.254655678	-0.617981058
0.254660013	-0.622311336
0.254664348	-0.626641614
0.254668683	-0.630971893
0.254673018	-0.635302171
0.254677353	-0.639632449
0.254681688	-0.643962727
0.254686023	-0.648293005
0.254690358	-0.652623283
0.254694693	-0.656953561
0.254699028	-0.661283839
0.254703364	-0.665614117
0.254707699	-0.669944395
0.254712034	-0.674274674
0.254716369	-0.678604952
0.254720704	-0.682935230
0.254725039	-0.687265508
0.254729374	-0.691595786
0.254733709	-0.695926064
0.254738044	-0.700256342
0.254742379	-0.704586620
0.254746715	-0.708916898
0.254751050	-0.713247176
0.254755385	-0.717577454
0.254759720	-0.721907733
0.254764055	-0.726238011
0.254768390	-0.730568289
0.254772725	-0.734898567
0.254777060	-0.739228845
0.254781395	-0.743559123
0.254785730	-0.747889401
0.254790065	-0.752219679
0.254794401	-0.756549957
0.254798736	-0.760880235
0.254803071	-0.765210514
0.254807406	-0.769540792
0.254811741	-0.773871070
0.254816076	-0.778201348
0.254820411	-0.782531626
0.254824746	-0.786861904
0.254829081	-0.791192182
0.254833416	-0.795522460
0.254837751	-0.799852738
0.254842087	-0.804183016
0.254846422	-0.808513294
0.254850757	-0.812843573
0.254855092	-0.817173851
0.254859427	-0.821504129
0.254863762	-0.825834407
0.254868097	-0.830164685
0.254872432	-0.834494963
0.254876767	-0.838825241
0.254881102	-0.843155519
0.254885438	-0.847485797
0.254889773	-0.851816075
0.254894108	-0.856146354
0.254898443	-0.860476632
0.254902778	-0.864806910
0.254907113	-0.869137188
0.254911448	-0.873467466
0.254915783	-0.877797744
0.254920118	-0.882128022
0.254924453	-0.886458300
0.254928788	-0.890788578
0.254933124	-0.895118856
0.254937459	-0.899449134
0.254941794	-0.903779413
0.254946129	-0.908109691
0.254950464	-0.912439969
0.254954799	-0.916770247
0.254959134	-0.921100525
0.254963469	-0.925430803
0.254967804	-0.929761081
0.254972139	-0.934091359
0.254976475	-0.938421637
0.254980810	-0.942751915
0.254985145	-0.947082194
0.254989480	-0.951412472
0.254993815	-0.955742750
0.254998150	-0.960073028
0.255002485	-0.964403306
0.255006820	-0.968733584
0.255011155	-0.973063862
0.255015490	-0.977394140
0.255019825	-0.981724418
0.255024161	-0.986054696
0.255028496	-0.990384974
0.255032831	-0.994715253
0.255037166	-0.999045531
0.255041501	-1.003375809
0.255045836	-1.007706087
0.255050171	-1.012036365
0.255054506	-1.016366643
0.255058841	-1.020696921
0.255063176	-1.025027199
0.255067512	-1.029357477
0.255071847	-1.033687755
0.255076182	-1.038018034
0.255080517	-1.042348312
0.255084852	-1.046678590
0.255089187	-1.051008868
0.255093522	-1.055339146
0.255097857	-1.059669424
0.255102192	-1.063999702
0.255106527	-1.068329980
0.255110862	-1.072660258
0.255115198	-1.076990536
0.255119533	-1.081320815
0.255123868	-1.085651093
0.255128203	-1.089981371
0.255132538	-1.094311649
0.255136873	-1.098641927
0.255141208	-1.102972205
0.255933085	-0.604985407
0.255937421	-0.609315685
0.255941756	-0.613645963
0.255946091	-0.617976241
0.255950426	-0.622306520
0.255954761	-0.626636798
0.255959096	-0.630967076
0.255963431	-0.635297354
0.255967766	-0.639627632
0.255972101	-0.643957910
0.255976436	-0.648288188
0.255980772	-0.652618466
0.255985107	-0.656948744
0.255989442	-0.661279022
0.255993777	-0.665609301
0.255998112	-0.669939579
0.256002447	-0.674269857
0.256006782	-0.678600135
0.256011117	-0.682930413
0.256015452	-0.687260691
0.256019787	-0.691590969
0.256024122	-0.695921247
0.256028458	-0.700251525
0.256032793	-0.704581803
0.256037128	-0.708912082
0.256041463	-0.713242360
0.256045798	-0.717572638
0.256050133	-0.721902916
0.256054468	-0.726233194
0.256058803	-0.730563472
0.256063138	-0.734893750
0.256067473	-0.739224028
0.256071809	-0.743554306
0.256076144	-0.747884584
0.256080479	-0.752214862
0.256084814	-0.756545141
0.256089149	-0.760875419
0.256093484	-0.765205697
0.256097819	-0.769535975
0.256102154	-0.773866253
0.256106489	-0.778196531
0.256110824	-0.782526809
0.256115159	-0.786857087
0.256119495	-0.791187365
0.256123830	-0.795517643
0.256128165	-0.799847922
0.256132500	-0.804178200
0.256136835	-0.808508478
0.256141170	-0.812838756
0.256145505	-0.817169034
0.256149840	-0.821499312
0.256154175	-0.825829590
0.256158510	-0.830159868
0.256162845	-0.834490146
0.256167181	-0.838820424
0.256171516	-0.843150702
0.256175851	-0.847480981
0.256180186	-0.851811259
0.256184521	-0.856141537
0.256188856	-0.860471815
0.256193191	-0.864802093
0.256197526	-0.869132371
0.256201861	-0.873462649
0.256206196	-0.877792927
0.256210532	-0.882123205
0.256214867	-0.886453483
0.256219202	-0.890783762
0.256223537	-0.895114040
0.256227872	-0.899444318
0.256232207	-0.903774596
0.256236542	-0.908104874
0.256240877	-0.912435152
0.256245212	-0.916765430
0.256249547	-0.921095708
0.256253882	-0.925425986
0.256258218	-0.929756264
0.256262553	-0.934086542
0.256266888	-0.938416821
0.256271223	-0.942747099
0.256275558	-0.947077377
0.256279893	-0.951407655
0.256284228	-0.955737933
0.256288563	-0.960068211
0.256292898	-0.964398489
0.256297233	-0.968728767
0.256301569	-0.973059045
0.256305904	-0.977389323
0.256310239	-0.981719602
0.256314574	-0.986049880
0.256318909	-0.990380158
0.256323244	-0.994710436
0.256327579	-0.999040714
0.256331914	-1.003370992
0.256336249	-1.007701270
0.256340584	-1.012031548
0.256344919	-1.016361826
0.256349255	-1.020692104
0.256353590	-1.025022382
0.256357925	-1.029352661
0.256362260	-1.033682939
0.256366595	-1.038013217
0.256370930	-1.042343495
0.256375265	-1.046673773
0.256379600	-1.051004051
0.256383935	-1.055334329
0.256388270	-1.059664607
0.256392606	-1.063994885
0.256396941	-1.068325163
0.256401276	-1.072655442
0.256405611	-1.076985720
0.256409946	-1.081315998
0.256414281	-1.085646276
0.256418616	-1.089976554
0.256422951	-1.094306832
0.256427286	-1.098637110
0.256431621	-1.102967388
0.256435956	-1.107297666
0.256440292	-1.111627944
0.257223499	-0.604980590
0.257227834	-0.609310869
0.257232169	-0.613641147
0.257236504	-0.617971425
0.257240839	-0.622301703
0.257245174	-0.626631981
0.257249509	-0.630962259
0.257253844	-0.635292537
0.257258179	-0.639622815
0.257262515	-0.643953093
0.257266850	-0.648283371
0.257271185	-0.652613649
0.257275520	-0.656943928
0.257279855	-0.661274206
0.257284190	-0.665604484
0.257288525	-0.669934762
0.257292860	-0.674265040
0.257297195	-0.678595318
0.257301530	-0.682925596
0.257305866	-0.687255874
0.257310201	-0.691586152
0.257314536	-0.695916430
0.257318871	-0.700246709
0.257323206	-0.704576987
0.257327541	-0.708907265
0.257331876	-0.713237543
0.257336211	-0.717567821
0.257340546	-0.721898099
0.257344881	-0.726228377
0.257349216	-0.730558655
0.257353552	-0.734888933
0.257357887	-0.739219211
0.257362222	-0.743549489
0.257366557	-0.747879768
0.257370892	-0.752210046
0.257375227	-0.756540324
0.257379562	-0.760870602
0.257383897	-0.765200880
0.257388232	-0.769531158
0.257392567	-0.773861436
0.257396903	-0.778191714
0.257401238	-0.782521992
0.257405573	-0.786852270
0.257409908	-0.791182549
0.257414243	-0.795512827
0.257418578	-0.799843105
0.257422913	-0.804173383
0.257427248	-0.808503661
0.257431583	-0.812833939
0.257435918	-0.817164217
0.257440253	-0.821494495
0.257444589	-0.825824773
0.257448924	-0.830155051
0.257453259	-0.834485330
0.257457594	-0.838815608
0.257461929	-0.843145886
0.257466264	-0.847476164
0.257470599	-0.851806442
0.257474934	-0.856136720
0.257479269	-0.860466998
0.257483604	-0.864797276
0.257487939	-0.869127554
0.257492275	-0.873457832
0.257496610	-0.877788110
0.257500945	-0.882118389
0.257505280	-0.886448667
0.257509615	-0.890778945
0.257513950	-0.895109223
0.257518285	-0.899439501
0.257522620	-0.903769779
0.257526955	-0.908100057
0.257531290	-0.912430335
0.257535626	-0.916760613
0.257539961	-0.921090891
0.257544296	-0.925421170
0.257548631	-0.929751448
0.257552966	-0.934081726
0.257557301	-0.938412004
0.257561636	-0.942742282
0.257565971	-0.947072560
0.257570306	-0.951402838
0.257574641	-0.955733116
0.257578976	-0.960063394
0.257583312	-0.964393672
0.257587647	-0.968723950
0.257591982	-0.973054229
0.257596317	-0.977384507
0.257600652	-0.981714785
0.257604987	-0.986045063
0.257609322	-0.990375341
0.257613657	-0.994705619
0.257617992	-0.999035897
0.257622327	-1.003366175
0.257626663	-1.007696453
0.257630998	-1.012026731
0.257635333	-1.016357010
0.257639668	-1.020687288
0.257644003	-1.025017566
0.257648338	-1.029347844
0.257652673	-1.033678122
0.257657008	-1.038008400
0.257661343	-1.042338678
0.257665678	-1.046668956
0.257670013	-1.050999234
0.257674349	-1.055329512
0.257678684	-1.059659790
0.257683019	-1.063990069
0.257687354	-1.068320347
0.257691689	-1.072650625
0.257696024	-1.076980903
0.257700359	-1.081311181
0.257704694	-1.085641459
0.257709029	-1.089971737
0.257713364	-1.094302015
0.257717700	-1.098632293
0.257722035	-1.102962571
0.257726370	-1.107292850
0.257730705	-1.111623128
0.257735040	-1.115953406
0.258518247	-0.609306052
0.258522582	-0.613636330
0.258526917	-0.617966608
0.258531252	-0.622296886
0.258535587	-0.626627164
0.258539923	-0.630957442
0.258544258	-0.635287720
0.258548593	-0.639617998
0.258552928	-0.643948277
0.258557263	-0.648278555
0.258561598	-0.652608833
0.258565933	-0.656939111
0.258570268	-0.661269389
0.258574603	-0.665599667
0.258578938	-0.669929945
0.258583273	-0.674260223
0.258587609	-0.678590501
0.258591944	-0.682920779
0.258596279	-0.687251057
0.258600614	-0.691581336
0.258604949	-0.695911614
0.258609284	-0.700241892
0.258613619	-0.704572170
0.258617954	-0.708902448
0.258622289	-0.713232726
0.258626624	-0.717563004
0.258630960	-0.721893282
0.258635295	-0.726223560
0.258639630	-0.730553838
0.258643965	-0.734884117
0.258648300	-0.739214395
0.258652635	-0.743544673
0.258656970	-0.747874951
0.258661305	-0.752205229
0.258665640	-0.756535507
0.258669975	-0.760865785
0.258674310	-0.765196063
0.258678646	-0.769526341
0.258682981	-0.773856619
0.258687316	-0.778186897
0.258691651	-0.782517176
0.258695986	-0.786847454
0.258700321	-0.791177732
0.258704656	-0.795508010
0.258708991	-0.799838288
0.258713326	-0.804168566
0.258717661	-0.808498844
0.258721996	-0.812829122
0.258726332	-0.817159400
0.258730667	-0.821489678
0.258735002	-0.825819957
0.258739337	-0.830150235
0.258743672	-0.834480513
0.258748007	-0.838810791
0.258752342	-0.843141069
0.258756677	-0.847471347
0.258761012	-0.851801625
0.258765347	-0.856131903
0.258769683	-0.860462181
0.258774018	-0.864792459
0.258778353	-0.869122738
0.258782688	-0.873453016
0.258787023	-0.877783294
0.258791358	-0.882113572
0.258795693	-0.886443850
0.258800028	-0.890774128
0.258804363	-0.895104406
0.258808698	-0.899434684
0.258813033	-0.903764962
0.258817369	-0.908095240
0.258821704	-0.912425518
0.258826039	-0.916755797
0.258830374	-0.921086075
0.258834709	-0.925416353
0.258839044	-0.929746631
0.258843379	-0.934076909
0.258847714	-0.938407187
0.258852049	-0.942737465
0.258856384	-0.947067743
0.258860720	-0.951398021
0.258865055	-0.955728299
0.258869390	-0.960058578
0.258873725	-0.964388856
0.258878060	-0.968719134
0.258882395	-0.973049412
0.258886730	-0.977379690
0.258891065	-0.981709968
0.258895400	-0.986040246
0.258899735	-0.990370524
0.258904070	-0.994700802
0.258908406	-0.999031080
0.258912741	-1.003361358
0.258917076	-1.007691637
0.258921411	-1.012021915
0.258925746	-1.016352193
0.258930081	-1.020682471
0.258934416	-1.025012749
0.258938751	-1.029343027
0.258943086	-1.033673305
0.258947421	-1.038003583
0.258951757	-1.042333861
0.258956092	-1.046664139
0.258960427	-1.050994418
0.258964762	-1.055324696
0.258969097	-1.059654974
0.258973432	-1.063985252
0.258977767	-1.068315530
0.258982102	-1.072645808
0.258986437	-1.076976086
0.258990772	-1.081306364
0.258995107	-1.085636642
0.258999443	-1.089966920
0.259003778	-1.094297198
0.259008113	-1.098627477
0.259012448	-1.102957755
0.259016783	-1.107288033
0.259021118	-1.111618311
0.259025453	-1.115948589
0.259029788	-1.120278867
0.259808660	-0.609301235
0.259812995	-0.613631513
0.259817330	-0.617961791
0.259821666	-0.622292069
0.259826001	-0.626622347
0.259830336	-0.630952625
0.259834671	-0.635282904
0.259839006	-0.639613182
0.259843341	-0.643943460
0.259847676	-0.648273738
0.259852011	-0.652604016
0.259856346	-0.656934294
0.259860681	-0.661264572
0.259865017	-0.665594850
0.259869352	-0.669925128
0.259873687	-0.674255406
0.259878022	-0.678585685
0.259882357	-0.682915963
0.259886692	-0.687246241
0.259891027	-0.691576519
0.259895362	-0.695906797
0.259899697	-0.700237075
0.259904032	-0.704567353
0.259908367	-0.708897631
0.259912703	-0.713227909
0.259917038	-0.717558187
0.259921373	-0.721888465
0.259925708	-0.726218744
0.259930043	-0.730549022
0.259934378	-0.734879300
0.259938713	-0.739209578
0.259943048	-0.743539856
0.259947383	-0.747870134
0.259951718	-0.752200412
0.259956054	-0.756530690
0.259960389	-0.760860968
0.259964724	-0.765191246
0.259969059	-0.769521525
0.259973394	-0.773851803
0.259977729	-0.778182081
0.259982064	-0.782512359
0.259986399	-0.786842637
0.259990734	-0.791172915
0.259995069	-0.795503193
0.259999404	-0.799833471
0.260003740	-0.804163749
0.260008075	-0.808494027
0.260012410	-0.812824305
0.260016745	-0.817154584
0.260021080	-0.821484862
0.260025415	-0.825815140
0.260029750	-0.830145418
0.260034085	-0.834475696
0.260038420	-0.838805974
0.260042755	-0.843136252
0.260047090	-0.847466530
0.260051426	-0.851796808
0.260055761	-0.856127086
0.260060096	-0.860457365
0.260064431	-0.864787643
0.260068766	-0.869117921
0.260073101	-0.873448199
0.260077436	-0.877778477
0.260081771	-0.882108755
0.260086106	-0.886439033
0.260090441	-0.890769311
0.260094777	-0.895099589
0.260099112	-0.899429867
0.260103447	-0.903760145
0.260107782	-0.908090424
0.260112117	-0.912420702
0.260116452	-0.916750980
0.260120787	-0.921081258
0.260125122	-0.925411536
0.260129457	-0.929741814
0.260133792	-0.934072092
0.260138127	-0.938402370
0.260142463	-0.942732648
0.260146798	-0.947062926
0.260151133	-0.951393205
0.260155468	-0.955723483
0.260159803	-0.960053761
0.260164138	-0.964384039
0.260168473	-0.968714317
0.260172808	-0.973044595
0.260177143	-0.977374873
0.260181478	-0.981705151
0.260185814	-0.986035429
0.260190149	-0.990365707
0.260194484	-0.994695986
0.260198819	-0.999026264
0.260203154	-1.003356542
0.260207489	-1.007686820
0.260211824	-1.012017098
0.260216159	-1.016347376
0.260220494	-1.020677654
0.260224829	-1.025007932
0.260229164	-1.029338210
0.260233500	-1.033668488
0.260237835	-1.037998766
0.260242170	-1.042329045
0.260246505	-1.046659323
0.260250840	-1.050989601
0.260255175	-1.055319879
0.260259510	-1.059650157
0.260263845	-1.063980435
0.260268180	-1.068310713
0.260272515	-1.072640991
0.260276851	-1.076971269
0.260281186	-1.081301547
0.260285521	-1.085631826
0.260289856	-1.089962104
0.260294191	-1.094292382
0.260298526	-1.098622660
0.260302861	-1.102952938
0.260307196	-1.107283216
0.260311531	-1.111613494
0.260315866	-1.115943772
0.260320201	-1.120274050
0.260324537	-1.124604328
0.260328872	-1.128934606
0.261103409	-0.613626696
0.261107744	-0.617956974
0.261112079	-0.622287253
0.261116414	-0.626617531
0.261120749	-0.630947809
0.261125084	-0.635278087
0.261129419	-0.639608365
0.261133754	-0.643938643
0.261138089	-0.648268921
0.261142424	-0.652599199
0.261146760	-0.656929477
0.261151095	-0.661259755
0.261155430	-0.665590033
0.261159765	-0.669920312
0.261164100	-0.674250590
0.261168435	-0.678580868
0.261172770	-0.682911146
0.261177105	-0.687241424
0.261181440	-0.691571702
0.261185775	-0.695901980
0.261190111	-0.700232258
0.261194446	-0.704562536
0.261198781	-0.708892814
0.261203116	-0.713223093
0.261207451	-0.717553371
0.261211786	-0.721883649
0.261216121	-0.726213927
0.261220456	-0.730544205
0.261224791	-0.734874483
0.261229126	-0.739204761
0.261233461	-0.743535039
0.261237797	-0.747865317
0.261242132	-0.752195595
0.261246467	-0.756525873
0.261250802	-0.760856152
0.261255137	-0.765186430
0.261259472	-0.769516708
0.261263807	-0.773846986
0.261268142	-0.778177264
0.261272477	-0.782507542
0.261276812	-0.786837820
0.261281148	-0.791168098
0.261285483	-0.795498376
0.261289818	-0.799828654
0.261294153	-0.804158933
0.261298488	-0.808489211
0.261302823	-0.812819489
0.261307158	-0.817149767
0.261311493	-0.821480045
0.261315828	-0.825810323
0.261320163	-0.830140601
0.261324498	-0.834470879
0.261328834	-0.838801157
0.261333169	-0.843131435
0.261337504	-0.847461713
0.261341839	-0.851791992
0.261346174	-0.856122270
0.261350509	-0.860452548
0.261354844	-0.864782826
0.261359179	-0.869113104
0.261363514	-0.873443382
0.261367849	-0.877773660
0.261372184	-0.882103938
0.261376520	-0.886434216
0.261380855	-0.890764494
0.261385190	-0.895094773
0.261389525	-0.899425051
0.261393860	-0.903755329
0.261398195	-0.908085607
0.261402530	-0.912415885
0.261406865	-0.916746163
0.261411200	-0.921076441
0.261415535	-0.925406719
0.261419871	-0.929736997
0.261424206	-0.934067275
0.261428541	-0.938397553
0.261432876	-0.942727832
0.261437211	-0.947058110
0.261441546	-0.951388388
0.261445881	-0.955718666
0.261450216	-0.960048944
0.261454551	-0.964379222
0.261458886	-0.968709500
0.261463221	-0.973039778
0.261467557	-0.977370056
0.261471892	-0.981700334
0.261476227	-0.986030613
0.261480562	-0.990360891
0.261484897	-0.994691169
0.261489232	-0.999021447
0.261493567	-1.003351725
0.261497902	-1.007682003
0.261502237	-1.012012281
0.261506572	-1.016342559
0.261510908	-1.020672837
0.261515243	-1.025003115
0.261519578	-1.029333393
0.261523913	-1.033663672
0.261528248	-1.037993950
0.261532583	-1.042324228
0.261536918	-1.046654506
0.261541253	-1.050984784
0.261545588	-1.055315062
0.261549923	-1.059645340
0.261554258	-1.063975618
0.261558594	-1.068305896
0.261562929	-1.072636174
0.261567264	-1.076966453
0.261571599	-1.081296731
0.261575934	-1.085627009
0.261580269	-1.089957287
0.261584604	-1.094287565
0.261588939	-1.098617843
0.261593274	-1.102948121
0.261597609	-1.107278399
0.261601945	-1.111608677
0.261606280	-1.115938955
0.261610615	-1.120269234
0.261614950	-1.124599512
0.261619285	-1.128929790
0.261623620	-1.133260068
0.261627955	-1.137590346
0.262398157	-0.617952158
0.262402492	-0.622282436
0.262406827	-0.626612714
0.262411162	-0.630942992
0.262415497	-0.635273270
0.262419832	-0.639603548
0.262424168	-0.643933826
0.262428503	-0.648264104
0.262432838	-0.652594382
0.262437173	-0.656924660
0.262441508	-0.661254939
0.262445843	-0.665585217
0.262450178	-0.669915495
0.262454513	-0.674245773
0.262458848	-0.678576051
0.262463183	-0.682906329
0.262467518	-0.687236607
0.262471854	-0.691566885
0.262476189	-0.695897163
0.262480524	-0.700227441
0.262484859	-0.704557720
0.262489194	-0.708887998
0.262493529	-0.713218276
0.262497864	-0.717548554
0.262502199	-0.721878832
0.262506534	-0.726209110
0.262510869	-0.730539388
0.262515205	-0.734869666
0.262519540	-0.739199944
0.262523875	-0.743530222
0.262528210	-0.747860501
0.262532545	-0.752190779
0.262536880	-0.756521057
0.262541215	-0.760851335
0.262545550	-0.765181613
0.262549885	-0.769511891
0.262554220	-0.773842169
0.262558555	-0.778172447
0.262562891	-0.782502725
0.262567226	-0.786833003
0.262571561	-0.791163281
0.262575896	-0.795493560
0.262580231	-0.799823838
0.262584566	-0.804154116
0.262588901	-0.808484394
0.262593236	-0.812814672
0.262597571	-0.817144950
0.262601906	-0.821475228
0.262606241	-0.825805506
0.262610577	-0.830135784
0.262614912	-0.834466062
0.262619247	-0.838796341
0.262623582	-0.843126619
0.262627917	-0.847456897
0.262632252	-0.851787175
0.262636587	-0.856117453
0.262640922	-0.860447731
0.262645257	-0.864778009
0.262649592	-0.869108287
0.262653928	-0.873438565
0.262658263	-0.877768843
0.262662598	-0.882099121
0.262666933	-0.886429400
0.262671268	-0.890759678
0.262675603	-0.895089956
0.262679938	-0.899420234
0.262684273	-0.903750512
0.262688608	-0.908080790
0.262692943	-0.912411068
0.262697278	-0.916741346
0.262701614	-0.921071624
0.262705949	-0.925401902
0.262710284	-0.929732181
0.262714619	-0.934062459
0.262718954	-0.938392737
0.262723289	-0.942723015
0.262727624	-0.947053293
0.262731959	-0.951383571
0.262736294	-0.955713849
0.262740629	-0.960044127
0.262744965	-0.964374405
0.262749300	-0.968704683
0.262753635	-0.973034961
0.262757970	-0.977365240
0.262762305	-0.981695518
0.262766640	-0.986025796
0.262770975	-0.990356074
0.262775310	-0.994686352
0.262779645	-0.999016630
0.262783980	-1.003346908
0.262788315	-1.007677186
0.262792651	-1.012007464
0.262796986	-1.016337742
0.262801321	-1.020668021
0.262805656	-1.024998299
0.262809991	-1.029328577
0.262814326	-1.033658855
0.262818661	-1.037989133
0.262822996	-1.042319411
0.262827331	-1.046649689
0.262831666	-1.050979967
0.262836002	-1.055310245
0.262840337	-1.059640523
0.262844672	-1.063970801
0.262849007	-1.068301080
0.262853342	-1.072631358
0.262857677	-1.076961636
0.262862012	-1.081291914
0.262866347	-1.085622192
0.262870682	-1.089952470
0.262875017	-1.094282748
0.262879352	-1.098613026
0.262883688	-1.102943304
0.262888023	-1.107273582
0.262892358	-1.111603861
0.262896693	-1.115934139
0.262901028	-1.120264417
0.262905363	-1.124594695
0.262909698	-1.128924973
0.262914033	-1.133255251
0.262918368	-1.137585529
0.262922703	-1.141915807
0.263688570	-0.617947341
0.263692905	-0.622277619
0.263697240	-0.626607897
0.263701575	-0.630938175
0.263705911	-0.635268453
0.263710246	-0.639598731
0.263714581	-0.643929009
0.263718916	-0.648259288
0.263723251	-0.652589566
0.263727586	-0.656919844
0.263731921	-0.661250122
0.263736256	-0.665580400
0.263740591	-0.669910678
0.263744926	-0.674240956
0.263749262	-0.678571234
0.263753597	-0.682901512
0.263757932	-0.687231790
0.263762267	-0.691562068
0.263766602	-0.695892347
0.263770937	-0.700222625
0.263775272	-0.704552903
0.263779607	-0.708883181
0.263783942	-0.713213459
0.263788277	-0.717543737
0.263792612	-0.721874015
0.263796948	-0.726204293
0.263801283	-0.730534571
0.263805618	-0.734864849
0.263809953	-0.739195128
0.263814288	-0.743525406
0.263818623	-0.747855684
0.263822958	-0.752185962
0.263827293	-0.756516240
0.263831628	-0.760846518
0.263835963	-0.765176796
0.263840299	-0.769507074
0.263844634	-0.773837352
0.263848969	-0.778167630
0.263853304	-0.782497908
0.263857639	-0.786828187
0.263861974	-0.791158465
0.263866309	-0.795488743
0.263870644	-0.799819021
0.263874979	-0.804149299
0.263879314	-0.808479577
0.263883649	-0.812809855
0.263887985	-0.817140133
0.263892320	-0.821470411
0.263896655	-0.825800689
0.263900990	-0.830130968
0.263905325	-0.834461246
0.263909660	-0.838791524
0.263913995	-0.843121802
0.263918330	-0.847452080
0.263922665	-0.851782358
0.263927000	-0.856112636
0.263931335	-0.860442914
0.263935671	-0.864773192
0.263940006	-0.869103470
0.263944341	-0.873433749
0.263948676	-0.877764027
0.263953011	-0.882094305
0.263957346	-0.886424583
0.263961681	-0.890754861
0.263966016	-0.895085139
0.263970351	-0.899415417
0.263974686	-0.903745695
0.263979022	-0.908075973
0.263983357	-0.912406251
0.263987692	-0.916736529
0.263992027	-0.921066808
0.263996362	-0.925397086
0.264000697	-0.929727364
0.264005032	-0.934057642
0.264009367	-0.938387920
0.264013702	-0.942718198
0.264018037	-0.947048476
0.264022372	-0.951378754
0.264026708	-0.955709032
0.264031043	-0.960039310
0.264035378	-0.964369589
0.264039713	-0.968699867
0.264044048	-0.973030145
0.264048383	-0.977360423
0.264052718	-0.981690701
0.264057053	-0.986020979
0.264061388	-0.990351257
0.264065723	-0.994681535
0.264070059	-0.999011813
0.264074394	-1.003342091
0.264078729	-1.007672369
0.264083064	-1.012002648
0.264087399	-1.016332926
0.264091734	-1.020663204
0.264096069	-1.024993482
0.264100404	-1.029323760
0.264104739	-1.033654038
0.264109074	-1.037984316
0.264113409	-1.042314594
0.264117745	-1.046644872
0.264122080	-1.050975150
0.264126415	-1.055305429
0.264130750	-1.059635707
0.264135085	-1.063965985
0.264139420	-1.068296263
0.264143755	-1.072626541
0.264148090	-1.076956819
0.264152425	-1.081287097
0.264156760	-1.085617375
0.264161096	-1.089947653
0.264165431	-1.094277931
0.264169766	-1.098608209
0.264174101	-1.102938488
0.264178436	-1.107268766
0.264182771	-1.111599044
0.264187106	-1.115929322
0.264191441	-1.120259600
0.264195776	-1.124589878
0.264200111	-1.128920156
0.264204446	-1.133250434
0.264208782	-1.137580712
0.264213117	-1.141910990
0.264217452	-1.146241269
0.264983319	-0.622272802
0.264987654	-0.626603080
0.264991989	-0.630933358
0.264996324	-0.635263636
0.265000659	-0.639593915
0.265004994	-0.643924193
0.265009329	-0.648254471
0.265013664	-0.652584749
0.265017999	-0.656915027
0.265022334	-0.661245305
0.265026669	-0.665575583
0.265031005	-0.669905861
0.265035340	-0.674236139
0.265039675	-0.678566417
0.265044010	-0.682896696
0.265048345	-0.687226974
0.265052680	-0.691557252
0.265057015	-0.695887530
0.265061350	-0.700217808
0.265065685	-0.704548086
0.265070020	-0.708878364
0.265074356	-0.713208642
0.265078691	-0.717538920
0.265083026	-0.721869198
0.265087361	-0.726199476
0.265091696	-0.730529755
0.265096031	-0.734860033
0.265100366	-0.739190311
0.265104701	-0.743520589
0.265109036	-0.747850867
0.265113371	-0.752181145
0.265117706	-0.756511423
0.265122042	-0.760841701
0.265126377	-0.765171979
0.265130712	-0.769502257
0.265135047	-0.773832536
0.265139382	-0.778162814
0.265143717	-0.782493092
0.265148052	-0.786823370
0.265152387	-0.791153648
0.265156722	-0.795483926
0.265161057	-0.799814204
0.265165393	-0.804144482
0.265169728	-0.808474760
0.265174063	-0.812805038
0.265178398	-0.817135316
0.265182733	-0.821465595
0.265187068	-0.825795873
0.265191403	-0.830126151
0.265195738	-0.834456429
0.265200073	-0.838786707
0.265204408	-0.843116985
0.265208743	-0.847447263
0.265213079	-0.851777541
0.265217414	-0.856107819
0.265221749	-0.860438097
0.265226084	-0.864768376
0.265230419	-0.869098654
0.265234754	-0.873428932
0.265239089	-0.877759210
0.265243424	-0.882089488
0.265247759	-0.886419766
0.265252094	-0.890750044
0.265256429	-0.895080322
0.265260765	-0.899410600
0.265265100	-0.903740878
0.265269435	-0.908071157
0.265273770	-0.912401435
0.265278105	-0.916731713
0.265282440	-0.921061991
0.265286775	-0.925392269
0.265291110	-0.929722547
0.265295445	-0.934052825
0.265299780	-0.938383103
0.265304116	-0.942713381
0.265308451	-0.947043659
0.265312786	-0.951373937
0.265317121	-0.955704216
0.265321456	-0.960034494
0.265325791	-0.964364772
0.265330126	-0.968695050
0.265334461	-0.973025328
0.265338796	-0.977355606
0.265343131	-0.981685884
0.265347466	-0.986016162
0.265351802	-0.990346440
0.265356137	-0.994676718
0.265360472	-0.999006997
0.265364807	-1.003337275
0.265369142	-1.007667553
0.265373477	-1.011997831
0.265377812	-1.016328109
0.265382147	-1.020658387
0.265386482	-1.024988665
0.265390817	-1.029318943
0.265395153	-1.033649221
0.265399488	-1.037979499
0.265403823	-1.042309777
0.265408158	-1.046640056
0.265412493	-1.050970334
0.265416828	-1.055300612
0.265421163	-1.059630890
0.265425498	-1.063961168
0.265429833	-1.068291446
0.265434168	-1.072621724
0.265438503	-1.076952002
0.265442839	-1.081282280
0.265447174	-1.085612558
0.265451509	-1.089942837
0.265455844	-1.094273115
0.265460179	-1.098603393
0.265464514	-1.102933671
0.265468849	-1.107263949
0.265473184	-1.111594227
0.265477519	-1.115924505
0.265481854	-1.120254783
0.265486190	-1.124585061
0.265490525	-1.128915339
0.265494860	-1.133245617
0.265499195	-1.137575896
0.265503530	-1.141906174
0.265507865	-1.146236452
0.265512200	-1.150566730
0.266278067	-0.626598264
0.266282402	-0.630928542
0.266286737	-0.635258820
0.266291072	-0.639589098
0.266295407	-0.643919376
0.266299742	-0.648249654
0.266304077	-0.652579932
0.266308413	-0.656910210
0.266312748	-0.661240488
0.266317083	-0.665570766
0.266321418	-0.669901044
0.266325753	-0.674231323
0.266330088	-0.678561601
0.266334423	-0.682891879
0.266338758	-0.687222157
0.266343093	-0.691552435
0.266347428	-0.695882713
0.266351763	-0.700212991
0.266356099	-0.704543269
0.266360434	-0.708873547
0.266364769	-0.713203825
0.266369104	-0.717534104
0.266373439	-0.721864382
0.266377774	-0.726194660
0.266382109	-0.730524938
0.266386444	-0.734855216
0.266390779	-0.739185494
0.266395114	-0.743515772
0.266399450	-0.747846050
0.266403785	-0.752176328
0.266408120	-0.756506606
0.266412455	-0.760836884
0.266416790	-0.765167163
0.266421125	-0.769497441
0.266425460	-0.773827719
0.266429795	-0.778157997
0.266434130	-0.782488275
0.266438465	-0.786818553
0.266442800	-0.791148831
0.266447136	-0.795479109
0.266451471	-0.799809387
0.266455806	-0.804139665
0.266460141	-0.808469944
0.266464476	-0.812800222
0.266468811	-0.817130500
0.266473146	-0.821460778
0.266477481	-0.825791056
0.266481816	-0.830121334
0.266486151	-0.834451612
0.266490487	-0.838781890
0.266494822	-0.843112168
0.266499157	-0.847442446
0.266503492	-0.851772724
0.266507827	-0.856103003
0.266512162	-0.860433281
0.266516497	-0.864763559
0.266520832	-0.869093837
0.266525167	-0.873424115
0.266529502	-0.877754393
0.266533837	-0.882084671
0.266538173	-0.886414949
0.266542508	-0.890745227
0.266546843	-0.895075505
0.266551178	-0.899405784
0.266555513	-0.903736062
0.266559848	-0.908066340
0.266564183	-0.912396618
0.266568518	-0.916726896
0.266572853	-0.921057174
0.266577188	-0.925387452
0.266581523	-0.929717730
0.266585859	-0.934048008
0.266590194	-0.938378286
0.266594529	-0.942708564
0.266598864	-0.947038843
0.266603199	-0.951369121
0.266607534	-0.955699399
0.266611869	-0.960029677
0.266616204	-0.964359955
0.266620539	-0.968690233
0.266624874	-0.973020511
0.266629210	-0.977350789
0.266633545	-0.981681067
0.266637880	-0.986011345
0.266642215	-0.990341624
0.266646550	-0.994671902
0.266650885	-0.999002180
0.266655220	-1.003332458
0.266659555	-1.007662736
0.266663890	-1.011993014
0.266668225	-1.016323292
0.266672560	-1.020653570
0.266676896	-1.024983848
0.266681231	-1.029314126
0.266685566	-1.033644405
0.266689901	-1.037974683
0.266694236	-1.042304961
0.266698571	-1.046635239
0.266702906	-1.050965517
0.266707241	-1.055295795
0.266711576	-1.059626073
0.266715911	-1.063956351
0.266720247	-1.068286629
0.266724582	-1.072616907
0.266728917	-1.076947185
0.266733252	-1.081277464
0.266737587	-1.085607742
0.266741922	-1.089938020
0.266746257	-1.094268298
0.266750592	-1.098598576
0.266754927	-1.102928854
0.266759262	-1.107259132
0.266763597	-1.111589410
0.266767933	-1.115919688
0.266772268	-1.120249966
0.266776603	-1.124580245
0.266780938	-1.128910523
0.266785273	-1.133240801
0.266789608	-1.137571079
0.266793943	-1.141901357
0.266798278	-1.146231635
0.266802613	-1.150561913
0.266806948	-1.154892191
0.266811284	-1.159222469
0.267568480	-0.626593447
0.267572815	-0.630923725
0.267577150	-0.635254003
0.267581485	-0.639584281
0.267585820	-0.643914559
0.267590156	-0.648244837
0.267594491	-0.652575115
0.267598826	-0.656905393
0.267603161	-0.661235672
0.267607496	-0.665565950
0.267611831	-0.669896228
0.267616166	-0.674226506
0.267620501	-0.678556784
0.267624836	-0.682887062
0.267629171	-0.687217340
0.267633507	-0.691547618
0.267637842	-0.695877896
0.267642177	-0.700208174
0.267646512	-0.704538452
0.267650847	-0.708868731
0.267655182	-0.713199009
0.267659517	-0.717529287
0.267663852	-0.721859565
0.267668187	-0.726189843
0.267672522	-0.730520121
0.267676857	-0.734850399
0.267681193	-0.739180677
0.267685528	-0.743510955
0.267689863	-0.747841233
0.267694198	-0.752171512
0.267698533	-0.756501790
0.267702868	-0.760832068
0.267707203	-0.765162346
0.267711538	-0.769492624
0.267715873	-0.773822902
0.267720208	-0.778153180
0.267724544	-0.782483458
0.267728879	-0.786813736
0.267733214	-0.791144014
0.267737549	-0.795474292
0.267741884	-0.799804571
0.267746219	-0.804134849
0.267750554	-0.808465127
0.267754889	-0.812795405
0.267759224	-0.817125683
0.267763559	-0.821455961
0.267767894	-0.825786239
0.267772230	-0.830116517
0.267776565	-0.834446795
0.267780900	-0.838777073
0.267785235	-0.843107352
0.267789570	-0.847437630
0.267793905	-0.851767908
0.267798240	-0.856098186
0.267802575	-0.860428464
0.267806910	-0.864758742
0.267811245	-0.869089020
0.267815580	-0.873419298
0.267819916	-0.877749576
0.267824251	-0.882079854
0.267828586	-0.886410132
0.267832921	-0.890740411
0.267837256	-0.895070689
0.267841591	-0.899400967
0.267845926	-0.903731245
0.267850261	-0.908061523
0.267854596	-0.912391801
0.267858931	-0.916722079
0.267863267	-0.921052357
0.267867602	-0.925382635
0.267871937	-0.929712913
0.267876272	-0.934043192
0.267880607	-0.938373470
0.267884942	-0.942703748
0.267889277	-0.947034026
0.267893612	-0.951364304
0.267897947	-0.955694582
0.267902282	-0.960024860
0.267906617	-0.964355138
0.267910953	-0.968685416
0.267915288	-0.973015694
0.267919623	-0.977345972
0.267923958	-0.981676251
0.267928293	-0.986006529
0.267932628	-0.990336807
0.267936963	-0.994667085
0.267941298	-0.998997363
0.267945633	-1.003327641
0.267949968	-1.007657919
0.267954304	-1.011988197
0.267958639	-1.016318475
0.267962974	-1.020648753
0.267967309	-1.024979032
0.267971644	-1.029309310
0.267975979	-1.033639588
0.267980314	-1.037969866
0.267984649	-1.042300144
0.267988984	-1.046630422
0.267993319	-1.050960700
0.267997654	-1.055290978
0.268001990	-1.059621256
0.268006325	-1.063951534
0.268010660	-1.068281812
0.268014995	-1.072612091
0.268019330	-1.076942369
0.268023665	-1.081272647
0.268028000	-1.085602925
0.268032335	-1.089933203
0.268036670	-1.094263481
0.268041005	-1.098593759
0.268045341	-1.102924037
0.268049676	-1.107254315
0.268054011	-1.111584593
0.268058346	-1.115914872
0.268062681	-1.120245150
0.268067016	-1.124575428
0.268071351	-1.128905706
0.268075686	-1.133235984
0.268080021	-1.137566262
0.268084356	-1.141896540
0.268088691	-1.146226818
0.268093027	-1.150557096
0.268097362	-1.154887374
0.268101697	-1.159217653
0.268106032	-1.163547931
0.268863228	-0.630918908
0.268867564	-0.635249186
0.268871899	-0.639579464
0.268876234	-0.643909742
0.268880569	-0.648240020
0.268884904	-0.652570299
0.268889239	-0.656900577
0.268893574	-0.661230855
0.268897909	-0.665561133
0.268902244	-0.669891411
0.268906579	-0.674221689
0.268910914	-0.678551967
0.268915250	-0.682882245
0.268919585	-0.687212523
0.268923920	-0.691542801
0.268928255	-0.695873079
0.268932590	-0.700203358
0.268936925	-0.704533636
0.268941260	-0.708863914
0.268945595	-0.713194192
0.268949930	-0.717524470
0.268954265	-0.721854748
0.268958601	-0.726185026
0.268962936	-0.730515304
0.268967271	-0.734845582
0.268971606	-0.739175860
0.268975941	-0.743506139
0.268980276	-0.747836417
0.268984611	-0.752166695
0.268988946	-0.756496973
0.268993281	-0.760827251
0.268997616	-0.765157529
0.269001951	-0.769487807
0.269006287	-0.773818085
0.269010622	-0.778148363
0.269014957	-0.782478641
0.269019292	-0.786808920
0.269023627	-0.791139198
0.269027962	-0.795469476
0.269032297	-0.799799754
0.269036632	-0.804130032
0.269040967	-0.808460310
0.269045302	-0.812790588
0.269049638	-0.817120866
0.269053973	-0.821451144
0.269058308	-0.825781422
0.269062643	-0.830111700
0.269066978	-0.834441979
0.269071313	-0.838772257
0.269075648	-0.843102535
0.269079983	-0.847432813
0.269084318	-0.851763091
0.269088653	-0.856093369
0.269092988	-0.860423647
0.269097324	-0.864753925
0.269101659	-0.869084203
0.269105994	-0.873414481
0.269110329	-0.877744760
0.269114664	-0.882075038
0.269118999	-0.886405316
0.269123334	-0.890735594
0.269127669	-0.895065872
0.269132004	-0.899396150
0.269136339	-0.903726428
0.269140674	-0.908056706
0.269145010	-0.912386984
0.269149345	-0.916717262
0.269153680	-0.921047540
0.269158015	-0.925377819
0.269162350	-0.929708097
0.269166685	-0.934038375
0.269171020	-0.938368653
0.269175355	-0.942698931
0.269179690	-0.947029209
0.269184025	-0.951359487
0.269188361	-0.955689765
0.269192696	-0.960020043
0.269197031	-0.964350321
0.269201366	-0.968680600
0.269205701	-0.973010878
0.269210036	-0.977341156
0.269214371	-0.981671434
0.269218706	-0.986001712
0.269223041	-0.990331990
0.269227376	-0.994662268
0.269231711	-0.998992546
0.269236047	-1.003322824
0.269240382	-1.007653102
0.269244717	-1.011983380
0.269249052	-1.016313659
0.269253387	-1.020643937
0.269257722	-1.024974215
0.269262057	-1.029304493
0.269266392	-1.033634771
0.269270727	-1.037965049
0.269275062	-1.042295327
0.269279398	-1.046625605
0.269283733	-1.050955883
0.269288068	-1.055286161
0.269292403	-1.059616440
0.269296738	-1.063946718
0.269301073	-1.068276996
0.269305408	-1.072607274
0.269309743	-1.076937552
0.269314078	-1.081267830
0.269318413	-1.085598108
0.269322748	-1.089928386
0.269327084	-1.094258664
0.269331419	-1.098588942
0.269335754	-1.102919220
0.269340089	-1.107249499
0.269344424	-1.111579777
0.269348759	-1.115910055
0.269353094	-1.120240333
0.269357429	-1.124570611
0.269361764	-1.128900889
0.269366099	-1.133231167
0.269370435	-1.137561445
0.269374770	-1.141891723
0.269379105	-1.146222001
0.269383440	-1.150552280
0.269387775	-1.154882558
0.269392110	-1.159212836
0.269396445	-1.163543114
0.269400780	-1.167873392
0.269405115	-1.172203670
0.270157977	-0.635244369
0.270162312	-0.639574647
0.270166647	-0.643904926
0.270170982	-0.648235204
0.270175317	-0.652565482
0.270179652	-0.656895760
0.270183987	-0.661226038
0.270188322	-0.665556316
0.270192658	-0.669886594
0.270196993	-0.674216872
0.270201328	-0.678547150
0.270205663	-0.682877428
0.270209998	-0.687207707
0.270214333	-0.691537985
0.270218668	-0.695868263
0.270223003	-0.700198541
0.270227338	-0.704528819
0.270231673	-0.708859097
0.270236008	-0.713189375
0.270240344	-0.717519653
0.270244679	-0.721849931
0.270249014	-0.726180209
0.270253349	-0.730510487
0.270257684	-0.734840766
0.270262019	-0.739171044
0.270266354	-0.743501322
0.270270689	-0.747831600
0.270275024	-0.752161878
0.270279359	-0.756492156
0.270283695	-0.760822434
0.270288030	-0.765152712
0.270292365	-0.769482990
0.270296700	-0.773813268
0.270301035	-0.778143547
0.270305370	-0.782473825
0.270309705	-0.786804103
0.270314040	-0.791134381
0.270318375	-0.795464659
0.270322710	-0.799794937
0.270327045	-0.804125215
0.270331381	-0.808455493
0.270335716	-0.812785771
0.270340051	-0.817116049
0.270344386	-0.821446327
0.270348721	-0.825776606
0.270353056	-0.830106884
0.270357391	-0.834437162
0.270361726	-0.838767440
0.270366061	-0.843097718
0.270370396	-0.847427996
0.270374732	-0.851758274
0.270379067	-0.856088552
0.270383402	-0.860418830
0.270387737	-0.864749108
0.270392072	-0.869079387
0.270396407	-0.873409665
0.270400742	-0.877739943
0.270405077	-0.882070221
0.270409412	-0.886400499
0.270413747	-0.890730777
0.270418082	-0.895061055
0.270422418	-0.899391333
0.270426753	-0.903721611
0.270431088	-0.908051889
0.270435423	-0.912382168
0.270439758	-0.916712446
0.270444093	-0.921042724
0.270448428	-0.925373002
0.270452763	-0.929703280
0.270457098	-0.934033558
0.270461433	-0.938363836
0.270465768	-0.942694114
0.270470104	-0.947024392
0.270474439	-0.951354670
0.270478774	-0.955684948
0.270483109	-0.960015227
0.270487444	-0.964345505
0.270491779	-0.968675783
0.270496114	-0.973006061
0.270500449	-0.977336339
0.270504784	-0.981666617
0.270509119	-0.985996895
0.270513455	-0.990327173
0.270517790	-0.994657451
0.270522125	-0.998987729
0.270526460	-1.003318008
0.270530795	-1.007648286
0.270535130	-1.011978564
0.270539465	-1.016308842
0.270543800	-1.020639120
0.270548135	-1.024969398
0.270552470	-1.029299676
0.270556805	-1.033629954
0.270561141	-1.037960232
0.270565476	-1.042290510
0.270569811	-1.046620788
0.270574146	-1.050951067
0.270578481	-1.055281345
0.270582816	-1.059611623
0.270587151	-1.063941901
0.270591486	-1.068272179
0.270595821	-1.072602457
0.270600156	-1.076932735
0.270604492	-1.081263013
0.270608827	-1.085593291
0.270613162	-1.089923569
0.270617497	-1.094253848
0.270621832	-1.098584126
0.270626167	-1.102914404
0.270630502	-1.107244682
0.270634837	-1.111574960
0.270639172	-1.115905238
0.270643507	-1.120235516
0.270647842	-1.124565794
0.270652178	-1.128896072
0.270656513	-1.133226350
0.270660848	-1.137556628
0.270665183	-1.141886907
0.270669518	-1.146217185
0.270673853	-1.150547463
0.270678188	-1.154877741
0.270682523	-1.159208019
0.270686858	-1.163538297
0.270691193	-1.167868575
0.270695529	-1.172198853
0.270699864	-1.176529131
0.271448390	-0.635239553
0.271452725	-0.639569831
0.271457060	-0.643900109
0.271461395	-0.648230387
0.271465730	-0.652560665
0.271470065	-0.656890943
0.271474401	-0.661221221
0.271478736	-0.665551499
0.271483071	-0.669881777
0.271487406	-0.674212055
0.271491741	-0.678542334
0.271496076	-0.682872612
0.271500411	-0.687202890
0.271504746	-0.691533168
0.271509081	-0.695863446
0.271513416	-0.700193724
0.271517752	-0.704524002
0.271522087	-0.708854280
0.271526422	-0.713184558
0.271530757	-0.717514836
0.271535092	-0.721845115
0.271539427	-0.726175393
0.271543762	-0.730505671
0.271548097	-0.734835949
0.271552432	-0.739166227
0.271556767	-0.743496505
0.271561102	-0.747826783
0.271565438	-0.752157061
0.271569773	-0.756487339
0.271574108	-0.760817617
0.271578443	-0.765147895
0.271582778	-0.769478174
0.271587113	-0.773808452
0.271591448	-0.778138730
0.271595783	-0.782469008
0.271600118	-0.786799286
0.271604453	-0.791129564
0.271608789	-0.795459842
0.271613124	-0.799790120
0.271617459	-0.804120398
0.271621794	-0.808450676
0.271626129	-0.812780955
0.271630464	-0.817111233
0.271634799	-0.821441511
0.271639134	-0.825771789
0.271643469	-0.830102067
0.271647804	-0.834432345
0.271652139	-0.838762623
0.271656475	-0.843092901
0.271660810	-0.847423179
0.271665145	-0.851753457
0.271669480	-0.856083735
0.271673815	-0.860414014
0.271678150	-0.864744292
0.271682485	-0.869074570
0.271686820	-0.873404848
0.271691155	-0.877735126
0.271695490	-0.882065404
0.271699826	-0.886395682
0.271704161	-0.890725960
0.271708496	-0.895056238
0.271712831	-0.899386516
0.271717166	-0.903716795
0.271721501	-0.908047073
0.271725836	-0.912377351
0.271730171	-0.916707629
0.271734506	-0.921037907
0.271738841	-0.925368185
0.271743176	-0.929698463
0.271747512	-0.934028741
0.271751847	-0.938359019
0.271756182	-0.942689297
0.271760517	-0.947019576
0.271764852	-0.951349854
0.271769187	-0.955680132
0.271773522	-0.960010410
0.271777857	-0.964340688
0.271782192	-0.968670966
0.271786527	-0.973001244
0.271790862	-0.977331522
0.271795198	-0.981661800
0.271799533	-0.985992078
0.271803868	-0.990322356
0.271808203	-0.994652635
0.271812538	-0.998982913
0.271816873	-1.003313191
0.271821208	-1.007643469
0.271825543	-1.011973747
0.271829878	-1.016304025
0.271834213	-1.020634303
0.271838549	-1.024964581
0.271842884	-1.029294859
0.271847219	-1.033625137
0.271851554	-1.037955416
0.271855889	-1.042285694
0.271860224	-1.046615972
0.271864559	-1.050946250
0.271868894	-1.055276528
0.271873229	-1.059606806
0.271877564	-1.063937084
0.271881899	-1.068267362
0.271886235	-1.072597640
0.271890570	-1.076927918
0.271894905	-1.081258196
0.271899240	-1.085588475
0.271903575	-1.089918753
0.271907910	-1.094249031
0.271912245	-1.098579309
0.271916580	-1.102909587
0.271920915	-1.107239865
0.271925250	-1.111570143
0.271929586	-1.115900421
0.271933921	-1.120230699
0.271938256	-1.124560977
0.271942591	-1.128891256
0.271946926	-1.133221534
0.271951261	-1.137551812
0.271955596	-1.141882090
0.271959931	-1.146212368
0.271964266	-1.150542646
0.271968601	-1.154872924
0.271972936	-1.159203202
0.271977272	-1.163533480
0.271981607	-1.167863758
0.271985942	-1.172194036
0.271990277	-1.176524315
0.271994612	-1.180854593
0.271998947	-1.185184871
0.272743138	-0.639565014
0.272747473	-0.643895292
0.272751809	-0.648225570
0.272756144	-0.652555848
0.272760479	-0.656886126
0.272764814	-0.661216404
0.272769149	-0.665546683
0.272773484	-0.669876961
0.272777819	-0.674207239
0.272782154	-0.678537517
0.272786489	-0.682867795
0.272790824	-0.687198073
0.272795159	-0.691528351
0.272799495	-0.695858629
0.272803830	-0.700188907
0.272808165	-0.704519185
0.272812500	-0.708849463
0.272816835	-0.713179742
0.272821170	-0.717510020
0.272825505	-0.721840298
0.272829840	-0.726170576
0.272834175	-0.730500854
0.272838510	-0.734831132
0.272842846	-0.739161410
0.272847181	-0.743491688
0.272851516	-0.747821966
0.272855851	-0.752152244
0.272860186	-0.756482523
0.272864521	-0.760812801
0.272868856	-0.765143079
0.272873191	-0.769473357
0.272877526	-0.773803635
0.272881861	-0.778133913
0.272886196	-0.782464191
0.272890532	-0.786794469
0.272894867	-0.791124747
0.272899202	-0.795455025
0.272903537	-0.799785303
0.272907872	-0.804115582
0.272912207	-0.808445860
0.272916542	-0.812776138
0.272920877	-0.817106416
0.272925212	-0.821436694
0.272929547	-0.825766972
0.272933883	-0.830097250
0.272938218	-0.834427528
0.272942553	-0.838757806
0.272946888	-0.843088084
0.272951223	-0.847418363
0.272955558	-0.851748641
0.272959893	-0.856078919
0.272964228	-0.860409197
0.272968563	-0.864739475
0.272972898	-0.869069753
0.272977233	-0.873400031
0.272981569	-0.877730309
0.272985904	-0.882060587
0.272990239	-0.886390865
0.272994574	-0.890721143
0.272998909	-0.895051422
0.273003244	-0.899381700
0.273007579	-0.903711978
0.273011914	-0.908042256
0.273016249	-0.912372534
0.273020584	-0.916702812
0.273024919	-0.921033090
0.273029255	-0.925363368
0.273033590	-0.929693646
0.273037925	-0.934023924
0.273042260	-0.938354203
0.273046595	-0.942684481
0.273050930	-0.947014759
0.273055265	-0.951345037
0.273059600	-0.955675315
0.273063935	-0.960005593
0.273068270	-0.964335871
0.273072606	-0.968666149
0.273076941	-0.972996427
0.273081276	-0.977326705
0.273085611	-0.981656983
0.273089946	-0.985987262
0.273094281	-0.990317540
0.273098616	-0.994647818
0.273102951	-0.998978096
0.273107286	-1.003308374
0.273111621	-1.007638652
0.273115956	-1.011968930
0.273120292	-1.016299208
0.273124627	-1.020629486
0.273128962	-1.024959764
0.273133297	-1.029290043
0.273137632	-1.033620321
0.273141967	-1.037950599
0.273146302	-1.042280877
0.273150637	-1.046611155
0.273154972	-1.050941433
0.273159307	-1.055271711
0.273163643	-1.059601989
0.273167978	-1.063932267
0.273172313	-1.068262545
0.273176648	-1.072592824
0.273180983	-1.076923102
0.273185318	-1.081253380
0.273189653	-1.085583658
0.273193988	-1.089913936
0.273198323	-1.094244214
0.273202658	-1.098574492
0.273206993	-1.102904770
0.273211329	-1.107235048
0.273215664	-1.111565326
0.273219999	-1.115895604
0.273224334	-1.120225883
0.273228669	-1.124556161
0.273233004	-1.128886439
0.273237339	-1.133216717
0.273241674	-1.137546995
0.273246009	-1.141877273
0.273250344	-1.146207551
0.273254680	-1.150537829
0.273259015	-1.154868107
0.273263350	-1.159198385
0.273267685	-1.163528664
0.273272020	-1.167858942
0.273276355	-1.172189220
0.273280690	-1.176519498
0.273285025	-1.180849776
0.273289360	-1.185180054
0.273293695	-1.189510332
0.273298030	-1.193840610
0.274033552	-0.639560197
0.274037887	-0.643890475
0.274042222	-0.648220753
0.274046557	-0.652551031
0.274050892	-0.656881310
0.274055227	-0.661211588
0.274059562	-0.665541866
0.274063897	-0.669872144
0.274068232	-0.674202422
0.274072567	-0.678532700
0.274076903	-0.682862978
0.274081238	-0.687193256
0.274085573	-0.691523534
0.274089908	-0.695853812
0.274094243	-0.700184091
0.274098578	-0.704514369
0.274102913	-0.708844647
0.274107248	-0.713174925
0.274111583	-0.717505203
0.274115918	-0.721835481
0.274120253	-0.726165759
0.274124589	-0.730496037
0.274128924	-0.734826315
0.274133259	-0.739156593
0.274137594	-0.743486871
0.274141929	-0.747817150
0.274146264	-0.752147428
0.274150599	-0.756477706
0.274154934	-0.760807984
0.274159269	-0.765138262
0.274163604	-0.769468540
0.274167940	-0.773798818
0.274172275	-0.778129096
0.274176610	-0.782459374
0.274180945	-0.786789652
0.274185280	-0.791119931
0.274189615	-0.795450209
0.274193950	-0.799780487
0.274198285	-0.804110765
0.274202620	-0.808441043
0.274206955	-0.812771321
0.274211290	-0.817101599
0.274215626	-0.821431877
0.274219961	-0.825762155
0.274224296	-0.830092433
0.274228631	-0.834422711
0.274232966	-0.838752990
0.274237301	-0.843083268
0.274241636	-0.847413546
0.274245971	-0.851743824
0.274250306	-0.856074102
0.274254641	-0.860404380
0.274258977	-0.864734658
0.274263312	-0.869064936
0.274267647	-0.873395214
0.274271982	-0.877725492
0.274276317	-0.882055771
0.274280652	-0.886386049
0.274284987	-0.890716327
0.274289322	-0.895046605
0.274293657	-0.899376883
0.274297992	-0.903707161
0.274302327	-0.908037439
0.274306663	-0.912367717
0.274310998	-0.916697995
0.274315333	-0.921028273
0.274319668	-0.925358551
0.274324003	-0.929688830
0.274328338	-0.934019108
0.274332673	-0.938349386
0.274337008	-0.942679664
0.274341343	-0.947009942
0.274345678	-0.951340220
0.274350013	-0.955670498
0.274354349	-0.960000776
0.274358684	-0.964331054
0.274363019	-0.968661332
0.274367354	-0.972991611
0.274371689	-0.977321889
0.274376024	-0.981652167
0.274380359	-0.985982445
0.274384694	-0.990312723
0.274389029	-0.994643001
0.274393364	-0.998973279
0.274397700	-1.003303557
0.274402035	-1.007633835
0.274406370	-1.011964113
0.274410705	-1.016294391
0.274415040	-1.020624670
0.274419375	-1.024954948
0.274423710	-1.029285226
0.274428045	-1.033615504
0.274432380	-1.037945782
0.274436715	-1.042276060
0.274441050	-1.046606338
0.274445386	-1.050936616
0.274449721	-1.055266894
0.274454056	-1.059597172
0.274458391	-1.063927451
0.274462726	-1.068257729
0.274467061	-1.072588007
0.274471396	-1.076918285
0.274475731	-1.081248563
0.274480066	-1.085578841
0.274484401	-1.089909119
0.274488737	-1.094239397
0.274493072	-1.098569675
0.274497407	-1.102899953
0.274501742	-1.107230231
0.274506077	-1.111560510
0.274510412	-1.115890788
0.274514747	-1.120221066
0.274519082	-1.124551344
0.274523417	-1.128881622
0.274527752	-1.133211900
0.274532087	-1.137542178
0.274536423	-1.141872456
0.274540758	-1.146202734
0.274545093	-1.150533012
0.274549428	-1.154863291
0.274553763	-1.159193569
0.274558098	-1.163523847
0.274562433	-1.167854125
0.274566768	-1.172184403
0.274571103	-1.176514681
0.274575438	-1.180844959
0.274579774	-1.185175237
0.274584109	-1.189505515
0.274588444	-1.193835793
0.274592779	-1.198166072
0.275328300	-0.643885658
0.275332635	-0.648215937
0.275336970	-0.652546215
0.275341305	-0.656876493
0.275345640	-0.661206771
0.275349975	-0.665537049
0.275354310	-0.669867327
0.275358646	-0.674197605
0.275362981	-0.678527883
0.275367316	-0.682858161
0.275371651	-0.687188439
0.275375986	-0.691518718
0.275380321	-0.695848996
0.275384656	-0.700179274
0.275388991	-0.704509552
0.275393326	-0.708839830
0.275397661	-0.713170108
0.275401997	-0.717500386
0.275406332	-0.721830664
0.275410667	-0.726160942
0.275415002	-0.730491220
0.275419337	-0.734821498
0.275423672	-0.739151777
0.275428007	-0.743482055
0.275432342	-0.747812333
0.275436677	-0.752142611
0.275441012	-0.756472889
0.275445347	-0.760803167
0.275449683	-0.765133445
0.275454018	-0.769463723
0.275458353	-0.773794001
0.275462688	-0.778124279
0.275467023	-0.782454558
0.275471358	-0.786784836
0.275475693	-0.791115114
0.275480028	-0.795445392
0.275484363	-0.799775670
0.275488698	-0.804105948
0.275493034	-0.808436226
0.275497369	-0.812766504
0.275501704	-0.817096782
0.275506039	-0.821427060
0.275510374	-0.825757339
0.275514709	-0.830087617
0.275519044	-0.834417895
0.275523379	-0.838748173
0.275527714	-0.843078451
0.275532049	-0.847408729
0.275536384	-0.851739007
0.275540720	-0.856069285
0.275545055	-0.860399563
0.275549390	-0.864729841
0.275553725	-0.869060119
0.275558060	-0.873390398
0.275562395	-0.877720676
0.275566730	-0.882050954
0.275571065	-0.886381232
0.275575400	-0.890711510
0.275579735	-0.895041788
0.275584071	-0.899372066
0.275588406	-0.903702344
0.275592741	-0.908032622
0.275597076	-0.912362900
0.275601411	-0.916693179
0.275605746	-0.921023457
0.275610081	-0.925353735
0.275614416	-0.929684013
0.275618751	-0.934014291
0.275623086	-0.938344569
0.275627421	-0.942674847
0.275631757	-0.947005125
0.275636092	-0.951335403
0.275640427	-0.955665681
0.275644762	-0.959995959
0.275649097	-0.964326238
0.275653432	-0.968656516
0.275657767	-0.972986794
0.275662102	-0.977317072
0.275666437	-0.981647350
0.275670772	-0.985977628
0.275675107	-0.990307906
0.275679443	-0.994638184
0.275683778	-0.998968462
0.275688113	-1.003298740
0.275692448	-1.007629019
0.275696783	-1.011959297
0.275701118	-1.016289575
0.275705453	-1.020619853
0.275709788	-1.024950131
0.275714123	-1.029280409
0.275718458	-1.033610687
0.275722794	-1.037940965
0.275727129	-1.042271243
0.275731464	-1.046601521
0.275735799	-1.050931799
0.275740134	-1.055262078
0.275744469	-1.059592356
0.275748804	-1.063922634
0.275753139	-1.068252912
0.275757474	-1.072583190
0.275761809	-1.076913468
0.275766144	-1.081243746
0.275770480	-1.085574024
0.275774815	-1.089904302
0.275779150	-1.094234580
0.275783485	-1.098564859
0.275787820	-1.102895137
0.275792155	-1.107225415
0.275796490	-1.111555693
0.275800825	-1.115885971
0.275805160	-1.120216249
0.275809495	-1.124546527
0.275813831	-1.128876805
0.275818166	-1.133207083
0.275822501	-1.137537361
0.275826836	-1.141867639
0.275831171	-1.146197918
0.275835506	-1.150528196
0.275839841	-1.154858474
0.275844176	-1.159188752
0.275848511	-1.163519030
0.275852846	-1.167849308
0.275857181	-1.172179586
0.275861517	-1.176509864
0.275865852	-1.180840142
0.275870187	-1.185170420
0.275874522	-1.189500699
0.275878857	-1.193830977
0.275883192	-1.198161255
0.275887527	-1.202491533
0.275891862	-1.206821811
0.276623048	-0.648211120
0.276627383	-0.652541398
0.276631718	-0.656871676
0.276636054	-0.661201954
0.276640389	-0.665532232
0.276644724	-0.669862510
0.276649059	-0.674192788
0.276653394	-0.678523066
0.276657729	-0.682853345
0.276662064	-0.687183623
0.276666399	-0.691513901
0.276670734	-0.695844179
0.276675069	-0.700174457
0.276679404	-0.704504735
0.276683740	-0.708835013
0.276688075	-0.713165291
0.276692410	-0.717495569
0.276696745	-0.721825847
0.276701080	-0.726156126
0.276705415	-0.730486404
0.276709750	-0.734816682
0.276714085	-0.739146960
0.276718420	-0.743477238
0.276722755	-0.747807516
0.276727091	-0.752137794
0.276731426	-0.756468072
0.276735761	-0.760798350
0.276740096	-0.765128628
0.276744431	-0.769458906
0.276748766	-0.773789185
0.276753101	-0.778119463
0.276757436	-0.782449741
0.276761771	-0.786780019
0.276766106	-0.791110297
0.276770441	-0.795440575
0.276774777	-0.799770853
0.276779112	-0.804101131
0.276783447	-0.808431409
0.276787782	-0.812761687
0.276792117	-0.817091966
0.276796452	-0.821422244
0.276800787	-0.825752522
0.276805122	-0.830082800
0.276809457	-0.834413078
0.276813792	-0.838743356
0.276818128	-0.843073634
0.276822463	-0.847403912
0.276826798	-0.851734190
0.276831133	-0.856064468
0.276835468	-0.860394747
0.276839803	-0.864725025
0.276844138	-0.869055303
0.276848473	-0.873385581
0.276852808	-0.877715859
0.276857143	-0.882046137
0.276861478	-0.886376415
0.276865814	-0.890706693
0.276870149	-0.895036971
0.276874484	-0.899367249
0.276878819	-0.903697527
0.276883154	-0.908027806
0.276887489	-0.912358084
0.276891824	-0.916688362
0.276896159	-0.921018640
0.276900494	-0.925348918
0.276904829	-0.929679196
0.276909164	-0.934009474
0.276913500	-0.938339752
0.276917835	-0.942670030
0.276922170	-0.947000308
0.276926505	-0.951330587
0.276930840	-0.955660865
0.276935175	-0.959991143
0.276939510	-0.964321421
0.276943845	-0.968651699
0.276948180	-0.972981977
0.276952515	-0.977312255
0.276956851	-0.981642533
0.276961186	-0.985972811
0.276965521	-0.990303089
0.276969856	-0.994633367
0.276974191	-0.998963646
0.276978526	-1.003293924
0.276982861	-1.007624202
0.276987196	-1.011954480
0.276991531	-1.016284758
0.276995866	-1.020615036
0.277000201	-1.024945314
0.277004537	-1.029275592
0.277008872	-1.033605870
0.277013207	-1.037936148
0.277017542	-1.042266427
0.277021877	-1.046596705
0.277026212	-1.050926983
0.277030547	-1.055257261
0.277034882	-1.059587539
0.277039217	-1.063917817
0.277043552	-1.068248095
0.277047888	-1.072578373
0.277052223	-1.076908651
0.277056558	-1.081238929
0.277060893	-1.085569207
0.277065228	-1.089899486
0.277069563	-1.094229764
0.277073898	-1.098560042
0.277078233	-1.102890320
0.277082568	-1.107220598
0.277086903	-1.111550876
0.277091238	-1.115881154
0.277095574	-1.120211432
0.277099909	-1.124541710
0.277104244	-1.128871988
0.277108579	-1.133202267
0.277112914	-1.137532545
0.277117249	-1.141862823
0.277121584	-1.146193101
0.277125919	-1.150523379
0.277130254	-1.154853657
0.277134589	-1.159183935
0.277138925	-1.163514213
0.277143260	-1.167844491
0.277147595	-1.172174769
0.277151930	-1.176505047
0.277156265	-1.180835326
0.277160600	-1.185165604
0.277164935	-1.189495882
0.277169270	-1.193826160
0.277173605	-1.198156438
0.277177940	-1.202486716
0.277182275	-1.206816994
0.277186611	-1.211147272
0.277917797	-0.652536581
0.277922132	-0.656866859
0.277926467	-0.661197137
0.277930802	-0.665527415
0.277935137	-0.669857694
0.277939472	-0.674187972
0.277943807	-0.678518250
0.277948142	-0.682848528
0.277952477	-0.687178806
0.277956812	-0.691509084
0.277961148	-0.695839362
0.277965483	-0.700169640
0.277969818	-0.704499918
0.277974153	-0.708830196
0.277978488	-0.713160474
0.277982823	-0.717490753
0.277987158	-0.721821031
0.277991493	-0.726151309
0.277995828	-0.730481587
0.278000163	-0.734811865
0.278004498	-0.739142143
0.278008834	-0.743472421
0.278013169	-0.747802699
0.278017504	-0.752132977
0.278021839	-0.756463255
0.278026174	-0.760793534
0.278030509	-0.765123812
0.278034844	-0.769454090
0.278039179	-0.773784368
0.278043514	-0.778114646
0.278047849	-0.782444924
0.278052185	-0.786775202
0.278056520	-0.791105480
0.278060855	-0.795435758
0.278065190	-0.799766036
0.278069525	-0.804096314
0.278073860	-0.808426593
0.278078195	-0.812756871
0.278082530	-0.817087149
0.278086865	-0.821417427
0.278091200	-0.825747705
0.278095535	-0.830077983
0.278099871	-0.834408261
0.278104206	-0.838738539
0.278108541	-0.843068817
0.278112876	-0.847399095
0.278117211	-0.851729374
0.278121546	-0.856059652
0.278125881	-0.860389930
0.278130216	-0.864720208
0.278134551	-0.869050486
0.278138886	-0.873380764
0.278143222	-0.877711042
0.278147557	-0.882041320
0.278151892	-0.886371598
0.278156227	-0.890701876
0.278160562	-0.895032154
0.278164897	-0.899362433
0.278169232	-0.903692711
0.278173567	-0.908022989
0.278177902	-0.912353267
0.278182237	-0.916683545
0.278186572	-0.921013823
0.278190908	-0.925344101
0.278195243	-0.929674379
0.278199578	-0.934004657
0.278203913	-0.938334935
0.278208248	-0.942665214
0.278212583	-0.946995492
0.278216918	-0.951325770
0.278221253	-0.955656048
0.278225588	-0.959986326
0.278229923	-0.964316604
0.278234258	-0.968646882
0.278238594	-0.972977160
0.278242929	-0.977307438
0.278247264	-0.981637716
0.278251599	-0.985967995
0.278255934	-0.990298273
0.278260269	-0.994628551
0.278264604	-0.998958829
0.278268939	-1.003289107
0.278273274	-1.007619385
0.278277609	-1.011949663
0.278281945	-1.016279941
0.278286280	-1.020610219
0.278290615	-1.024940497
0.278294950	-1.029270775
0.278299285	-1.033601054
0.278303620	-1.037931332
0.278307955	-1.042261610
0.278312290	-1.046591888
0.278316625	-1.050922166
0.278320960	-1.055252444
0.278325295	-1.059582722
0.278329631	-1.063913000
0.278333966	-1.068243278
0.278338301	-1.072573556
0.278342636	-1.076903835
0.278346971	-1.081234113
0.278351306	-1.085564391
0.278355641	-1.089894669
0.278359976	-1.094224947
0.278364311	-1.098555225
0.278368646	-1.102885503
0.278372982	-1.107215781
0.278377317	-1.111546059
0.278381652	-1.115876337
0.278385987	-1.120206615
0.278390322	-1.124536894
0.278394657	-1.128867172
0.278398992	-1.133197450
0.278403327	-1.137527728
0.278407662	-1.141858006
0.278411997	-1.146188284
0.278416332	-1.150518562
0.278420668	-1.154848840
0.278425003	-1.159179118
0.278429338	-1.163509396
0.278433673	-1.167839675
0.278438008	-1.172169953
0.278442343	-1.176500231
0.278446678	-1.180830509
0.278451013	-1.185160787
0.278455348	-1.189491065
0.278459683	-1.193821343
0.278464019	-1.198151621
0.278468354	-1.202481899
0.278472689	-1.206812177
0.278477024	-1.211142455
0.278481359	-1.215472734
0.278485694	-1.219803012
0.279208210	-0.652531764
0.279212545	-0.656862042
0.279216880	-0.661192321
0.279221215	-0.665522599
0.279225550	-0.669852877
0.279229885	-0.674183155
0.279234220	-0.678513433
0.279238555	-0.682843711
0.279242891	-0.687173989
0.279247226	-0.691504267
0.279251561	-0.695834545
0.279255896	-0.700164823
0.279260231	-0.704495102
0.279264566	-0.708825380
0.279268901	-0.713155658
0.279273236	-0.717485936
0.279277571	-0.721816214
0.279281906	-0.726146492
0.279286242	-0.730476770
0.279290577	-0.734807048
0.279294912	-0.739137326
0.279299247	-0.743467604
0.279303582	-0.747797882
0.279307917	-0.752128161
0.279312252	-0.756458439
0.279316587	-0.760788717
0.279320922	-0.765118995
0.279325257	-0.769449273
0.279329592	-0.773779551
0.279333928	-0.778109829
0.279338263	-0.782440107
0.279342598	-0.786770385
0.279346933	-0.791100663
0.279351268	-0.795430942
0.279355603	-0.799761220
0.279359938	-0.804091498
0.279364273	-0.808421776
0.279368608	-0.812752054
0.279372943	-0.817082332
0.279377279	-0.821412610
0.279381614	-0.825742888
0.279385949	-0.830073166
0.279390284	-0.834403444
0.279394619	-0.838733722
0.279398954	-0.843064001
0.279403289	-0.847394279
0.279407624	-0.851724557
0.279411959	-0.856054835
0.279416294	-0.860385113
0.279420629	-0.864715391
0.279424965	-0.869045669
0.279429300	-0.873375947
0.279433635	-0.877706225
0.279437970	-0.882036503
0.279442305	-0.886366782
0.279446640	-0.890697060
0.279450975	-0.895027338
0.279455310	-0.899357616
0.279459645	-0.903687894
0.279463980	-0.908018172
0.279468316	-0.912348450
0.279472651	-0.916678728
0.279476986	-0.921009006
0.279481321	-0.925339284
0.279485656	-0.929669562
0.279489991	-0.933999841
0.279494326	-0.938330119
0.279498661	-0.942660397
0.279502996	-0.946990675
0.279507331	-0.951320953
0.279511666	-0.955651231
0.279516002	-0.959981509
0.279520337	-0.964311787
0.279524672	-0.968642065
0.279529007	-0.972972343
0.279533342	-0.977302622
0.279537677	-0.981632900
0.279542012	-0.985963178
0.279546347	-0.990293456
0.279550682	-0.994623734
0.279555017	-0.998954012
0.279559352	-1.003284290
0.279563688	-1.007614568
0.279568023	-1.011944846
0.279572358	-1.016275124
0.279576693	-1.020605402
0.279581028	-1.024935681
0.279585363	-1.029265959
0.279589698	-1.033596237
0.279594033	-1.037926515
0.279598368	-1.042256793
0.279602703	-1.046587071
0.279607039	-1.050917349
0.279611374	-1.055247627
0.279615709	-1.059577905
0.279620044	-1.063908183
0.279624379	-1.068238462
0.279628714	-1.072568740
0.279633049	-1.076899018
0.279637384	-1.081229296
0.279641719	-1.085559574
0.279646054	-1.089889852
0.279650389	-1.094220130
0.279654725	-1.098550408
0.279659060	-1.102880686
0.279663395	-1.107210964
0.279667730	-1.111541243
0.279672065	-1.115871521
0.279676400	-1.120201799
0.279680735	-1.124532077
0.279685070	-1.128862355
0.279689405	-1.133192633
0.279693740	-1.137522911
0.279698076	-1.141853189
0.279702411	-1.146183467
0.279706746	-1.150513745
0.279711081	-1.154844023
0.279715416	-1.159174302
0.279719751	-1.163504580
0.279724086	-1.167834858
0.279728421	-1.172165136
0.279732756	-1.176495414
0.279737091	-1.180825692
0.279741426	-1.185155970
0.279745762	-1.189486248
0.279750097	-1.193816526
0.279754432	-1.198146804
0.279758767	-1.202477083
0.279763102	-1.206807361
0.279767437	-1.211137639
0.279771772	-1.215467917
0.279776107	-1.219798195
0.279780442	-1.224128473
0.280502958	-0.656857226
0.280507293	-0.661187504
0.280511628	-0.665517782
0.280515963	-0.669848060
0.280520299	-0.674178338
0.280524634	-0.678508616
0.280528969	-0.682838894
0.280533304	-0.687169172
0.280537639	-0.691499450
0.280541974	-0.695829729
0.280546309	-0.700160007
0.280550644	-0.704490285
0.280554979	-0.708820563
0.280559314	-0.713150841
0.280563649	-0.717481119
0.280567985	-0.721811397
0.280572320	-0.726141675
0.280576655	-0.730471953
0.280580990	-0.734802231
0.280585325	-0.739132510
0.280589660	-0.743462788
0.280593995	-0.747793066
0.280598330	-0.752123344
0.280602665	-0.756453622
0.280607000	-0.760783900
0.280611336	-0.765114178
0.280615671	-0.769444456
0.280620006	-0.773774734
0.280624341	-0.778105012
0.280628676	-0.782435290
0.280633011	-0.786765569
0.280637346	-0.791095847
0.280641681	-0.795426125
0.280646016	-0.799756403
0.280650351	-0.804086681
0.280654686	-0.808416959
0.280659022	-0.812747237
0.280663357	-0.817077515
0.280667692	-0.821407793
0.280672027	-0.825738071
0.280676362	-0.830068350
0.280680697	-0.834398628
0.280685032	-0.838728906
0.280689367	-0.843059184
0.280693702	-0.847389462
0.280698037	-0.851719740
0.280702373	-0.856050018
0.280706708	-0.860380296
0.280711043	-0.864710574
0.280715378	-0.869040852
0.280719713	-0.873371130
0.280724048	-0.877701409
0.280728383	-0.882031687
0.280732718	-0.886361965
0.280737053	-0.890692243
0.280741388	-0.895022521
0.280745723	-0.899352799
0.280750059	-0.903683077
0.280754394	-0.908013355
0.280758729	-0.912343633
0.280763064	-0.916673911
0.280767399	-0.921004190
0.280771734	-0.925334468
0.280776069	-0.929664746
0.280780404	-0.933995024
0.280784739	-0.938325302
0.280789074	-0.942655580
0.280793410	-0.946985858
0.280797745	-0.951316136
0.280802080	-0.955646414
0.280806415	-0.959976692
0.280810750	-0.964306970
0.280815085	-0.968637249
0.280819420	-0.972967527
0.280823755	-0.977297805
0.280828090	-0.981628083
0.280832425	-0.985958361
0.280836760	-0.990288639
0.280841096	-0.994618917
0.280845431	-0.998949195
0.280849766	-1.003279473
0.280854101	-1.007609751
0.280858436	-1.011940030
0.280862771	-1.016270308
0.280867106	-1.020600586
0.280871441	-1.024930864
0.280875776	-1.029261142
0.280880111	-1.033591420
0.280884446	-1.037921698
0.280888782	-1.042251976
0.280893117	-1.046582254
0.280897452	-1.050912532
0.280901787	-1.055242810
0.280906122	-1.059573089
0.280910457	-1.063903367
0.280914792	-1.068233645
0.280919127	-1.072563923
0.280923462	-1.076894201
0.280927797	-1.081224479
0.280932133	-1.085554757
0.280936468	-1.089885035
0.280940803	-1.094215313
0.280945138	-1.098545591
0.280949473	-1.102875870
0.280953808	-1.107206148
0.280958143	-1.111536426
0.280962478	-1.115866704
0.280966813	-1.120196982
0.280971148	-1.124527260
0.280975483	-1.128857538
0.280979819	-1.133187816
0.280984154	-1.137518094
0.280988489	-1.141848372
0.280992824	-1.146178650
0.280997159	-1.150508929
0.281001494	-1.154839207
0.281005829	-1.159169485
0.281010164	-1.163499763
0.281014499	-1.167830041
0.281018834	-1.172160319
0.281023170	-1.176490597
0.281027505	-1.180820875
0.281031840	-1.185151153
0.281036175	-1.189481431
0.281040510	-1.193811710
0.281044845	-1.198141988
0.281049180	-1.202472266
0.281053515	-1.206802544
0.281057850	-1.211132822
0.281062185	-1.215463100
0.281066520	-1.219793378
0.281070856	-1.224123656
0.281075191	-1.228453934
0.281079526	-1.232784212
0.281789036	-0.652522131
0.281797706	-0.661182687
0.281802042	-0.665512965
0.281806377	-0.669843243
0.281810712	-0.674173521
0.281815047	-0.678503799
0.281819382	-0.682834077
0.281823717	-0.687164356
0.281828052	-0.691494634
0.281832387	-0.695824912
0.281836722	-0.700155190
0.281841057	-0.704485468
0.281845393	-0.708815746
0.281849728	-0.713146024
0.281854063	-0.717476302
0.281858398	-0.721806580
0.281862733	-0.726136858
0.281867068	-0.730467137
0.281871403	-0.734797415
0.281875738	-0.739127693
0.281880073	-0.743457971
0.281884408	-0.747788249
0.281888743	-0.752118527
0.281893079	-0.756448805
0.281897414	-0.760779083
0.281901749	-0.765109361
0.281906084	-0.769439639
0.281910419	-0.773769917
0.281914754	-0.778100196
0.281919089	-0.782430474
0.281923424	-0.786760752
0.281927759	-0.791091030
0.281932094	-0.795421308
0.281936430	-0.799751586
0.281940765	-0.804081864
0.281945100	-0.808412142
0.281949435	-0.812742420
0.281953770	-0.817072698
0.281958105	-0.821402977
0.281962440	-0.825733255
0.281966775	-0.830063533
0.281971110	-0.834393811
0.281975445	-0.838724089
0.281979780	-0.843054367
0.281984116	-0.847384645
0.281988451	-0.851714923
0.281992786	-0.856045201
0.281997121	-0.860375479
0.282001456	-0.864705758
0.282005791	-0.869036036
0.282010126	-0.873366314
0.282014461	-0.877696592
0.282018796	-0.882026870
0.282023131	-0.886357148
0.282027467	-0.890687426
0.282031802	-0.895017704
0.282036137	-0.899347982
0.282040472	-0.903678260
0.282044807	-0.908008538
0.282049142	-0.912338817
0.282053477	-0.916669095
0.282057812	-0.920999373
0.282062147	-0.925329651
0.282066482	-0.929659929
0.282070817	-0.933990207
0.282075153	-0.938320485
0.282079488	-0.942650763
0.282083823	-0.946981041
0.282088158	-0.951311319
0.282092493	-0.955641598
0.282096828	-0.959971876
0.282101163	-0.964302154
0.282105498	-0.968632432
0.282109833	-0.972962710
0.282114168	-0.977292988
0.282118503	-0.981623266
0.282122839	-0.985953544
0.282127174	-0.990283822
0.282131509	-0.994614100
0.282135844	-0.998944378
0.282140179	-1.003274657
0.282144514	-1.007604935
0.282148849	-1.011935213
0.282153184	-1.016265491
0.282157519	-1.020595769
0.282161854	-1.024926047
0.282166190	-1.029256325
0.282170525	-1.033586603
0.282174860	-1.037916881
0.282179195	-1.042247159
0.282183530	-1.046577438
0.282187865	-1.050907716
0.282192200	-1.055237994
0.282196535	-1.059568272
0.282200870	-1.063898550
0.282205205	-1.068228828
0.282209540	-1.072559106
0.282213876	-1.076889384
0.282218211	-1.081219662
0.282222546	-1.085549940
0.282226881	-1.089880218
0.282231216	-1.094210497
0.282235551	-1.098540775
0.282239886	-1.102871053
0.282244221	-1.107201331
0.282248556	-1.111531609
0.282252891	-1.115861887
0.282257227	-1.120192165
0.282261562	-1.124522443
0.282265897	-1.128852721
0.282270232	-1.133182999
0.282274567	-1.137513278
0.282278902	-1.141843556
0.282283237	-1.146173834
0.282287572	-1.150504112
0.282291907	-1.154834390
0.282296242	-1.159164668
0.282300577	-1.163494946
0.282304913	-1.167825224
0.282309248	-1.172155502
0.282313583	-1.176485780
0.282317918	-1.180816058
0.282322253	-1.185146337
0.282326588	-1.189476615
0.282330923	-1.193806893
0.282335258	-1.198137171
0.282339593	-1.202467449
0.282343928	-1.206797727
0.282348264	-1.211128005
0.282352599	-1.215458283
0.282356934	-1.219788561
0.282361269	-1.224118839
0.282365604	-1.228449118
0.282369939	-1.232779396
0.282374274	-1.237109674
0.282378609	-1.241439952
0.283088120	-0.661177870
0.283092455	-0.665508148
0.283096790	-0.669838426
0.283101125	-0.674168705
0.283105460	-0.678498983
0.283109795	-0.682829261
0.283114130	-0.687159539
0.283118465	-0.691489817
0.283122800	-0.695820095
0.283127136	-0.700150373
0.283131471	-0.704480651
0.283135806	-0.708810929
0.283140141	-0.713141207
0.283144476	-0.717471485
0.283148811	-0.721801764
0.283153146	-0.726132042
0.283157481	-0.730462320
0.283161816	-0.734792598
0.283166151	-0.739122876
0.283170487	-0.743453154
0.283174822	-0.747783432
0.283179157	-0.752113710
0.283183492	-0.756443988
0.283187827	-0.760774266
0.283192162	-0.765104545
0.283196497	-0.769434823
0.283200832	-0.773765101
0.283205167	-0.778095379
0.283209502	-0.782425657
0.283213837	-0.786755935
0.283218173	-0.791086213
0.283222508	-0.795416491
0.283226843	-0.799746769
0.283231178	-0.804077047
0.283235513	-0.808407325
0.283239848	-0.812737604
0.283244183	-0.817067882
0.283248518	-0.821398160
0.283252853	-0.825728438
0.283257188	-0.830058716
0.283261524	-0.834388994
0.283265859	-0.838719272
0.283270194	-0.843049550
0.283274529	-0.847379828
0.283278864	-0.851710106
0.283283199	-0.856040385
0.283287534	-0.860370663
0.283291869	-0.864700941
0.283296204	-0.869031219
0.283300539	-0.873361497
0.283304874	-0.877691775
0.283309210	-0.882022053
0.283313545	-0.886352331
0.283317880	-0.890682609
0.283322215	-0.895012887
0.283326550	-0.899343166
0.283330885	-0.903673444
0.283335220	-0.908003722
0.283339555	-0.912334000
0.283343890	-0.916664278
0.283348225	-0.920994556
0.283352561	-0.925324834
0.283356896	-0.929655112
0.283361231	-0.933985390
0.283365566	-0.938315668
0.283369901	-0.942645946
0.283374236	-0.946976225
0.283378571	-0.951306503
0.283382906	-0.955636781
0.283387241	-0.959967059
0.283391576	-0.964297337
0.283395911	-0.968627615
0.283400247	-0.972957893
0.283404582	-0.977288171
0.283408917	-0.981618449
0.283413252	-0.985948727
0.283417587	-0.990279006
0.283421922	-0.994609284
0.283426257	-0.998939562
0.283430592	-1.003269840
0.283434927	-1.007600118
0.283439262	-1.011930396
0.283443597	-1.016260674
0.283447933	-1.020590952
0.283452268	-1.024921230
0.283456603	-1.029251508
0.283460938	-1.033581786
0.283465273	-1.037912065
0.283469608	-1.042242343
0.283473943	-1.046572621
0.283478278	-1.050902899
0.283482613	-1.055233177
0.283486948	-1.059563455
0.283491284	-1.063893733
0.283495619	-1.068224011
0.283499954	-1.072554289
0.283504289	-1.076884567
0.283508624	-1.081214846
0.283512959	-1.085545124
0.283517294	-1.089875402
0.283521629	-1.094205680
0.283525964	-1.098535958
0.283530299	-1.102866236
0.283534634	-1.107196514
0.283538970	-1.111526792
0.283543305	-1.115857070
0.283547640	-1.120187348
0.283551975	-1.124517626
0.283556310	-1.128847905
0.283560645	-1.133178183
0.283564980	-1.137508461
0.283569315	-1.141838739
0.283573650	-1.146169017
0.283577985	-1.150499295
0.283582321	-1.154829573
0.283586656	-1.159159851
0.283590991	-1.163490129
0.283595326	-1.167820407
0.283599661	-1.172150686
0.283603996	-1.176480964
0.283608331	-1.180811242
0.283612666	-1.185141520
0.283617001	-1.189471798
0.283621336	-1.193802076
0.283625671	-1.198132354
0.283630007	-1.202462632
0.283634342	-1.206792910
0.283638677	-1.211123188
0.283643012	-1.215453466
0.283647347	-1.219783745
0.283651682	-1.224114023
0.283656017	-1.228444301
0.283660352	-1.232774579
0.283664687	-1.237104857
0.283669022	-1.241435135
0.283673358	-1.245765413
0.284382868	-0.665503332
0.284387203	-0.669833610
0.284391538	-0.674163888
0.284395873	-0.678494166
0.284400208	-0.682824444
0.284404544	-0.687154722
0.284408879	-0.691485000
0.284413214	-0.695815278
0.284417549	-0.700145556
0.284421884	-0.704475834
0.284426219	-0.708806113
0.284430554	-0.713136391
0.284434889	-0.717466669
0.284439224	-0.721796947
0.284443559	-0.726127225
0.284447894	-0.730457503
0.284452230	-0.734787781
0.284456565	-0.739118059
0.284460900	-0.743448337
0.284465235	-0.747778615
0.284469570	-0.752108893
0.284473905	-0.756439172
0.284478240	-0.760769450
0.284482575	-0.765099728
0.284486910	-0.769430006
0.284491245	-0.773760284
0.284495581	-0.778090562
0.284499916	-0.782420840
0.284504251	-0.786751118
0.284508586	-0.791081396
0.284512921	-0.795411674
0.284517256	-0.799741953
0.284521591	-0.804072231
0.284525926	-0.808402509
0.284530261	-0.812732787
0.284534596	-0.817063065
0.284538931	-0.821393343
0.284543267	-0.825723621
0.284547602	-0.830053899
0.284551937	-0.834384177
0.284556272	-0.838714455
0.284560607	-0.843044733
0.284564942	-0.847375012
0.284569277	-0.851705290
0.284573612	-0.856035568
0.284577947	-0.860365846
0.284582282	-0.864696124
0.284586618	-0.869026402
0.284590953	-0.873356680
0.284595288	-0.877686958
0.284599623	-0.882017236
0.284603958	-0.886347514
0.284608293	-0.890677793
0.284612628	-0.895008071
0.284616963	-0.899338349
0.284621298	-0.903668627
0.284625633	-0.907998905
0.284629968	-0.912329183
0.284634304	-0.916659461
0.284638639	-0.920989739
0.284642974	-0.925320017
0.284647309	-0.929650295
0.284651644	-0.933980573
0.284655979	-0.938310852
0.284660314	-0.942641130
0.284664649	-0.946971408
0.284668984	-0.951301686
0.284673319	-0.955631964
0.284677655	-0.959962242
0.284681990	-0.964292520
0.284686325	-0.968622798
0.284690660	-0.972953076
0.284694995	-0.977283354
0.284699330	-0.981613633
0.284703665	-0.985943911
0.284708000	-0.990274189
0.284712335	-0.994604467
0.284716670	-0.998934745
0.284721005	-1.003265023
0.284725341	-1.007595301
0.284729676	-1.011925579
0.284734011	-1.016255857
0.284738346	-1.020586135
0.284742681	-1.024916414
0.284747016	-1.029246692
0.284751351	-1.033576970
0.284755686	-1.037907248
0.284760021	-1.042237526
0.284764356	-1.046567804
0.284768691	-1.050898082
0.284773027	-1.055228360
0.284777362	-1.059558638
0.284781697	-1.063888916
0.284786032	-1.068219194
0.284790367	-1.072549473
0.284794702	-1.076879751
0.284799037	-1.081210029
0.284803372	-1.085540307
0.284807707	-1.089870585
0.284812042	-1.094200863
0.284816378	-1.098531141
0.284820713	-1.102861419
0.284825048	-1.107191697
0.284829383	-1.111521975
0.284833718	-1.115852254
0.284838053	-1.120182532
0.284842388	-1.124512810
0.284846723	-1.128843088
0.284851058	-1.133173366
0.284855393	-1.137503644
0.284859728	-1.141833922
0.284864064	-1.146164200
0.284868399	-1.150494478
0.284872734	-1.154824756
0.284877069	-1.159155034
0.284881404	-1.163485313
0.284885739	-1.167815591
0.284890074	-1.172145869
0.284894409	-1.176476147
0.284898744	-1.180806425
0.284903079	-1.185136703
0.284907415	-1.189466981
0.284911750	-1.193797259
0.284916085	-1.198127537
0.284920420	-1.202457815
0.284924755	-1.206788094
0.284929090	-1.211118372
0.284933425	-1.215448650
0.284937760	-1.219778928
0.284942095	-1.224109206
0.284946430	-1.228439484
0.284950765	-1.232769762
0.284955101	-1.237100040
0.284959436	-1.241430318
0.284963771	-1.245760596
0.284968106	-1.250090874
0.284972441	-1.254421153
0.285677616	-0.669828793
0.285681951	-0.674159071
0.285686287	-0.678489349
0.285690622	-0.682819627
0.285694957	-0.687149905
0.285699292	-0.691480183
0.285703627	-0.695810461
0.285707962	-0.700140740
0.285712297	-0.704471018
0.285716632	-0.708801296
0.285720967	-0.713131574
0.285725302	-0.717461852
0.285729638	-0.721792130
0.285733973	-0.726122408
0.285738308	-0.730452686
0.285742643	-0.734782964
0.285746978	-0.739113242
0.285751313	-0.743443521
0.285755648	-0.747773799
0.285759983	-0.752104077
0.285764318	-0.756434355
0.285768653	-0.760764633
0.285772988	-0.765094911
0.285777324	-0.769425189
0.285781659	-0.773755467
0.285785994	-0.778085745
0.285790329	-0.782416023
0.285794664	-0.786746301
0.285798999	-0.791076580
0.285803334	-0.795406858
0.285807669	-0.799737136
0.285812004	-0.804067414
0.285816339	-0.808397692
0.285820675	-0.812727970
0.285825010	-0.817058248
0.285829345	-0.821388526
0.285833680	-0.825718804
0.285838015	-0.830049082
0.285842350	-0.834379361
0.285846685	-0.838709639
0.285851020	-0.843039917
0.285855355	-0.847370195
0.285859690	-0.851700473
0.285864025	-0.856030751
0.285868361	-0.860361029
0.285872696	-0.864691307
0.285877031	-0.869021585
0.285881366	-0.873351863
0.285885701	-0.877682141
0.285890036	-0.882012420
0.285894371	-0.886342698
0.285898706	-0.890672976
0.285903041	-0.895003254
0.285907376	-0.899333532
0.285911712	-0.903663810
0.285916047	-0.907994088
0.285920382	-0.912324366
0.285924717	-0.916654644
0.285929052	-0.920984922
0.285933387	-0.925315201
0.285937722	-0.929645479
0.285942057	-0.933975757
0.285946392	-0.938306035
0.285950727	-0.942636313
0.285955062	-0.946966591
0.285959398	-0.951296869
0.285963733	-0.955627147
0.285968068	-0.959957425
0.285972403	-0.964287703
0.285976738	-0.968617981
0.285981073	-0.972948260
0.285985408	-0.977278538
0.285989743	-0.981608816
0.285994078	-0.985939094
0.285998413	-0.990269372
0.286002749	-0.994599650
0.286007084	-0.998929928
0.286011419	-1.003260206
0.286015754	-1.007590484
0.286020089	-1.011920762
0.286024424	-1.016251041
0.286028759	-1.020581319
0.286033094	-1.024911597
0.286037429	-1.029241875
0.286041764	-1.033572153
0.286046099	-1.037902431
0.286050435	-1.042232709
0.286054770	-1.046562987
0.286059105	-1.050893265
0.286063440	-1.055223543
0.286067775	-1.059553821
0.286072110	-1.063884100
0.286076445	-1.068214378
0.286080780	-1.072544656
0.286085115	-1.076874934
0.286089450	-1.081205212
0.286093785	-1.085535490
0.286098121	-1.089865768
0.286102456	-1.094196046
0.286106791	-1.098526324
0.286111126	-1.102856602
0.286115461	-1.107186881
0.286119796	-1.111517159
0.286124131	-1.115847437
0.286128466	-1.120177715
0.286132801	-1.124507993
0.286137136	-1.128838271
0.286141472	-1.133168549
0.286145807	-1.137498827
0.286150142	-1.141829105
0.286154477	-1.146159383
0.286158812	-1.150489662
0.286163147	-1.154819940
0.286167482	-1.159150218
0.286171817	-1.163480496
0.286176152	-1.167810774
0.286180487	-1.172141052
0.286184822	-1.176471330
0.286189158	-1.180801608
0.286193493	-1.185131886
0.286197828	-1.189462164
0.286202163	-1.193792442
0.286206498	-1.198122721
0.286210833	-1.202452999
0.286215168	-1.206783277
0.286219503	-1.211113555
0.286223838	-1.215443833
0.286228173	-1.219774111
0.286232509	-1.224104389
0.286236844	-1.228434667
0.286241179	-1.232764945
0.286245514	-1.237095223
0.286249849	-1.241425502
0.286254184	-1.245755780
0.286258519	-1.250086058
0.286262854	-1.254416336
0.286267189	-1.258746614
0.286972365	-0.674154254
0.286976700	-0.678484532
0.286981035	-0.682814810
0.286985370	-0.687145088
0.286989705	-0.691475367
0.286994040	-0.695805645
0.286998375	-0.700135923
0.287002710	-0.704466201
0.287007045	-0.708796479
0.287011381	-0.713126757
0.287015716	-0.717457035
0.287020051	-0.721787313
0.287024386	-0.726117591
0.287028721	-0.730447869
0.287033056	-0.734778148
0.287037391	-0.739108426
0.287041726	-0.743438704
0.287046061	-0.747768982
0.287050396	-0.752099260
0.287054732	-0.756429538
0.287059067	-0.760759816
0.287063402	-0.765090094
0.287067737	-0.769420372
0.287072072	-0.773750650
0.287076407	-0.778080929
0.287080742	-0.782411207
0.287085077	-0.786741485
0.287089412	-0.791071763
0.287093747	-0.795402041
0.287098082	-0.799732319
0.287102418	-0.804062597
0.287106753	-0.808392875
0.287111088	-0.812723153
0.287115423	-0.817053431
0.287119758	-0.821383709
0.287124093	-0.825713988
0.287128428	-0.830044266
0.287132763	-0.834374544
0.287137098	-0.838704822
0.287141433	-0.843035100
0.287145769	-0.847365378
0.287150104	-0.851695656
0.287154439	-0.856025934
0.287158774	-0.860356212
0.287163109	-0.864686490
0.287167444	-0.869016769
0.287171779	-0.873347047
0.287176114	-0.877677325
0.287180449	-0.882007603
0.287184784	-0.886337881
0.287189119	-0.890668159
0.287193455	-0.894998437
0.287197790	-0.899328715
0.287202125	-0.903658993
0.287206460	-0.907989271
0.287210795	-0.912319549
0.287215130	-0.916649828
0.287219465	-0.920980106
0.287223800	-0.925310384
0.287228135	-0.929640662
0.287232470	-0.933970940
0.287236806	-0.938301218
0.287241141	-0.942631496
0.287245476	-0.946961774
0.287249811	-0.951292052
0.287254146	-0.955622330
0.287258481	-0.959952609
0.287262816	-0.964282887
0.287267151	-0.968613165
0.287271486	-0.972943443
0.287275821	-0.977273721
0.287280156	-0.981603999
0.287284492	-0.985934277
0.287288827	-0.990264555
0.287293162	-0.994594833
0.287297497	-0.998925111
0.287301832	-1.003255389
0.287306167	-1.007585668
0.287310502	-1.011915946
0.287314837	-1.016246224
0.287319172	-1.020576502
0.287323507	-1.024906780
0.287327842	-1.029237058
0.287332178	-1.033567336
0.287336513	-1.037897614
0.287340848	-1.042227892
0.287345183	-1.046558170
0.287349518	-1.050888449
0.287353853	-1.055218727
0.287358188	-1.059549005
0.287362523	-1.063879283
0.287366858	-1.068209561
0.287371193	-1.072539839
0.287375529	-1.076870117
0.287379864	-1.081200395
0.287384199	-1.085530673
0.287388534	-1.089860951
0.287392869	-1.094191229
0.287397204	-1.098521508
0.287401539	-1.102851786
0.287405874	-1.107182064
0.287410209	-1.111512342
0.287414544	-1.115842620
0.287418879	-1.120172898
0.287423215	-1.124503176
0.287427550	-1.128833454
0.287431885	-1.133163732
0.287436220	-1.137494010
0.287440555	-1.141824289
0.287444890	-1.146154567
0.287449225	-1.150484845
0.287453560	-1.154815123
0.287457895	-1.159145401
0.287462230	-1.163475679
0.287466566	-1.167805957
0.287470901	-1.172136235
0.287475236	-1.176466513
0.287479571	-1.180796791
0.287483906	-1.185127069
0.287488241	-1.189457348
0.287492576	-1.193787626
0.287496911	-1.198117904
0.287501246	-1.202448182
0.287505581	-1.206778460
0.287509916	-1.211108738
0.287514252	-1.215439016
0.287518587	-1.219769294
0.287522922	-1.224099572
0.287527257	-1.228429850
0.287531592	-1.232760129
0.287535927	-1.237090407
0.287540262	-1.241420685
0.287544597	-1.245750963
0.287548932	-1.250081241
0.287553267	-1.254411519
0.287557603	-1.258741797
0.287561938	-1.263072075
0.287566273	-1.267402353
0.288262778	-0.674149437
0.288267113	-0.678479716
0.288271448	-0.682809994
0.288275783	-0.687140272
0.288280118	-0.691470550
0.288284453	-0.695800828
0.288288789	-0.700131106
0.288293124	-0.704461384
0.288297459	-0.708791662
0.288301794	-0.713121940
0.288306129	-0.717452218
0.288310464	-0.721782496
0.288314799	-0.726112775
0.288319134	-0.730443053
0.288323469	-0.734773331
0.288327804	-0.739103609
0.288332139	-0.743433887
0.288336475	-0.747764165
0.288340810	-0.752094443
0.288345145	-0.756424721
0.288349480	-0.760754999
0.288353815	-0.765085277
0.288358150	-0.769415556
0.288362485	-0.773745834
0.288366820	-0.778076112
0.288371155	-0.782406390
0.288375490	-0.786736668
0.288379826	-0.791066946
0.288384161	-0.795397224
0.288388496	-0.799727502
0.288392831	-0.804057780
0.288397166	-0.808388058
0.288401501	-0.812718336
0.288405836	-0.817048615
0.288410171	-0.821378893
0.288414506	-0.825709171
0.288418841	-0.830039449
0.288423176	-0.834369727
0.288427512	-0.838700005
0.288431847	-0.843030283
0.288436182	-0.847360561
0.288440517	-0.851690839
0.288444852	-0.856021117
0.288449187	-0.860351396
0.288453522	-0.864681674
0.288457857	-0.869011952
0.288462192	-0.873342230
0.288466527	-0.877672508
0.288470863	-0.882002786
0.288475198	-0.886333064
0.288479533	-0.890663342
0.288483868	-0.894993620
0.288488203	-0.899323898
0.288492538	-0.903654177
0.288496873	-0.907984455
0.288501208	-0.912314733
0.288505543	-0.916645011
0.288509878	-0.920975289
0.288514213	-0.925305567
0.288518549	-0.929635845
0.288522884	-0.933966123
0.288527219	-0.938296401
0.288531554	-0.942626679
0.288535889	-0.946956957
0.288540224	-0.951287236
0.288544559	-0.955617514
0.288548894	-0.959947792
0.288553229	-0.964278070
0.288557564	-0.968608348
0.288561900	-0.972938626
0.288566235	-0.977268904
0.288570570	-0.981599182
0.288574905	-0.985929460
0.288579240	-0.990259738
0.288583575	-0.994590017
0.288587910	-0.998920295
0.288592245	-1.003250573
0.288596580	-1.007580851
0.288600915	-1.011911129
0.288605250	-1.016241407
0.288609586	-1.020571685
0.288613921	-1.024901963
0.288618256	-1.029232241
0.288622591	-1.033562519
0.288626926	-1.037892797
0.288631261	-1.042223076
0.288635596	-1.046553354
0.288639931	-1.050883632
0.288644266	-1.055213910
0.288648601	-1.059544188
0.288652936	-1.063874466
0.288657272	-1.068204744
0.288661607	-1.072535022
0.288665942	-1.076865300
0.288670277	-1.081195578
0.288674612	-1.085525857
0.288678947	-1.089856135
0.288683282	-1.094186413
0.288687617	-1.098516691
0.288691952	-1.102846969
0.288696287	-1.107177247
0.288700623	-1.111507525
0.288704958	-1.115837803
0.288709293	-1.120168081
0.288713628	-1.124498359
0.288717963	-1.128828637
0.288722298	-1.133158916
0.288726633	-1.137489194
0.288730968	-1.141819472
0.288735303	-1.146149750
0.288739638	-1.150480028
0.288743973	-1.154810306
0.288748309	-1.159140584
0.288752644	-1.163470862
0.288756979	-1.167801140
0.288761314	-1.172131418
0.288765649	-1.176461697
0.288769984	-1.180791975
0.288774319	-1.185122253
0.288778654	-1.189452531
0.288782989	-1.193782809
0.288787324	-1.198113087
0.288791660	-1.202443365
0.288795995	-1.206773643
0.288800330	-1.211103921
0.288804665	-1.215434199
0.288809000	-1.219764477
0.288813335	-1.224094756
0.288817670	-1.228425034
0.288822005	-1.232755312
0.288826340	-1.237085590
0.288830675	-1.241415868
0.288835010	-1.245746146
0.288839346	-1.250076424
0.288843681	-1.254406702
0.288848016	-1.258736980
0.288852351	-1.263067258
0.288856686	-1.267397537
0.288861021	-1.271727815
0.289557526	-0.678474899
0.289561861	-0.682805177
0.289566196	-0.687135455
0.289570532	-0.691465733
0.289574867	-0.695796011
0.289579202	-0.700126289
0.289583537	-0.704456567
0.289587872	-0.708786845
0.289592207	-0.713117124
0.289596542	-0.717447402
0.289600877	-0.721777680
0.289605212	-0.726107958
0.289609547	-0.730438236
0.289613883	-0.734768514
0.289618218	-0.739098792
0.289622553	-0.743429070
0.289626888	-0.747759348
0.289631223	-0.752089626
0.289635558	-0.756419904
0.289639893	-0.760750183
0.289644228	-0.765080461
0.289648563	-0.769410739
0.289652898	-0.773741017
0.289657233	-0.778071295
0.289661569	-0.782401573
0.289665904	-0.786731851
0.289670239	-0.791062129
0.289674574	-0.795392407
0.289678909	-0.799722685
0.289683244	-0.804052964
0.289687579	-0.808383242
0.289691914	-0.812713520
0.289696249	-0.817043798
0.289700584	-0.821374076
0.289704920	-0.825704354
0.289709255	-0.830034632
0.289713590	-0.834364910
0.289717925	-0.838695188
0.289722260	-0.843025466
0.289726595	-0.847355744
0.289730930	-0.851686023
0.289735265	-0.856016301
0.289739600	-0.860346579
0.289743935	-0.864676857
0.289748270	-0.869007135
0.289752606	-0.873337413
0.289756941	-0.877667691
0.289761276	-0.881997969
0.289765611	-0.886328247
0.289769946	-0.890658525
0.289774281	-0.894988804
0.289778616	-0.899319082
0.289782951	-0.903649360
0.289787286	-0.907979638
0.289791621	-0.912309916
0.289795957	-0.916640194
0.289800292	-0.920970472
0.289804627	-0.925300750
0.289808962	-0.929631028
0.289813297	-0.933961306
0.289817632	-0.938291585
0.289821967	-0.942621863
0.289826302	-0.946952141
0.289830637	-0.951282419
0.289834972	-0.955612697
0.289839307	-0.959942975
0.289843643	-0.964273253
0.289847978	-0.968603531
0.289852313	-0.972933809
0.289856648	-0.977264087
0.289860983	-0.981594365
0.289865318	-0.985924644
0.289869653	-0.990254922
0.289873988	-0.994585200
0.289878323	-0.998915478
0.289882658	-1.003245756
0.289886994	-1.007576034
0.289891329	-1.011906312
0.289895664	-1.016236590
0.289899999	-1.020566868
0.289904334	-1.024897146
0.289908669	-1.029227425
0.289913004	-1.033557703
0.289917339	-1.037887981
0.289921674	-1.042218259
0.289926009	-1.046548537
0.289930344	-1.050878815
0.289934680	-1.055209093
0.289939015	-1.059539371
0.289943350	-1.063869649
0.289947685	-1.068199927
0.289952020	-1.072530205
0.289956355	-1.076860484
0.289960690	-1.081190762
0.289965025	-1.085521040
0.289969360	-1.089851318
0.289973695	-1.094181596
0.289978030	-1.098511874
0.289982366	-1.102842152
0.289986701	-1.107172430
0.289991036	-1.111502708
0.289995371	-1.115832986
0.289999706	-1.120163265
0.290004041	-1.124493543
0.290008376	-1.128823821
0.290012711	-1.133154099
0.290017046	-1.137484377
0.290021381	-1.141814655
0.290025717	-1.146144933
0.290030052	-1.150475211
0.290034387	-1.154805489
0.290038722	-1.159135767
0.290043057	-1.163466045
0.290047392	-1.167796324
0.290051727	-1.172126602
0.290056062	-1.176456880
0.290060397	-1.180787158
0.290064732	-1.185117436
0.290069067	-1.189447714
0.290073403	-1.193777992
0.290077738	-1.198108270
0.290082073	-1.202438548
0.290086408	-1.206768826
0.290090743	-1.211099105
0.290095078	-1.215429383
0.290099413	-1.219759661
0.290103748	-1.224089939
0.290108083	-1.228420217
0.290112418	-1.232750495
0.290116754	-1.237080773
0.290121089	-1.241411051
0.290125424	-1.245741329
0.290129759	-1.250071607
0.290134094	-1.254401885
0.290138429	-1.258732164
0.290142764	-1.263062442
0.290147099	-1.267392720
0.290151434	-1.271722998
0.290155769	-1.276053276
0.290160104	-1.280383554
0.290852275	-0.682800360
0.290856610	-0.687130638
0.290860945	-0.691460916
0.290865280	-0.695791194
0.290869615	-0.700121472
0.290873950	-0.704451751
0.290878285	-0.708782029
0.290882620	-0.713112307
0.290886955	-0.717442585
0.290891290	-0.721772863
0.290895626	-0.726103141
0.290899961	-0.730433419
0.290904296	-0.734763697
0.290908631	-0.739093975
0.290912966	-0.743424253
0.290917301	-0.747754532
0.290921636	-0.752084810
0.290925971	-0.756415088
0.290930306	-0.760745366
0.290934641	-0.765075644
0.290938977	-0.769405922
0.290943312	-0.773736200
0.290947647	-0.778066478
0.290951982	-0.782396756
0.290956317	-0.786727034
0.290960652	-0.791057312
0.290964987	-0.795387591
0.290969322	-0.799717869
0.290973657	-0.804048147
0.290977992	-0.808378425
0.290982327	-0.812708703
0.290986663	-0.817038981
0.290990998	-0.821369259
0.290995333	-0.825699537
0.290999668	-0.830029815
0.291004003	-0.834360093
0.291008338	-0.838690372
0.291012673	-0.843020650
0.291017008	-0.847350928
0.291021343	-0.851681206
0.291025678	-0.856011484
0.291030014	-0.860341762
0.291034349	-0.864672040
0.291038684	-0.869002318
0.291043019	-0.873332596
0.291047354	-0.877662874
0.291051689	-0.881993152
0.291056024	-0.886323431
0.291060359	-0.890653709
0.291064694	-0.894983987
0.291069029	-0.899314265
0.291073364	-0.903644543
0.291077700	-0.907974821
0.291082035	-0.912305099
0.291086370	-0.916635377
0.291090705	-0.920965655
0.291095040	-0.925295933
0.291099375	-0.929626212
0.291103710	-0.933956490
0.291108045	-0.938286768
0.291112380	-0.942617046
0.291116715	-0.946947324
0.291121051	-0.951277602
0.291125386	-0.955607880
0.291129721	-0.959938158
0.291134056	-0.964268436
0.291138391	-0.968598714
0.291142726	-0.972928992
0.291147061	-0.977259271
0.291151396	-0.981589549
0.291155731	-0.985919827
0.291160066	-0.990250105
0.291164401	-0.994580383
0.291168737	-0.998910661
0.291173072	-1.003240939
0.291177407	-1.007571217
0.291181742	-1.011901495
0.291186077	-1.016231773
0.291190412	-1.020562052
0.291194747	-1.024892330
0.291199082	-1.029222608
0.291203417	-1.033552886
0.291207752	-1.037883164
0.291212087	-1.042213442
0.291216423	-1.046543720
0.291220758	-1.050873998
0.291225093	-1.055204276
0.291229428	-1.059534554
0.291233763	-1.063864833
0.291238098	-1.068195111
0.291242433	-1.072525389
0.291246768	-1.076855667
0.291251103	-1.081185945
0.291255438	-1.085516223
0.291259774	-1.089846501
0.291264109	-1.094176779
0.291268444	-1.098507057
0.291272779	-1.102837335
0.291277114	-1.107167613
0.291281449	-1.111497892
0.291285784	-1.115828170
0.291290119	-1.120158448
0.291294454	-1.124488726
0.291298789	-1.128819004
0.291303124	-1.133149282
0.291307460	-1.137479560
0.291311795	-1.141809838
0.291316130	-1.146140116
0.291320465	-1.150470394
0.291324800	-1.154800673
0.291329135	-1.159130951
0.291333470	-1.163461229
0.291337805	-1.167791507
0.291342140	-1.172121785
0.291346475	-1.176452063
0.291350811	-1.180782341
0.291355146	-1.185112619
0.291359481	-1.189442897
0.291363816	-1.193773175
0.291368151	-1.198103453
0.291372486	-1.202433732
0.291376821	-1.206764010
0.291381156	-1.211094288
0.291385491	-1.215424566
0.291389826	-1.219754844
0.291394161	-1.224085122
0.291398497	-1.228415400
0.291402832	-1.232745678
0.291407167	-1.237075956
0.291411502	-1.241406234
0.291415837	-1.245736513
0.291420172	-1.250066791
0.291424507	-1.254397069
0.291428842	-1.258727347
0.291433177	-1.263057625
0.291437512	-1.267387903
0.291441848	-1.271718181
0.291446183	-1.276048459
0.291450518	-1.280378737
0.291454853	-1.284709015
0.292147023	-0.687125821
0.292151358	-0.691456100
0.292155693	-0.695786378
0.292160028	-0.700116656
0.292164363	-0.704446934
0.292168698	-0.708777212
0.292173034	-0.713107490
0.292177369	-0.717437768
0.292181704	-0.721768046
0.292186039	-0.726098324
0.292190374	-0.730428602
0.292194709	-0.734758880
0.292199044	-0.739089159
0.292203379	-0.743419437
0.292207714	-0.747749715
0.292212049	-0.752079993
0.292216384	-0.756410271
0.292220720	-0.760740549
0.292225055	-0.765070827
0.292229390	-0.769401105
0.292233725	-0.773731383
0.292238060	-0.778061661
0.292242395	-0.782391940
0.292246730	-0.786722218
0.292251065	-0.791052496
0.292255400	-0.795382774
0.292259735	-0.799713052
0.292264071	-0.804043330
0.292268406	-0.808373608
0.292272741	-0.812703886
0.292277076	-0.817034164
0.292281411	-0.821364442
0.292285746	-0.825694720
0.292290081	-0.830024999
0.292294416	-0.834355277
0.292298751	-0.838685555
0.292303086	-0.843015833
0.292307421	-0.847346111
0.292311757	-0.851676389
0.292316092	-0.856006667
0.292320427	-0.860336945
0.292324762	-0.864667223
0.292329097	-0.868997501
0.292333432	-0.873327780
0.292337767	-0.877658058
0.292342102	-0.881988336
0.292346437	-0.886318614
0.292350772	-0.890648892
0.292355108	-0.894979170
0.292359443	-0.899309448
0.292363778	-0.903639726
0.292368113	-0.907970004
0.292372448	-0.912300282
0.292376783	-0.916630560
0.292381118	-0.920960839
0.292385453	-0.925291117
0.292389788	-0.929621395
0.292394123	-0.933951673
0.292398458	-0.938281951
0.292402794	-0.942612229
0.292407129	-0.946942507
0.292411464	-0.951272785
0.292415799	-0.955603063
0.292420134	-0.959933341
0.292424469	-0.964263620
0.292428804	-0.968593898
0.292433139	-0.972924176
0.292437474	-0.977254454
0.292441809	-0.981584732
0.292446145	-0.985915010
0.292450480	-0.990245288
0.292454815	-0.994575566
0.292459150	-0.998905844
0.292463485	-1.003236122
0.292467820	-1.007566400
0.292472155	-1.011896679
0.292476490	-1.016226957
0.292480825	-1.020557235
0.292485160	-1.024887513
0.292489495	-1.029217791
0.292493831	-1.033548069
0.292498166	-1.037878347
0.292502501	-1.042208625
0.292506836	-1.046538903
0.292511171	-1.050869181
0.292515506	-1.055199460
0.292519841	-1.059529738
0.292524176	-1.063860016
0.292528511	-1.068190294
0.292532846	-1.072520572
0.292537181	-1.076850850
0.292541517	-1.081181128
0.292545852	-1.085511406
0.292550187	-1.089841684
0.292554522	-1.094171962
0.292558857	-1.098502240
0.292563192	-1.102832519
0.292567527	-1.107162797
0.292571862	-1.111493075
0.292576197	-1.115823353
0.292580532	-1.120153631
0.292584868	-1.124483909
0.292589203	-1.128814187
0.292593538	-1.133144465
0.292597873	-1.137474743
0.292602208	-1.141805021
0.292606543	-1.146135300
0.292610878	-1.150465578
0.292615213	-1.154795856
0.292619548	-1.159126134
0.292623883	-1.163456412
0.292628218	-1.167786690
0.292632554	-1.172116968
0.292636889	-1.176447246
0.292641224	-1.180777524
0.292645559	-1.185107802
0.292649894	-1.189438081
0.292654229	-1.193768359
0.292658564	-1.198098637
0.292662899	-1.202428915
0.292667234	-1.206759193
0.292671569	-1.211089471
0.292675905	-1.215419749
0.292680240	-1.219750027
0.292684575	-1.224080305
0.292688910	-1.228410583
0.292693245	-1.232740861
0.292697580	-1.237071140
0.292701915	-1.241401418
0.292706250	-1.245731696
0.292710585	-1.250061974
0.292714920	-1.254392252
0.292719255	-1.258722530
0.292723591	-1.263052808
0.292727926	-1.267383086
0.292732261	-1.271713364
0.292736596	-1.276043642
0.292740931	-1.280373921
0.292745266	-1.284704199
0.292749601	-1.289034477
0.292753936	-1.293364755
0.293437436	-0.687121005
0.293441771	-0.691451283
0.293446106	-0.695781561
0.293450441	-0.700111839
0.293454777	-0.704442117
0.293459112	-0.708772395
0.293463447	-0.713102673
0.293467782	-0.717432951
0.293472117	-0.721763229
0.293476452	-0.726093507
0.293480787	-0.730423786
0.293485122	-0.734754064
0.293489457	-0.739084342
0.293493792	-0.743414620
0.293498128	-0.747744898
0.293502463	-0.752075176
0.293506798	-0.756405454
0.293511133	-0.760735732
0.293515468	-0.765066010
0.293519803	-0.769396288
0.293524138	-0.773726567
0.293528473	-0.778056845
0.293532808	-0.782387123
0.293537143	-0.786717401
0.293541478	-0.791047679
0.293545814	-0.795377957
0.293550149	-0.799708235
0.293554484	-0.804038513
0.293558819	-0.808368791
0.293563154	-0.812699069
0.293567489	-0.817029348
0.293571824	-0.821359626
0.293576159	-0.825689904
0.293580494	-0.830020182
0.293584829	-0.834350460
0.293589165	-0.838680738
0.293593500	-0.843011016
0.293597835	-0.847341294
0.293602170	-0.851671572
0.293606505	-0.856001850
0.293610840	-0.860332128
0.293615175	-0.864662407
0.293619510	-0.868992685
0.293623845	-0.873322963
0.293628180	-0.877653241
0.293632515	-0.881983519
0.293636851	-0.886313797
0.293641186	-0.890644075
0.293645521	-0.894974353
0.293649856	-0.899304631
0.293654191	-0.903634909
0.293658526	-0.907965188
0.293662861	-0.912295466
0.293667196	-0.916625744
0.293671531	-0.920956022
0.293675866	-0.925286300
0.293680202	-0.929616578
0.293684537	-0.933946856
0.293688872	-0.938277134
0.293693207	-0.942607412
0.293697542	-0.946937690
0.293701877	-0.951267968
0.293706212	-0.955598247
0.293710547	-0.959928525
0.293714882	-0.964258803
0.293719217	-0.968589081
0.293723552	-0.972919359
0.293727888	-0.977249637
0.293732223	-0.981579915
0.293736558	-0.985910193
0.293740893	-0.990240471
0.293745228	-0.994570749
0.293749563	-0.998901028
0.293753898	-1.003231306
0.293758233	-1.007561584
0.293762568	-1.011891862
0.293766903	-1.016222140
0.293771239	-1.020552418
0.293775574	-1.024882696
0.293779909	-1.029212974
0.293784244	-1.033543252
0.293788579	-1.037873530
0.293792914	-1.042203808
0.293797249	-1.046534087
0.293801584	-1.050864365
0.293805919	-1.055194643
0.293810254	-1.059524921
0.293814589	-1.063855199
0.293818925	-1.068185477
0.293823260	-1.072515755
0.293827595	-1.076846033
0.293831930	-1.081176311
0.293836265	-1.085506589
0.293840600	-1.089836868
0.293844935	-1.094167146
0.293849270	-1.098497424
0.293853605	-1.102827702
0.293857940	-1.107157980
0.293862275	-1.111488258
0.293866611	-1.115818536
0.293870946	-1.120148814
0.293875281	-1.124479092
0.293879616	-1.128809370
0.293883951	-1.133139648
0.293888286	-1.137469927
0.293892621	-1.141800205
0.293896956	-1.146130483
0.293901291	-1.150460761
0.293905626	-1.154791039
0.293909962	-1.159121317
0.293914297	-1.163451595
0.293918632	-1.167781873
0.293922967	-1.172112151
0.293927302	-1.176442429
0.293931637	-1.180772708
0.293935972	-1.185102986
0.293940307	-1.189433264
0.293944642	-1.193763542
0.293948977	-1.198093820
0.293953312	-1.202424098
0.293957648	-1.206754376
0.293961983	-1.211084654
0.293966318	-1.215414932
0.293970653	-1.219745210
0.293974988	-1.224075488
0.293979323	-1.228405767
0.293983658	-1.232736045
0.293987993	-1.237066323
0.293992328	-1.241396601
0.293996663	-1.245726879
0.294000999	-1.250057157
0.294005334	-1.254387435
0.294009669	-1.258717713
0.294014004	-1.263047991
0.294018339	-1.267378269
0.294022674	-1.271708548
0.294027009	-1.276038826
0.294031344	-1.280369104
0.294035679	-1.284699382
0.294040014	-1.289029660
0.294044349	-1.293359938
0.294048685	-1.297690216
0.294053020	-1.302020494
0.294732185	-0.691446466
0.294736520	-0.695776744
0.294740855	-0.700107022
0.294745190	-0.704437300
0.294749525	-0.708767578
0.294753860	-0.713097856
0.294758195	-0.717428135
0.294762530	-0.721758413
0.294766865	-0.726088691
0.294771200	-0.730418969
0.294775535	-0.734749247
0.294779871	-0.739079525
0.294784206	-0.743409803
0.294788541	-0.747740081
0.294792876	-0.752070359
0.294797211	-0.756400637
0.294801546	-0.760730915
0.294805881	-0.765061194
0.294810216	-0.769391472
0.294814551	-0.773721750
0.294818886	-0.778052028
0.294823222	-0.782382306
0.294827557	-0.786712584
0.294831892	-0.791042862
0.294836227	-0.795373140
0.294840562	-0.799703418
0.294844897	-0.804033696
0.294849232	-0.808363975
0.294853567	-0.812694253
0.294857902	-0.817024531
0.294862237	-0.821354809
0.294866572	-0.825685087
0.294870908	-0.830015365
0.294875243	-0.834345643
0.294879578	-0.838675921
0.294883913	-0.843006199
0.294888248	-0.847336477
0.294892583	-0.851666755
0.294896918	-0.855997034
0.294901253	-0.860327312
0.294905588	-0.864657590
0.294909923	-0.868987868
0.294914259	-0.873318146
0.294918594	-0.877648424
0.294922929	-0.881978702
0.294927264	-0.886308980
0.294931599	-0.890639258
0.294935934	-0.894969536
0.294940269	-0.899299815
0.294944604	-0.903630093
0.294948939	-0.907960371
0.294953274	-0.912290649
0.294957609	-0.916620927
0.294961945	-0.920951205
0.294966280	-0.925281483
0.294970615	-0.929611761
0.294974950	-0.933942039
0.294979285	-0.938272317
0.294983620	-0.942602596
0.294987955	-0.946932874
0.294992290	-0.951263152
0.294996625	-0.955593430
0.295000960	-0.959923708
0.295005296	-0.964253986
0.295009631	-0.968584264
0.295013966	-0.972914542
0.295018301	-0.977244820
0.295022636	-0.981575098
0.295026971	-0.985905376
0.295031306	-0.990235655
0.295035641	-0.994565933
0.295039976	-0.998896211
0.295044311	-1.003226489
0.295048646	-1.007556767
0.295052982	-1.011887045
0.295057317	-1.016217323
0.295061652	-1.020547601
0.295065987	-1.024877879
0.295070322	-1.029208157
0.295074657	-1.033538436
0.295078992	-1.037868714
0.295083327	-1.042198992
0.295087662	-1.046529270
0.295091997	-1.050859548
0.295096333	-1.055189826
0.295100668	-1.059520104
0.295105003	-1.063850382
0.295109338	-1.068180660
0.295113673	-1.072510938
0.295118008	-1.076841216
0.295122343	-1.081171495
0.295126678	-1.085501773
0.295131013	-1.089832051
0.295135348	-1.094162329
0.295139683	-1.098492607
0.295144019	-1.102822885
0.295148354	-1.107153163
0.295152689	-1.111483441
0.295157024	-1.115813719
0.295161359	-1.120143997
0.295165694	-1.124474276
0.295170029	-1.128804554
0.295174364	-1.133134832
0.295178699	-1.137465110
0.295183034	-1.141795388
0.295187369	-1.146125666
0.295191705	-1.150455944
0.295196040	-1.154786222
0.295200375	-1.159116500
0.295204710	-1.163446778
0.295209045	-1.167777056
0.295213380	-1.172107335
0.295217715	-1.176437613
0.295222050	-1.180767891
0.295226385	-1.185098169
0.295230720	-1.189428447
0.295235056	-1.193758725
0.295239391	-1.198089003
0.295243726	-1.202419281
0.295248061	-1.206749559
0.295252396	-1.211079837
0.295256731	-1.215410116
0.295261066	-1.219740394
0.295265401	-1.224070672
0.295269736	-1.228400950
0.295274071	-1.232731228
0.295278406	-1.237061506
0.295282742	-1.241391784
0.295287077	-1.245722062
0.295291412	-1.250052340
0.295295747	-1.254382618
0.295300082	-1.258712896
0.295304417	-1.263043175
0.295308752	-1.267373453
0.295313087	-1.271703731
0.295317422	-1.276034009
0.295321757	-1.280364287
0.295326093	-1.284694565
0.295330428	-1.289024843
0.295334763	-1.293355121
0.295339098	-1.297685399
0.295343433	-1.302015677
0.295347768	-1.306345956
0.296022598	-0.691441649
0.296026933	-0.695771927
0.296031268	-0.700102205
0.296035603	-0.704432483
0.296039938	-0.708762762
0.296044273	-0.713093040
0.296048608	-0.717423318
0.296052943	-0.721753596
0.296057279	-0.726083874
0.296061614	-0.730414152
0.296065949	-0.734744430
0.296070284	-0.739074708
0.296074619	-0.743404986
0.296078954	-0.747735264
0.296083289	-0.752065543
0.296087624	-0.756395821
0.296091959	-0.760726099
0.296096294	-0.765056377
0.296100629	-0.769386655
0.296104965	-0.773716933
0.296109300	-0.778047211
0.296113635	-0.782377489
0.296117970	-0.786707767
0.296122305	-0.791038045
0.296126640	-0.795368323
0.296130975	-0.799698602
0.296135310	-0.804028880
0.296139645	-0.808359158
0.296143980	-0.812689436
0.296148316	-0.817019714
0.296152651	-0.821349992
0.296156986	-0.825680270
0.296161321	-0.830010548
0.296165656	-0.834340826
0.296169991	-0.838671104
0.296174326	-0.843001383
0.296178661	-0.847331661
0.296182996	-0.851661939
0.296187331	-0.855992217
0.296191666	-0.860322495
0.296196002	-0.864652773
0.296200337	-0.868983051
0.296204672	-0.873313329
0.296209007	-0.877643607
0.296213342	-0.881973885
0.296217677	-0.886304163
0.296222012	-0.890634442
0.296226347	-0.894964720
0.296230682	-0.899294998
0.296235017	-0.903625276
0.296239353	-0.907955554
0.296243688	-0.912285832
0.296248023	-0.916616110
0.296252358	-0.920946388
0.296256693	-0.925276666
0.296261028	-0.929606944
0.296265363	-0.933937223
0.296269698	-0.938267501
0.296274033	-0.942597779
0.296278368	-0.946928057
0.296282703	-0.951258335
0.296287039	-0.955588613
0.296291374	-0.959918891
0.296295709	-0.964249169
0.296300044	-0.968579447
0.296304379	-0.972909725
0.296308714	-0.977240004
0.296313049	-0.981570282
0.296317384	-0.985900560
0.296321719	-0.990230838
0.296326054	-0.994561116
0.296330390	-0.998891394
0.296334725	-1.003221672
0.296339060	-1.007551950
0.296343395	-1.011882228
0.296347730	-1.016212506
0.296352065	-1.020542784
0.296356400	-1.024873063
0.296360735	-1.029203341
0.296365070	-1.033533619
0.296369405	-1.037863897
0.296373740	-1.042194175
0.296378076	-1.046524453
0.296382411	-1.050854731
0.296386746	-1.055185009
0.296391081	-1.059515287
0.296395416	-1.063845565
0.296399751	-1.068175844
0.296404086	-1.072506122
0.296408421	-1.076836400
0.296412756	-1.081166678
0.296417091	-1.085496956
0.296421426	-1.089827234
0.296425762	-1.094157512
0.296430097	-1.098487790
0.296434432	-1.102818068
0.296438767	-1.107148346
0.296443102	-1.111478624
0.296447437	-1.115808903
0.296451772	-1.120139181
0.296456107	-1.124469459
0.296460442	-1.128799737
0.296464777	-1.133130015
0.296469113	-1.137460293
0.296473448	-1.141790571
0.296477783	-1.146120849
0.296482118	-1.150451127
0.296486453	-1.154781405
0.296490788	-1.159111684
0.296495123	-1.163441962
0.296499458	-1.167772240
0.296503793	-1.172102518
0.296508128	-1.176432796
0.296512463	-1.180763074
0.296516799	-1.185093352
0.296521134	-1.189423630
0.296525469	-1.193753908
0.296529804	-1.198084186
0.296534139	-1.202414464
0.296538474	-1.206744743
0.296542809	-1.211075021
0.296547144	-1.215405299
0.296551479	-1.219735577
0.296555814	-1.224065855
0.296560150	-1.228396133
0.296564485	-1.232726411
0.296568820	-1.237056689
0.296573155	-1.241386967
0.296577490	-1.245717245
0.296581825	-1.250047524
0.296586160	-1.254377802
0.296590495	-1.258708080
0.296594830	-1.263038358
0.296599165	-1.267368636
0.296603500	-1.271698914
0.296607836	-1.276029192
0.296612171	-1.280359470
0.296616506	-1.284689748
0.296620841	-1.289020026
0.296625176	-1.293350304
0.296629511	-1.297680583
0.296633846	-1.302010861
0.296638181	-1.306341139
0.296642516	-1.310671417
0.296646851	-1.315001695
0.297317346	-0.695767111
0.297321681	-0.700097389
0.297326016	-0.704427667
0.297330351	-0.708757945
0.297334686	-0.713088223
0.297339022	-0.717418501
0.297343357	-0.721748779
0.297347692	-0.726079057
0.297352027	-0.730409335
0.297356362	-0.734739613
0.297360697	-0.739069891
0.297365032	-0.743400170
0.297369367	-0.747730448
0.297373702	-0.752060726
0.297378037	-0.756391004
0.297382373	-0.760721282
0.297386708	-0.765051560
0.297391043	-0.769381838
0.297395378	-0.773712116
0.297399713	-0.778042394
0.297404048	-0.782372672
0.297408383	-0.786702951
0.297412718	-0.791033229
0.297417053	-0.795363507
0.297421388	-0.799693785
0.297425723	-0.804024063
0.297430059	-0.808354341
0.297434394	-0.812684619
0.297438729	-0.817014897
0.297443064	-0.821345175
0.297447399	-0.825675453
0.297451734	-0.830005731
0.297456069	-0.834336010
0.297460404	-0.838666288
0.297464739	-0.842996566
0.297469074	-0.847326844
0.297473410	-0.851657122
0.297477745	-0.855987400
0.297482080	-0.860317678
0.297486415	-0.864647956
0.297490750	-0.868978234
0.297495085	-0.873308512
0.297499420	-0.877638791
0.297503755	-0.881969069
0.297508090	-0.886299347
0.297512425	-0.890629625
0.297516760	-0.894959903
0.297521096	-0.899290181
0.297525431	-0.903620459
0.297529766	-0.907950737
0.297534101	-0.912281015
0.297538436	-0.916611293
0.297542771	-0.920941571
0.297547106	-0.925271850
0.297551441	-0.929602128
0.297555776	-0.933932406
0.297560111	-0.938262684
0.297564447	-0.942592962
0.297568782	-0.946923240
0.297573117	-0.951253518
0.297577452	-0.955583796
0.297581787	-0.959914074
0.297586122	-0.964244352
0.297590457	-0.968574631
0.297594792	-0.972904909
0.297599127	-0.977235187
0.297603462	-0.981565465
0.297607797	-0.985895743
0.297612133	-0.990226021
0.297616468	-0.994556299
0.297620803	-0.998886577
0.297625138	-1.003216855
0.297629473	-1.007547133
0.297633808	-1.011877411
0.297638143	-1.016207690
0.297642478	-1.020537968
0.297646813	-1.024868246
0.297651148	-1.029198524
0.297655484	-1.033528802
0.297659819	-1.037859080
0.297664154	-1.042189358
0.297668489	-1.046519636
0.297672824	-1.050849914
0.297677159	-1.055180192
0.297681494	-1.059510471
0.297685829	-1.063840749
0.297690164	-1.068171027
0.297694499	-1.072501305
0.297698834	-1.076831583
0.297703170	-1.081161861
0.297707505	-1.085492139
0.297711840	-1.089822417
0.297716175	-1.094152695
0.297720510	-1.098482973
0.297724845	-1.102813252
0.297729180	-1.107143530
0.297733515	-1.111473808
0.297737850	-1.115804086
0.297742185	-1.120134364
0.297746520	-1.124464642
0.297750856	-1.128794920
0.297755191	-1.133125198
0.297759526	-1.137455476
0.297763861	-1.141785754
0.297768196	-1.146116032
0.297772531	-1.150446311
0.297776866	-1.154776589
0.297781201	-1.159106867
0.297785536	-1.163437145
0.297789871	-1.167767423
0.297794207	-1.172097701
0.297798542	-1.176427979
0.297802877	-1.180758257
0.297807212	-1.185088535
0.297811547	-1.189418813
0.297815882	-1.193749092
0.297820217	-1.198079370
0.297824552	-1.202409648
0.297828887	-1.206739926
0.297833222	-1.211070204
0.297837557	-1.215400482
0.297841893	-1.219730760
0.297846228	-1.224061038
0.297850563	-1.228391316
0.297854898	-1.232721594
0.297859233	-1.237051872
0.297863568	-1.241382151
0.297867903	-1.245712429
0.297872238	-1.250042707
0.297876573	-1.254372985
0.297880908	-1.258703263
0.297885244	-1.263033541
0.297889579	-1.267363819
0.297893914	-1.271694097
0.297898249	-1.276024375
0.297902584	-1.280354653
0.297906919	-1.284684932
0.297911254	-1.289015210
0.297915589	-1.293345488
0.297919924	-1.297675766
0.297924259	-1.302006044
0.297928594	-1.306336322
0.297932930	-1.310666600
0.297937265	-1.314996878
0.297941600	-1.319327156
0.298616430	-0.704422850
0.298620765	-0.708753128
0.298625100	-0.713083406
0.298629435	-0.717413684
0.298633770	-0.721743962
0.298638105	-0.726074240
0.298642440	-0.730404519
0.298646775	-0.734734797
0.298651110	-0.739065075
0.298655445	-0.743395353
0.298659780	-0.747725631
0.298664116	-0.752055909
0.298668451	-0.756386187
0.298672786	-0.760716465
0.298677121	-0.765046743
0.298681456	-0.769377021
0.298685791	-0.773707299
0.298690126	-0.778037578
0.298694461	-0.782367856
0.298698796	-0.786698134
0.298703131	-0.791028412
0.298707467	-0.795358690
0.298711802	-0.799688968
0.298716137	-0.804019246
0.298720472	-0.808349524
0.298724807	-0.812679802
0.298729142	-0.817010080
0.298733477	-0.821340359
0.298737812	-0.825670637
0.298742147	-0.830000915
0.298746482	-0.834331193
0.298750817	-0.838661471
0.298755153	-0.842991749
0.298759488	-0.847322027
0.298763823	-0.851652305
0.298768158	-0.855982583
0.298772493	-0.860312861
0.298776828	-0.864643139
0.298781163	-0.868973418
0.298785498	-0.873303696
0.298789833	-0.877633974
0.298794168	-0.881964252
0.298798504	-0.886294530
0.298802839	-0.890624808
0.298807174	-0.894955086
0.298811509	-0.899285364
0.298815844	-0.903615642
0.298820179	-0.907945920
0.298824514	-0.912276199
0.298828849	-0.916606477
0.298833184	-0.920936755
0.298837519	-0.925267033
0.298841854	-0.929597311
0.298846190	-0.933927589
0.298850525	-0.938257867
0.298854860	-0.942588145
0.298859195	-0.946918423
0.298863530	-0.951248701
0.298867865	-0.955578979
0.298872200	-0.959909258
0.298876535	-0.964239536
0.298880870	-0.968569814
0.298885205	-0.972900092
0.298889541	-0.977230370
0.298893876	-0.981560648
0.298898211	-0.985890926
0.298902546	-0.990221204
0.298906881	-0.994551482
0.298911216	-0.998881760
0.298915551	-1.003212039
0.298919886	-1.007542317
0.298924221	-1.011872595
0.298928556	-1.016202873
0.298932891	-1.020533151
0.298937227	-1.024863429
0.298941562	-1.029193707
0.298945897	-1.033523985
0.298950232	-1.037854263
0.298954567	-1.042184541
0.298958902	-1.046514819
0.298963237	-1.050845098
0.298967572	-1.055175376
0.298971907	-1.059505654
0.298976242	-1.063835932
0.298980578	-1.068166210
0.298984913	-1.072496488
0.298989248	-1.076826766
0.298993583	-1.081157044
0.298997918	-1.085487322
0.299002253	-1.089817600
0.299006588	-1.094147879
0.299010923	-1.098478157
0.299015258	-1.102808435
0.299019593	-1.107138713
0.299023928	-1.111468991
0.299028264	-1.115799269
0.299032599	-1.120129547
0.299036934	-1.124459825
0.299041269	-1.128790103
0.299045604	-1.133120381
0.299049939	-1.137450659
0.299054274	-1.141780938
0.299058609	-1.146111216
0.299062944	-1.150441494
0.299067279	-1.154771772
0.299071614	-1.159102050
0.299075950	-1.163432328
0.299080285	-1.167762606
0.299084620	-1.172092884
0.299088955	-1.176423162
0.299093290	-1.180753440
0.299097625	-1.185083719
0.299101960	-1.189413997
0.299106295	-1.193744275
0.299110630	-1.198074553
0.299114965	-1.202404831
0.299119301	-1.206735109
0.299123636	-1.211065387
0.299127971	-1.215395665
0.299132306	-1.219725943
0.299136641	-1.224056221
0.299140976	-1.228386500
0.299145311	-1.232716778
0.299149646	-1.237047056
0.299153981	-1.241377334
0.299158316	-1.245707612
0.299162651	-1.250037890
0.299166987	-1.254368168
0.299171322	-1.258698446
0.299175657	-1.263028724
0.299179992	-1.267359002
0.299184327	-1.271689280
0.299188662	-1.276019559
0.299192997	-1.280349837
0.299197332	-1.284680115
0.299201667	-1.289010393
0.299206002	-1.293340671
0.299210338	-1.297670949
0.299214673	-1.302001227
0.299219008	-1.306331505
0.299223343	-1.310661783
0.299227678	-1.314992061
0.299232013	-1.319322340
0.299236348	-1.323652618
0.299240683	-1.327982896
0.299911178	-0.708748311
0.299915513	-0.713078589
0.299919848	-0.717408867
0.299924183	-0.721739146
0.299928518	-0.726069424
0.299932853	-0.730399702
0.299937188	-0.734729980
0.299941524	-0.739060258
0.299945859	-0.743390536
0.299950194	-0.747720814
0.299954529	-0.752051092
0.299958864	-0.756381370
0.299963199	-0.760711648
0.299967534	-0.765041926
0.299971869	-0.769372205
0.299976204	-0.773702483
0.299980539	-0.778032761
0.299984874	-0.782363039
0.299989210	-0.786693317
0.299993545	-0.791023595
0.299997880	-0.795353873
0.300002215	-0.799684151
0.300006550	-0.804014429
0.300010885	-0.808344707
0.300015220	-0.812674986
0.300019555	-0.817005264
0.300023890	-0.821335542
0.300028225	-0.825665820
0.300032561	-0.829996098
0.300036896	-0.834326376
0.300041231	-0.838656654
0.300045566	-0.842986932
0.300049901	-0.847317210
0.300054236	-0.851647488
0.300058571	-0.855977767
0.300062906	-0.860308045
0.300067241	-0.864638323
0.300071576	-0.868968601
0.300075911	-0.873298879
0.300080247	-0.877629157
0.300084582	-0.881959435
0.300088917	-0.886289713
0.300093252	-0.890619991
0.300097587	-0.894950269
0.300101922	-0.899280547
0.300106257	-0.903610826
0.300110592	-0.907941104
0.300114927	-0.912271382
0.300119262	-0.916601660
0.300123598	-0.920931938
0.300127933	-0.925262216
0.300132268	-0.929592494
0.300136603	-0.933922772
0.300140938	-0.938253050
0.300145273	-0.942583328
0.300149608	-0.946913607
0.300153943	-0.951243885
0.300158278	-0.955574163
0.300162613	-0.959904441
0.300166948	-0.964234719
0.300171284	-0.968564997
0.300175619	-0.972895275
0.300179954	-0.977225553
0.300184289	-0.981555831
0.300188624	-0.985886109
0.300192959	-0.990216387
0.300197294	-0.994546666
0.300201629	-0.998876944
0.300205964	-1.003207222
0.300210299	-1.007537500
0.300214635	-1.011867778
0.300218970	-1.016198056
0.300223305	-1.020528334
0.300227640	-1.024858612
0.300231975	-1.029188890
0.300236310	-1.033519168
0.300240645	-1.037849447
0.300244980	-1.042179725
0.300249315	-1.046510003
0.300253650	-1.050840281
0.300257985	-1.055170559
0.300262321	-1.059500837
0.300266656	-1.063831115
0.300270991	-1.068161393
0.300275326	-1.072491671
0.300279661	-1.076821949
0.300283996	-1.081152227
0.300288331	-1.085482506
0.300292666	-1.089812784
0.300297001	-1.094143062
0.300301336	-1.098473340
0.300305672	-1.102803618
0.300310007	-1.107133896
0.300314342	-1.111464174
0.300318677	-1.115794452
0.300323012	-1.120124730
0.300327347	-1.124455008
0.300331682	-1.128785287
0.300336017	-1.133115565
0.300340352	-1.137445843
0.300344687	-1.141776121
0.300349022	-1.146106399
0.300353358	-1.150436677
0.300357693	-1.154766955
0.300362028	-1.159097233
0.300366363	-1.163427511
0.300370698	-1.167757789
0.300375033	-1.172088067
0.300379368	-1.176418346
0.300383703	-1.180748624
0.300388038	-1.185078902
0.300392373	-1.189409180
0.300396708	-1.193739458
0.300401044	-1.198069736
0.300405379	-1.202400014
0.300409714	-1.206730292
0.300414049	-1.211060570
0.300418384	-1.215390848
0.300422719	-1.219721127
0.300427054	-1.224051405
0.300431389	-1.228381683
0.300435724	-1.232711961
0.300440059	-1.237042239
0.300444395	-1.241372517
0.300448730	-1.245702795
0.300453065	-1.250033073
0.300457400	-1.254363351
0.300461735	-1.258693629
0.300466070	-1.263023907
0.300470405	-1.267354186
0.300474740	-1.271684464
0.300479075	-1.276014742
0.300483410	-1.280345020
0.300487745	-1.284675298
0.300492081	-1.289005576
0.300496416	-1.293335854
0.300500751	-1.297666132
0.300505086	-1.301996410
0.300509421	-1.306326688
0.300513756	-1.310656967
0.300518091	-1.314987245
0.300522426	-1.319317523
0.300526761	-1.323647801
0.300531096	-1.327978079
0.300535432	-1.332308357
0.300539767	-1.336638635
0.301201591	-0.708743494
0.301205926	-0.713073773
0.301210261	-0.717404051
0.301214596	-0.721734329
0.301218931	-0.726064607
0.301223267	-0.730394885
0.301227602	-0.734725163
0.301231937	-0.739055441
0.301236272	-0.743385719
0.301240607	-0.747715997
0.301244942	-0.752046275
0.301249277	-0.756376554
0.301253612	-0.760706832
0.301257947	-0.765037110
0.301262282	-0.769367388
0.301266618	-0.773697666
0.301270953	-0.778027944
0.301275288	-0.782358222
0.301279623	-0.786688500
0.301283958	-0.791018778
0.301288293	-0.795349056
0.301292628	-0.799679334
0.301296963	-0.804009613
0.301301298	-0.808339891
0.301305633	-0.812670169
0.301309968	-0.817000447
0.301314304	-0.821330725
0.301318639	-0.825661003
0.301322974	-0.829991281
0.301327309	-0.834321559
0.301331644	-0.838651837
0.301335979	-0.842982115
0.301340314	-0.847312394
0.301344649	-0.851642672
0.301348984	-0.855972950
0.301353319	-0.860303228
0.301357655	-0.864633506
0.301361990	-0.868963784
0.301366325	-0.873294062
0.301370660	-0.877624340
0.301374995	-0.881954618
0.301379330	-0.886284896
0.301383665	-0.890615174
0.301388000	-0.894945453
0.301392335	-0.899275731
0.301396670	-0.903606009
0.301401005	-0.907936287
0.301405341	-0.912266565
0.301409676	-0.916596843
0.301414011	-0.920927121
0.301418346	-0.925257399
0.301422681	-0.929587677
0.301427016	-0.933917955
0.301431351	-0.938248234
0.301435686	-0.942578512
0.301440021	-0.946908790
0.301444356	-0.951239068
0.301448692	-0.955569346
0.301453027	-0.959899624
0.301457362	-0.964229902
0.301461697	-0.968560180
0.301466032	-0.972890458
0.301470367	-0.977220736
0.301474702	-0.981551015
0.301479037	-0.985881293
0.301483372	-0.990211571
0.301487707	-0.994541849
0.301492042	-0.998872127
0.301496378	-1.003202405
0.301500713	-1.007532683
0.301505048	-1.011862961
0.301509383	-1.016193239
0.301513718	-1.020523517
0.301518053	-1.024853795
0.301522388	-1.029184074
0.301526723	-1.033514352
0.301531058	-1.037844630
0.301535393	-1.042174908
0.301539729	-1.046505186
0.301544064	-1.050835464
0.301548399	-1.055165742
0.301552734	-1.059496020
0.301557069	-1.063826298
0.301561404	-1.068156576
0.301565739	-1.072486855
0.301570074	-1.076817133
0.301574409	-1.081147411
0.301578744	-1.085477689
0.301583079	-1.089807967
0.301587415	-1.094138245
0.301591750	-1.098468523
0.301596085	-1.102798801
0.301600420	-1.107129079
0.301604755	-1.111459357
0.301609090	-1.115789635
0.301613425	-1.120119914
0.301617760	-1.124450192
0.301622095	-1.128780470
0.301626430	-1.133110748
0.301630765	-1.137441026
0.301635101	-1.141771304
0.301639436	-1.146101582
0.301643771	-1.150431860
0.301648106	-1.154762138
0.301652441	-1.159092416
0.301656776	-1.163422695
0.301661111	-1.167752973
0.301665446	-1.172083251
0.301669781	-1.176413529
0.301674116	-1.180743807
0.301678452	-1.185074085
0.301682787	-1.189404363
0.301687122	-1.193734641
0.301691457	-1.198064919
0.301695792	-1.202395197
0.301700127	-1.206725475
0.301704462	-1.211055754
0.301708797	-1.215386032
0.301713132	-1.219716310
0.301717467	-1.224046588
0.301721802	-1.228376866
0.301726138	-1.232707144
0.301730473	-1.237037422
0.301734808	-1.241367700
0.301739143	-1.245697978
0.301743478	-1.250028256
0.301747813	-1.254358535
0.301752148	-1.258688813
0.301756483	-1.263019091
0.301760818	-1.267349369
0.301765153	-1.271679647
0.301769489	-1.276009925
0.301773824	-1.280340203
0.301778159	-1.284670481
0.301782494	-1.289000759
0.301786829	-1.293331037
0.301791164	-1.297661315
0.301795499	-1.301991594
0.301799834	-1.306321872
0.301804169	-1.310652150
0.301808504	-1.314982428
0.301812839	-1.319312706
0.301817175	-1.323642984
0.301821510	-1.327973262
0.301825845	-1.332303540
0.301830180	-1.336633818
0.301834515	-1.340964096
0.301838850	-1.345294375
0.302496339	-0.713068956
0.302500675	-0.717399234
0.302505010	-0.721729512
0.302509345	-0.726059790
0.302513680	-0.730390068
0.302518015	-0.734720346
0.302522350	-0.739050624
0.302526685	-0.743380902
0.302531020	-0.747711181
0.302535355	-0.752041459
0.302539690	-0.756371737
0.302544025	-0.760702015
0.302548361	-0.765032293
0.302552696	-0.769362571
0.302557031	-0.773692849
0.302561366	-0.778023127
0.302565701	-0.782353405
0.302570036	-0.786683683
0.302574371	-0.791013962
0.302578706	-0.795344240
0.302583041	-0.799674518
0.302587376	-0.804004796
0.302591712	-0.808335074
0.302596047	-0.812665352
0.302600382	-0.816995630
0.302604717	-0.821325908
0.302609052	-0.825656186
0.302613387	-0.829986464
0.302617722	-0.834316742
0.302622057	-0.838647021
0.302626392	-0.842977299
0.302630727	-0.847307577
0.302635062	-0.851637855
0.302639398	-0.855968133
0.302643733	-0.860298411
0.302648068	-0.864628689
0.302652403	-0.868958967
0.302656738	-0.873289245
0.302661073	-0.877619523
0.302665408	-0.881949802
0.302669743	-0.886280080
0.302674078	-0.890610358
0.302678413	-0.894940636
0.302682749	-0.899270914
0.302687084	-0.903601192
0.302691419	-0.907931470
0.302695754	-0.912261748
0.302700089	-0.916592026
0.302704424	-0.920922304
0.302708759	-0.925252582
0.302713094	-0.929582861
0.302717429	-0.933913139
0.302721764	-0.938243417
0.302726099	-0.942573695
0.302730435	-0.946903973
0.302734770	-0.951234251
0.302739105	-0.955564529
0.302743440	-0.959894807
0.302747775	-0.964225085
0.302752110	-0.968555363
0.302756445	-0.972885642
0.302760780	-0.977215920
0.302765115	-0.981546198
0.302769450	-0.985876476
0.302773786	-0.990206754
0.302778121	-0.994537032
0.302782456	-0.998867310
0.302786791	-1.003197588
0.302791126	-1.007527866
0.302795461	-1.011858144
0.302799796	-1.016188423
0.302804131	-1.020518701
0.302808466	-1.024848979
0.302812801	-1.029179257
0.302817136	-1.033509535
0.302821472	-1.037839813
0.302825807	-1.042170091
0.302830142	-1.046500369
0.302834477	-1.050830647
0.302838812	-1.055160925
0.302843147	-1.059491203
0.302847482	-1.063821482
0.302851817	-1.068151760
0.302856152	-1.072482038
0.302860487	-1.076812316
0.302864823	-1.081142594
0.302869158	-1.085472872
0.302873493	-1.089803150
0.302877828	-1.094133428
0.302882163	-1.098463706
0.302886498	-1.102793984
0.302890833	-1.107124263
0.302895168	-1.111454541
0.302899503	-1.115784819
0.302903838	-1.120115097
0.302908173	-1.124445375
0.302912509	-1.128775653
0.302916844	-1.133105931
0.302921179	-1.137436209
0.302925514	-1.141766487
0.302929849	-1.146096765
0.302934184	-1.150427043
0.302938519	-1.154757322
0.302942854	-1.159087600
0.302947189	-1.163417878
0.302951524	-1.167748156
0.302955859	-1.172078434
0.302960195	-1.176408712
0.302964530	-1.180738990
0.302968865	-1.185069268
0.302973200	-1.189399546
0.302977535	-1.193729824
0.302981870	-1.198060103
0.302986205	-1.202390381
0.302990540	-1.206720659
0.302994875	-1.211050937
0.302999210	-1.215381215
0.303003546	-1.219711493
0.303007881	-1.224041771
0.303012216	-1.228372049
0.303016551	-1.232702327
0.303020886	-1.237032605
0.303025221	-1.241362883
0.303029556	-1.245693162
0.303033891	-1.250023440
0.303038226	-1.254353718
0.303042561	-1.258683996
0.303046896	-1.263014274
0.303051232	-1.267344552
0.303055567	-1.271674830
0.303059902	-1.276005108
0.303064237	-1.280335386
0.303068572	-1.284665664
0.303072907	-1.288995943
0.303077242	-1.293326221
0.303081577	-1.297656499
0.303085912	-1.301986777
0.303090247	-1.306317055
0.303094583	-1.310647333
0.303098918	-1.314977611
0.303103253	-1.319307889
0.303107588	-1.323638167
0.303111923	-1.327968445
0.303116258	-1.332298723
0.303120593	-1.336629002
0.303124928	-1.340959280
0.303129263	-1.345289558
0.303133598	-1.349619836
0.303791088	-0.717394417
0.303795423	-0.721724695
0.303799758	-0.726054973
0.303804093	-0.730385251
0.303808428	-0.734715530
0.303812763	-0.739045808
0.303817098	-0.743376086
0.303821433	-0.747706364
0.303825769	-0.752036642
0.303830104	-0.756366920
0.303834439	-0.760697198
0.303838774	-0.765027476
0.303843109	-0.769357754
0.303847444	-0.773688032
0.303851779	-0.778018310
0.303856114	-0.782348589
0.303860449	-0.786678867
0.303864784	-0.791009145
0.303869119	-0.795339423
0.303873455	-0.799669701
0.303877790	-0.803999979
0.303882125	-0.808330257
0.303886460	-0.812660535
0.303890795	-0.816990813
0.303895130	-0.821321091
0.303899465	-0.825651370
0.303903800	-0.829981648
0.303908135	-0.834311926
0.303912470	-0.838642204
0.303916806	-0.842972482
0.303921141	-0.847302760
0.303925476	-0.851633038
0.303929811	-0.855963316
0.303934146	-0.860293594
0.303938481	-0.864623872
0.303942816	-0.868954150
0.303947151	-0.873284429
0.303951486	-0.877614707
0.303955821	-0.881944985
0.303960156	-0.886275263
0.303964492	-0.890605541
0.303968827	-0.894935819
0.303973162	-0.899266097
0.303977497	-0.903596375
0.303981832	-0.907926653
0.303986167	-0.912256931
0.303990502	-0.916587210
0.303994837	-0.920917488
0.303999172	-0.925247766
0.304003507	-0.929578044
0.304007843	-0.933908322
0.304012178	-0.938238600
0.304016513	-0.942568878
0.304020848	-0.946899156
0.304025183	-0.951229434
0.304029518	-0.955559712
0.304033853	-0.959889990
0.304038188	-0.964220269
0.304042523	-0.968550547
0.304046858	-0.972880825
0.304051193	-0.977211103
0.304055529	-0.981541381
0.304059864	-0.985871659
0.304064199	-0.990201937
0.304068534	-0.994532215
0.304072869	-0.998862493
0.304077204	-1.003192771
0.304081539	-1.007523050
0.304085874	-1.011853328
0.304090209	-1.016183606
0.304094544	-1.020513884
0.304098880	-1.024844162
0.304103215	-1.029174440
0.304107550	-1.033504718
0.304111885	-1.037834996
0.304116220	-1.042165274
0.304120555	-1.046495552
0.304124890	-1.050825830
0.304129225	-1.055156109
0.304133560	-1.059486387
0.304137895	-1.063816665
0.304142230	-1.068146943
0.304146566	-1.072477221
0.304150901	-1.076807499
0.304155236	-1.081137777
0.304159571	-1.085468055
0.304163906	-1.089798333
0.304168241	-1.094128611
0.304172576	-1.098458890
0.304176911	-1.102789168
0.304181246	-1.107119446
0.304185581	-1.111449724
0.304189917	-1.115780002
0.304194252	-1.120110280
0.304198587	-1.124440558
0.304202922	-1.128770836
0.304207257	-1.133101114
0.304211592	-1.137431392
0.304215927	-1.141761671
0.304220262	-1.146091949
0.304224597	-1.150422227
0.304228932	-1.154752505
0.304233267	-1.159082783
0.304237603	-1.163413061
0.304241938	-1.167743339
0.304246273	-1.172073617
0.304250608	-1.176403895
0.304254943	-1.180734173
0.304259278	-1.185064451
0.304263613	-1.189394730
0.304267948	-1.193725008
0.304272283	-1.198055286
0.304276618	-1.202385564
0.304280953	-1.206715842
0.304285289	-1.211046120
0.304289624	-1.215376398
0.304293959	-1.219706676
0.304298294	-1.224036954
0.304302629	-1.228367232
0.304306964	-1.232697511
0.304311299	-1.237027789
0.304315634	-1.241358067
0.304319969	-1.245688345
0.304324304	-1.250018623
0.304328640	-1.254348901
0.304332975	-1.258679179
0.304337310	-1.263009457
0.304341645	-1.267339735
0.304345980	-1.271670013
0.304350315	-1.276000291
0.304354650	-1.280330570
0.304358985	-1.284660848
0.304363320	-1.288991126
0.304367655	-1.293321404
0.304371990	-1.297651682
0.304376326	-1.301981960
0.304380661	-1.306312238
0.304384996	-1.310642516
0.304389331	-1.314972794
0.304393666	-1.319303072
0.304398001	-1.323633351
0.304402336	-1.327963629
0.304406671	-1.332293907
0.304411006	-1.336624185
0.304415341	-1.340954463
0.304419677	-1.345284741
0.304424012	-1.349615019
0.304428347	-1.353945297
0.305085836	-0.721719878
0.305090171	-0.726050157
0.305094506	-0.730380435
0.305098841	-0.734710713
0.305103176	-0.739040991
0.305107512	-0.743371269
0.305111847	-0.747701547
0.305116182	-0.752031825
0.305120517	-0.756362103
0.305124852	-0.760692381
0.305129187	-0.765022659
0.305133522	-0.769352938
0.305137857	-0.773683216
0.305142192	-0.778013494
0.305146527	-0.782343772
0.305150863	-0.786674050
0.305155198	-0.791004328
0.305159533	-0.795334606
0.305163868	-0.799664884
0.305168203	-0.803995162
0.305172538	-0.808325440
0.305176873	-0.812655718
0.305181208	-0.816985997
0.305185543	-0.821316275
0.305189878	-0.825646553
0.305194213	-0.829976831
0.305198549	-0.834307109
0.305202884	-0.838637387
0.305207219	-0.842967665
0.305211554	-0.847297943
0.305215889	-0.851628221
0.305220224	-0.855958499
0.305224559	-0.860288778
0.305228894	-0.864619056
0.305233229	-0.868949334
0.305237564	-0.873279612
0.305241900	-0.877609890
0.305246235	-0.881940168
0.305250570	-0.886270446
0.305254905	-0.890600724
0.305259240	-0.894931002
0.305263575	-0.899261280
0.305267910	-0.903591558
0.305272245	-0.907921837
0.305276580	-0.912252115
0.305280915	-0.916582393
0.305285250	-0.920912671
0.305289586	-0.925242949
0.305293921	-0.929573227
0.305298256	-0.933903505
0.305302591	-0.938233783
0.305306926	-0.942564061
0.305311261	-0.946894339
0.305315596	-0.951224618
0.305319931	-0.955554896
0.305324266	-0.959885174
0.305328601	-0.964215452
0.305332937	-0.968545730
0.305337272	-0.972876008
0.305341607	-0.977206286
0.305345942	-0.981536564
0.305350277	-0.985866842
0.305354612	-0.990197120
0.305358947	-0.994527398
0.305363282	-0.998857677
0.305367617	-1.003187955
0.305371952	-1.007518233
0.305376287	-1.011848511
0.305380623	-1.016178789
0.305384958	-1.020509067
0.305389293	-1.024839345
0.305393628	-1.029169623
0.305397963	-1.033499901
0.305402298	-1.037830179
0.305406633	-1.042160458
0.305410968	-1.046490736
0.305415303	-1.050821014
0.305419638	-1.055151292
0.305423974	-1.059481570
0.305428309	-1.063811848
0.305432644	-1.068142126
0.305436979	-1.072472404
0.305441314	-1.076802682
0.305445649	-1.081132960
0.305449984	-1.085463238
0.305454319	-1.089793517
0.305458654	-1.094123795
0.305462989	-1.098454073
0.305467324	-1.102784351
0.305471660	-1.107114629
0.305475995	-1.111444907
0.305480330	-1.115775185
0.305484665	-1.120105463
0.305489000	-1.124435741
0.305493335	-1.128766019
0.305497670	-1.133096298
0.305502005	-1.137426576
0.305506340	-1.141756854
0.305510675	-1.146087132
0.305515010	-1.150417410
0.305519346	-1.154747688
0.305523681	-1.159077966
0.305528016	-1.163408244
0.305532351	-1.167738522
0.305536686	-1.172068800
0.305541021	-1.176399078
0.305545356	-1.180729357
0.305549691	-1.185059635
0.305554026	-1.189389913
0.305558361	-1.193720191
0.305562697	-1.198050469
0.305567032	-1.202380747
0.305571367	-1.206711025
0.305575702	-1.211041303
0.305580037	-1.215371581
0.305584372	-1.219701859
0.305588707	-1.224032138
0.305593042	-1.228362416
0.305597377	-1.232692694
0.305601712	-1.237022972
0.305606047	-1.241353250
0.305610383	-1.245683528
0.305614718	-1.250013806
0.305619053	-1.254344084
0.305623388	-1.258674362
0.305627723	-1.263004640
0.305632058	-1.267334919
0.305636393	-1.271665197
0.305640728	-1.275995475
0.305645063	-1.280325753
0.305649398	-1.284656031
0.305653734	-1.288986309
0.305658069	-1.293316587
0.305662404	-1.297646865
0.305666739	-1.301977143
0.305671074	-1.306307421
0.305675409	-1.310637699
0.305679744	-1.314967978
0.305684079	-1.319298256
0.305688414	-1.323628534
0.305692749	-1.327958812
0.305697084	-1.332289090
0.305701420	-1.336619368
0.305705755	-1.340949646
0.305710090	-1.345279924
0.305714425	-1.349610202
0.305718760	-1.353940480
0.305723095	-1.358270759
0.305727430	-1.362601037
0.306380584	-0.726045340
0.306384920	-0.730375618
0.306389255	-0.734705896
0.306393590	-0.739036174
0.306397925	-0.743366452
0.306402260	-0.747696730
0.306406595	-0.752027008
0.306410930	-0.756357286
0.306415265	-0.760687565
0.306419600	-0.765017843
0.306423935	-0.769348121
0.306428270	-0.773678399
0.306432606	-0.778008677
0.306436941	-0.782338955
0.306441276	-0.786669233
0.306445611	-0.790999511
0.306449946	-0.795329789
0.306454281	-0.799660067
0.306458616	-0.803990345
0.306462951	-0.808320624
0.306467286	-0.812650902
0.306471621	-0.816981180
0.306475957	-0.821311458
0.306480292	-0.825641736
0.306484627	-0.829972014
0.306488962	-0.834302292
0.306493297	-0.838632570
0.306497632	-0.842962848
0.306501967	-0.847293126
0.306506302	-0.851623405
0.306510637	-0.855953683
0.306514972	-0.860283961
0.306519307	-0.864614239
0.306523643	-0.868944517
0.306527978	-0.873274795
0.306532313	-0.877605073
0.306536648	-0.881935351
0.306540983	-0.886265629
0.306545318	-0.890595907
0.306549653	-0.894926186
0.306553988	-0.899256464
0.306558323	-0.903586742
0.306562658	-0.907917020
0.306566994	-0.912247298
0.306571329	-0.916577576
0.306575664	-0.920907854
0.306579999	-0.925238132
0.306584334	-0.929568410
0.306588669	-0.933898688
0.306593004	-0.938228966
0.306597339	-0.942559245
0.306601674	-0.946889523
0.306606009	-0.951219801
0.306610344	-0.955550079
0.306614680	-0.959880357
0.306619015	-0.964210635
0.306623350	-0.968540913
0.306627685	-0.972871191
0.306632020	-0.977201469
0.306636355	-0.981531747
0.306640690	-0.985862026
0.306645025	-0.990192304
0.306649360	-0.994522582
0.306653695	-0.998852860
0.306658031	-1.003183138
0.306662366	-1.007513416
0.306666701	-1.011843694
0.306671036	-1.016173972
0.306675371	-1.020504250
0.306679706	-1.024834528
0.306684041	-1.029164806
0.306688376	-1.033495085
0.306692711	-1.037825363
0.306697046	-1.042155641
0.306701381	-1.046485919
0.306705717	-1.050816197
0.306710052	-1.055146475
0.306714387	-1.059476753
0.306718722	-1.063807031
0.306723057	-1.068137309
0.306727392	-1.072467587
0.306731727	-1.076797866
0.306736062	-1.081128144
0.306740397	-1.085458422
0.306744732	-1.089788700
0.306749068	-1.094118978
0.306753403	-1.098449256
0.306757738	-1.102779534
0.306762073	-1.107109812
0.306766408	-1.111440090
0.306770743	-1.115770368
0.306775078	-1.120100646
0.306779413	-1.124430925
0.306783748	-1.128761203
0.306788083	-1.133091481
0.306792418	-1.137421759
0.306796754	-1.141752037
0.306801089	-1.146082315
0.306805424	-1.150412593
0.306809759	-1.154742871
0.306814094	-1.159073149
0.306818429	-1.163403427
0.306822764	-1.167733706
0.306827099	-1.172063984
0.306831434	-1.176394262
0.306835769	-1.180724540
0.306840104	-1.185054818
0.306844440	-1.189385096
0.306848775	-1.193715374
0.306853110	-1.198045652
0.306857445	-1.202375930
0.306861780	-1.206706208
0.306866115	-1.211036486
0.306870450	-1.215366765
0.306874785	-1.219697043
0.306879120	-1.224027321
0.306883455	-1.228357599
0.306887791	-1.232687877
0.306892126	-1.237018155
0.306896461	-1.241348433
0.306900796	-1.245678711
0.306905131	-1.250008989
0.306909466	-1.254339267
0.306913801	-1.258669546
0.306918136	-1.262999824
0.306922471	-1.267330102
0.306926806	-1.271660380
0.306931141	-1.275990658
0.306935477	-1.280320936
0.306939812	-1.284651214
0.306944147	-1.288981492
0.306948482	-1.293311770
0.306952817	-1.297642048
0.306957152	-1.301972326
0.306961487	-1.306302605
0.306965822	-1.310632883
0.306970157	-1.314963161
0.306974492	-1.319293439
0.306978828	-1.323623717
0.306983163	-1.327953995
0.306987498	-1.332284273
0.306991833	-1.336614551
0.306996168	-1.340944829
0.307000503	-1.345275107
0.307004838	-1.349605386
0.307009173	-1.353935664
0.307013508	-1.358265942
0.307017843	-1.362596220
0.307022178	-1.366926498
0.307675333	-0.730370801
0.307679668	-0.734701079
0.307684003	-0.739031357
0.307688338	-0.743361635
0.307692673	-0.747691913
0.307697008	-0.752022192
0.307701343	-0.756352470
0.307705678	-0.760682748
0.307710014	-0.765013026
0.307714349	-0.769343304
0.307718684	-0.773673582
0.307723019	-0.778003860
0.307727354	-0.782334138
0.307731689	-0.786664416
0.307736024	-0.790994694
0.307740359	-0.795324973
0.307744694	-0.799655251
0.307749029	-0.803985529
0.307753364	-0.808315807
0.307757700	-0.812646085
0.307762035	-0.816976363
0.307766370	-0.821306641
0.307770705	-0.825636919
0.307775040	-0.829967197
0.307779375	-0.834297475
0.307783710	-0.838627753
0.307788045	-0.842958032
0.307792380	-0.847288310
0.307796715	-0.851618588
0.307801051	-0.855948866
0.307805386	-0.860279144
0.307809721	-0.864609422
0.307814056	-0.868939700
0.307818391	-0.873269978
0.307822726	-0.877600256
0.307827061	-0.881930534
0.307831396	-0.886260813
0.307835731	-0.890591091
0.307840066	-0.894921369
0.307844401	-0.899251647
0.307848737	-0.903581925
0.307853072	-0.907912203
0.307857407	-0.912242481
0.307861742	-0.916572759
0.307866077	-0.920903037
0.307870412	-0.925233315
0.307874747	-0.929563594
0.307879082	-0.933893872
0.307883417	-0.938224150
0.307887752	-0.942554428
0.307892088	-0.946884706
0.307896423	-0.951214984
0.307900758	-0.955545262
0.307905093	-0.959875540
0.307909428	-0.964205818
0.307913763	-0.968536096
0.307918098	-0.972866374
0.307922433	-0.977196653
0.307926768	-0.981526931
0.307931103	-0.985857209
0.307935438	-0.990187487
0.307939774	-0.994517765
0.307944109	-0.998848043
0.307948444	-1.003178321
0.307952779	-1.007508599
0.307957114	-1.011838877
0.307961449	-1.016169155
0.307965784	-1.020499434
0.307970119	-1.024829712
0.307974454	-1.029159990
0.307978789	-1.033490268
0.307983125	-1.037820546
0.307987460	-1.042150824
0.307991795	-1.046481102
0.307996130	-1.050811380
0.308000465	-1.055141658
0.308004800	-1.059471936
0.308009135	-1.063802214
0.308013470	-1.068132493
0.308017805	-1.072462771
0.308022140	-1.076793049
0.308026475	-1.081123327
0.308030811	-1.085453605
0.308035146	-1.089783883
0.308039481	-1.094114161
0.308043816	-1.098444439
0.308048151	-1.102774717
0.308052486	-1.107104995
0.308056821	-1.111435274
0.308061156	-1.115765552
0.308065491	-1.120095830
0.308069826	-1.124426108
0.308074162	-1.128756386
0.308078497	-1.133086664
0.308082832	-1.137416942
0.308087167	-1.141747220
0.308091502	-1.146077498
0.308095837	-1.150407776
0.308100172	-1.154738054
0.308104507	-1.159068333
0.308108842	-1.163398611
0.308113177	-1.167728889
0.308117512	-1.172059167
0.308121848	-1.176389445
0.308126183	-1.180719723
0.308130518	-1.185050001
0.308134853	-1.189380279
0.308139188	-1.193710557
0.308143523	-1.198040835
0.308147858	-1.202371114
0.308152193	-1.206701392
0.308156528	-1.211031670
0.308160863	-1.215361948
0.308165198	-1.219692226
0.308169534	-1.224022504
0.308173869	-1.228352782
0.308178204	-1.232683060
0.308182539	-1.237013338
0.308186874	-1.241343616
0.308191209	-1.245673894
0.308195544	-1.250004173
0.308199879	-1.254334451
0.308204214	-1.258664729
0.308208549	-1.262995007
0.308212885	-1.267325285
0.308217220	-1.271655563
0.308221555	-1.275985841
0.308225890	-1.280316119
0.308230225	-1.284646397
0.308234560	-1.288976675
0.308238895	-1.293306954
0.308243230	-1.297637232
0.308247565	-1.301967510
0.308251900	-1.306297788
0.308256235	-1.310628066
0.308260571	-1.314958344
0.308264906	-1.319288622
0.308269241	-1.323618900
0.308273576	-1.327949178
0.308277911	-1.332279456
0.308282246	-1.336609734
0.308286581	-1.340940013
0.308290916	-1.345270291
0.308295251	-1.349600569
0.308299586	-1.353930847
0.308303922	-1.358261125
0.308308257	-1.362591403
0.308312592	-1.366921681
0.308316927	-1.371251959
0.308321262	-1.375582237
0.308965746	-0.730365984
0.308970081	-0.734696262
0.308974416	-0.739026541
0.308978751	-0.743356819
0.308983086	-0.747687097
0.308987421	-0.752017375
0.308991757	-0.756347653
0.308996092	-0.760677931
0.309000427	-0.765008209
0.309004762	-0.769338487
0.309009097	-0.773668765
0.309013432	-0.777999043
0.309017767	-0.782329321
0.309022102	-0.786659600
0.309026437	-0.790989878
0.309030772	-0.795320156
0.309035108	-0.799650434
0.309039443	-0.803980712
0.309043778	-0.808310990
0.309048113	-0.812641268
0.309052448	-0.816971546
0.309056783	-0.821301824
0.309061118	-0.825632102
0.309065453	-0.829962381
0.309069788	-0.834292659
0.309074123	-0.838622937
0.309078458	-0.842953215
0.309082794	-0.847283493
0.309087129	-0.851613771
0.309091464	-0.855944049
0.309095799	-0.860274327
0.309100134	-0.864604605
0.309104469	-0.868934883
0.309108804	-0.873265161
0.309113139	-0.877595440
0.309117474	-0.881925718
0.309121809	-0.886255996
0.309126145	-0.890586274
0.309130480	-0.894916552
0.309134815	-0.899246830
0.309139150	-0.903577108
0.309143485	-0.907907386
0.309147820	-0.912237664
0.309152155	-0.916567942
0.309156490	-0.920898221
0.309160825	-0.925228499
0.309165160	-0.929558777
0.309169495	-0.933889055
0.309173831	-0.938219333
0.309178166	-0.942549611
0.309182501	-0.946879889
0.309186836	-0.951210167
0.309191171	-0.955540445
0.309195506	-0.959870723
0.309199841	-0.964201001
0.309204176	-0.968531280
0.309208511	-0.972861558
0.309212846	-0.977191836
0.309217182	-0.981522114
0.309221517	-0.985852392
0.309225852	-0.990182670
0.309230187	-0.994512948
0.309234522	-0.998843226
0.309238857	-1.003173504
0.309243192	-1.007503782
0.309247527	-1.011834061
0.309251862	-1.016164339
0.309256197	-1.020494617
0.309260532	-1.024824895
0.309264868	-1.029155173
0.309269203	-1.033485451
0.309273538	-1.037815729
0.309277873	-1.042146007
0.309282208	-1.046476285
0.309286543	-1.050806563
0.309290878	-1.055136842
0.309295213	-1.059467120
0.309299548	-1.063797398
0.309303883	-1.068127676
0.309308219	-1.072457954
0.309312554	-1.076788232
0.309316889	-1.081118510
0.309321224	-1.085448788
0.309325559	-1.089779066
0.309329894	-1.094109344
0.309334229	-1.098439622
0.309338564	-1.102769901
0.309342899	-1.107100179
0.309347234	-1.111430457
0.309351569	-1.115760735
0.309355905	-1.120091013
0.309360240	-1.124421291
0.309364575	-1.128751569
0.309368910	-1.133081847
0.309373245	-1.137412125
0.309377580	-1.141742403
0.309381915	-1.146072682
0.309386250	-1.150402960
0.309390585	-1.154733238
0.309394920	-1.159063516
0.309399256	-1.163393794
0.309403591	-1.167724072
0.309407926	-1.172054350
0.309412261	-1.176384628
0.309416596	-1.180714906
0.309420931	-1.185045184
0.309425266	-1.189375462
0.309429601	-1.193705741
0.309433936	-1.198036019
0.309438271	-1.202366297
0.309442606	-1.206696575
0.309446942	-1.211026853
0.309451277	-1.215357131
0.309455612	-1.219687409
0.309459947	-1.224017687
0.309464282	-1.228347965
0.309468617	-1.232678243
0.309472952	-1.237008522
0.309477287	-1.241338800
0.309481622	-1.245669078
0.309485957	-1.249999356
0.309490292	-1.254329634
0.309494628	-1.258659912
0.309498963	-1.262990190
0.309503298	-1.267320468
0.309507633	-1.271650746
0.309511968	-1.275981024
0.309516303	-1.280311302
0.309520638	-1.284641581
0.309524973	-1.288971859
0.309529308	-1.293302137
0.309533643	-1.297632415
0.309537979	-1.301962693
0.309542314	-1.306292971
0.309546649	-1.310623249
0.309550984	-1.314953527
0.309555319	-1.319283805
0.309559654	-1.323614083
0.309563989	-1.327944362
0.309568324	-1.332274640
0.309572659	-1.336604918
0.309576994	-1.340935196
0.309581329	-1.345265474
0.309585665	-1.349595752
0.309590000	-1.353926030
0.309594335	-1.358256308
0.309598670	-1.362586586
0.309603005	-1.366916864
0.309607340	-1.371247142
0.309611675	-1.375577421
0.309616010	-1.379907699
0.310260494	-0.734691446
0.310264829	-0.739021724
0.310269165	-0.743352002
0.310273500	-0.747682280
0.310277835	-0.752012558
0.310282170	-0.756342836
0.310286505	-0.760673114
0.310290840	-0.765003392
0.310295175	-0.769333670
0.310299510	-0.773663949
0.310303845	-0.777994227
0.310308180	-0.782324505
0.310312515	-0.786654783
0.310316851	-0.790985061
0.310321186	-0.795315339
0.310325521	-0.799645617
0.310329856	-0.803975895
0.310334191	-0.808306173
0.310338526	-0.812636451
0.310342861	-0.816966729
0.310347196	-0.821297008
0.310351531	-0.825627286
0.310355866	-0.829957564
0.310360202	-0.834287842
0.310364537	-0.838618120
0.310368872	-0.842948398
0.310373207	-0.847278676
0.310377542	-0.851608954
0.310381877	-0.855939232
0.310386212	-0.860269510
0.310390547	-0.864599789
0.310394882	-0.868930067
0.310399217	-0.873260345
0.310403552	-0.877590623
0.310407888	-0.881920901
0.310412223	-0.886251179
0.310416558	-0.890581457
0.310420893	-0.894911735
0.310425228	-0.899242013
0.310429563	-0.903572291
0.310433898	-0.907902569
0.310438233	-0.912232848
0.310442568	-0.916563126
0.310446903	-0.920893404
0.310451239	-0.925223682
0.310455574	-0.929553960
0.310459909	-0.933884238
0.310464244	-0.938214516
0.310468579	-0.942544794
0.310472914	-0.946875072
0.310477249	-0.951205350
0.310481584	-0.955535629
0.310485919	-0.959865907
0.310490254	-0.964196185
0.310494589	-0.968526463
0.310498925	-0.972856741
0.310503260	-0.977187019
0.310507595	-0.981517297
0.310511930	-0.985847575
0.310516265	-0.990177853
0.310520600	-0.994508131
0.310524935	-0.998838409
0.310529270	-1.003168688
0.310533605	-1.007498966
0.310537940	-1.011829244
0.310542276	-1.016159522
0.310546611	-1.020489800
0.310550946	-1.024820078
0.310555281	-1.029150356
0.310559616	-1.033480634
0.310563951	-1.037810912
0.310568286	-1.042141190
0.310572621	-1.046471469
0.310576956	-1.050801747
0.310581291	-1.055132025
0.310585626	-1.059462303
0.310589962	-1.063792581
0.310594297	-1.068122859
0.310598632	-1.072453137
0.310602967	-1.076783415
0.310607302	-1.081113693
0.310611637	-1.085443971
0.310615972	-1.089774249
0.310620307	-1.094104528
0.310624642	-1.098434806
0.310628977	-1.102765084
0.310633313	-1.107095362
0.310637648	-1.111425640
0.310641983	-1.115755918
0.310646318	-1.120086196
0.310650653	-1.124416474
0.310654988	-1.128746752
0.310659323	-1.133077030
0.310663658	-1.137407309
0.310667993	-1.141737587
0.310672328	-1.146067865
0.310676663	-1.150398143
0.310680999	-1.154728421
0.310685334	-1.159058699
0.310689669	-1.163388977
0.310694004	-1.167719255
0.310698339	-1.172049533
0.310702674	-1.176379811
0.310707009	-1.180710090
0.310711344	-1.185040368
0.310715679	-1.189370646
0.310720014	-1.193700924
0.310724349	-1.198031202
0.310728685	-1.202361480
0.310733020	-1.206691758
0.310737355	-1.211022036
0.310741690	-1.215352314
0.310746025	-1.219682592
0.310750360	-1.224012870
0.310754695	-1.228343149
0.310759030	-1.232673427
0.310763365	-1.237003705
0.310767700	-1.241333983
0.310772036	-1.245664261
0.310776371	-1.249994539
0.310780706	-1.254324817
0.310785041	-1.258655095
0.310789376	-1.262985373
0.310793711	-1.267315651
0.310798046	-1.271645930
0.310802381	-1.275976208
0.310806716	-1.280306486
0.310811051	-1.284636764
0.310815386	-1.288967042
0.310819722	-1.293297320
0.310824057	-1.297627598
0.310828392	-1.301957876
0.310832727	-1.306288154
0.310837062	-1.310618432
0.310841397	-1.314948710
0.310845732	-1.319278989
0.310850067	-1.323609267
0.310854402	-1.327939545
0.310858737	-1.332269823
0.310863073	-1.336600101
0.310867408	-1.340930379
0.310871743	-1.345260657
0.310876078	-1.349590935
0.310880413	-1.353921213
0.310884748	-1.358251491
0.310889083	-1.362581770
0.310893418	-1.366912048
0.310897753	-1.371242326
0.310902088	-1.375572604
0.310906423	-1.379902882
0.310910759	-1.384233160
0.310915094	-1.388563438
0.311555243	-0.739016907
0.311559578	-0.743347185
0.311563913	-0.747677463
0.311568248	-0.752007741
0.311572583	-0.756338019
0.311576918	-0.760668297
0.311581253	-0.764998576
0.311585588	-0.769328854
0.311589923	-0.773659132
0.311594259	-0.777989410
0.311598594	-0.782319688
0.311602929	-0.786649966
0.311607264	-0.790980244
0.311611599	-0.795310522
0.311615934	-0.799640800
0.311620269	-0.803971078
0.311624604	-0.808301357
0.311628939	-0.812631635
0.311633274	-0.816961913
0.311637609	-0.821292191
0.311641945	-0.825622469
0.311646280	-0.829952747
0.311650615	-0.834283025
0.311654950	-0.838613303
0.311659285	-0.842943581
0.311663620	-0.847273859
0.311667955	-0.851604137
0.311672290	-0.855934416
0.311676625	-0.860264694
0.311680960	-0.864594972
0.311685296	-0.868925250
0.311689631	-0.873255528
0.311693966	-0.877585806
0.311698301	-0.881916084
0.311702636	-0.886246362
0.311706971	-0.890576640
0.311711306	-0.894906918
0.311715641	-0.899237197
0.311719976	-0.903567475
0.311724311	-0.907897753
0.311728646	-0.912228031
0.311732982	-0.916558309
0.311737317	-0.920888587
0.311741652	-0.925218865
0.311745987	-0.929549143
0.311750322	-0.933879421
0.311754657	-0.938209699
0.311758992	-0.942539977
0.311763327	-0.946870256
0.311767662	-0.951200534
0.311771997	-0.955530812
0.311776333	-0.959861090
0.311780668	-0.964191368
0.311785003	-0.968521646
0.311789338	-0.972851924
0.311793673	-0.977182202
0.311798008	-0.981512480
0.311802343	-0.985842758
0.311806678	-0.990173037
0.311811013	-0.994503315
0.311815348	-0.998833593
0.311819683	-1.003163871
0.311824019	-1.007494149
0.311828354	-1.011824427
0.311832689	-1.016154705
0.311837024	-1.020484983
0.311841359	-1.024815261
0.311845694	-1.029145539
0.311850029	-1.033475817
0.311854364	-1.037806096
0.311858699	-1.042136374
0.311863034	-1.046466652
0.311867370	-1.050796930
0.311871705	-1.055127208
0.311876040	-1.059457486
0.311880375	-1.063787764
0.311884710	-1.068118042
0.311889045	-1.072448320
0.311893380	-1.076778598
0.311897715	-1.081108877
0.311902050	-1.085439155
0.311906385	-1.089769433
0.311910720	-1.094099711
0.311915056	-1.098429989
0.311919391	-1.102760267
0.311923726	-1.107090545
0.311928061	-1.111420823
0.311932396	-1.115751101
0.311936731	-1.120081379
0.311941066	-1.124411657
0.311945401	-1.128741936
0.311949736	-1.133072214
0.311954071	-1.137402492
0.311958407	-1.141732770
0.311962742	-1.146063048
0.311967077	-1.150393326
0.311971412	-1.154723604
0.311975747	-1.159053882
0.311980082	-1.163384160
0.311984417	-1.167714438
0.311988752	-1.172044717
0.311993087	-1.176374995
0.311997422	-1.180705273
0.312001757	-1.185035551
0.312006093	-1.189365829
0.312010428	-1.193696107
0.312014763	-1.198026385
0.312019098	-1.202356663
0.312023433	-1.206686941
0.312027768	-1.211017219
0.312032103	-1.215347497
0.312036438	-1.219677776
0.312040773	-1.224008054
0.312045108	-1.228338332
0.312049443	-1.232668610
0.312053779	-1.236998888
0.312058114	-1.241329166
0.312062449	-1.245659444
0.312066784	-1.249989722
0.312071119	-1.254320000
0.312075454	-1.258650278
0.312079789	-1.262980557
0.312084124	-1.267310835
0.312088459	-1.271641113
0.312092794	-1.275971391
0.312097130	-1.280301669
0.312101465	-1.284631947
0.312105800	-1.288962225
0.312110135	-1.293292503
0.312114470	-1.297622781
0.312118805	-1.301953059
0.312123140	-1.306283338
0.312127475	-1.310613616
0.312131810	-1.314943894
0.312136145	-1.319274172
0.312140480	-1.323604450
0.312144816	-1.327934728
0.312149151	-1.332265006
0.312153486	-1.336595284
0.312157821	-1.340925562
0.312162156	-1.345255840
0.312166491	-1.349586118
0.312170826	-1.353916397
0.312175161	-1.358246675
0.312179496	-1.362576953
0.312183831	-1.366907231
0.312188167	-1.371237509
0.312192502	-1.375567787
0.312196837	-1.379898065
0.312201172	-1.384228343
0.312205507	-1.388558621
0.312209842	-1.392888899
0.312849991	-0.743342368
0.312854326	-0.747672646
0.312858661	-0.752002924
0.312862996	-0.756333203
0.312867331	-0.760663481
0.312871666	-0.764993759
0.312876002	-0.769324037
0.312880337	-0.773654315
0.312884672	-0.777984593
0.312889007	-0.782314871
0.312893342	-0.786645149
0.312897677	-0.790975427
0.312902012	-0.795305705
0.312906347	-0.799635984
0.312910682	-0.803966262
0.312915017	-0.808296540
0.312919353	-0.812626818
0.312923688	-0.816957096
0.312928023	-0.821287374
0.312932358	-0.825617652
0.312936693	-0.829947930
0.312941028	-0.834278208
0.312945363	-0.838608486
0.312949698	-0.842938764
0.312954033	-0.847269043
0.312958368	-0.851599321
0.312962703	-0.855929599
0.312967039	-0.860259877
0.312971374	-0.864590155
0.312975709	-0.868920433
0.312980044	-0.873250711
0.312984379	-0.877580989
0.312988714	-0.881911267
0.312993049	-0.886241545
0.312997384	-0.890571824
0.313001719	-0.894902102
0.313006054	-0.899232380
0.313010390	-0.903562658
0.313014725	-0.907892936
0.313019060	-0.912223214
0.313023395	-0.916553492
0.313027730	-0.920883770
0.313032065	-0.925214048
0.313036400	-0.929544326
0.313040735	-0.933874605
0.313045070	-0.938204883
0.313049405	-0.942535161
0.313053740	-0.946865439
0.313058076	-0.951195717
0.313062411	-0.955525995
0.313066746	-0.959856273
0.313071081	-0.964186551
0.313075416	-0.968516829
0.313079751	-0.972847107
0.313084086	-0.977177385
0.313088421	-0.981507664
0.313092756	-0.985837942
0.313097091	-0.990168220
0.313101427	-0.994498498
0.313105762	-0.998828776
0.313110097	-1.003159054
0.313114432	-1.007489332
0.313118767	-1.011819610
0.313123102	-1.016149888
0.313127437	-1.020480166
0.313131772	-1.024810445
0.313136107	-1.029140723
0.313140442	-1.033471001
0.313144777	-1.037801279
0.313149113	-1.042131557
0.313153448	-1.046461835
0.313157783	-1.050792113
0.313162118	-1.055122391
0.313166453	-1.059452669
0.313170788	-1.063782947
0.313175123	-1.068113225
0.313179458	-1.072443504
0.313183793	-1.076773782
0.313188128	-1.081104060
0.313192464	-1.085434338
0.313196799	-1.089764616
0.313201134	-1.094094894
0.313205469	-1.098425172
0.313209804	-1.102755450
0.313214139	-1.107085728
0.313218474	-1.111416006
0.313222809	-1.115746285
0.313227144	-1.120076563
0.313231479	-1.124406841
0.313235814	-1.128737119
0.313240150	-1.133067397
0.313244485	-1.137397675
0.313248820	-1.141727953
0.313253155	-1.146058231
0.313257490	-1.150388509
0.313261825	-1.154718787
0.313266160	-1.159049065
0.313270495	-1.163379344
0.313274830	-1.167709622
0.313279165	-1.172039900
0.313283501	-1.176370178
0.313287836	-1.180700456
0.313292171	-1.185030734
0.313296506	-1.189361012
0.313300841	-1.193691290
0.313305176	-1.198021568
0.313309511	-1.202351846
0.313313846	-1.206682125
0.313318181	-1.211012403
0.313322516	-1.215342681
0.313326851	-1.219672959
0.313331187	-1.224003237
0.313335522	-1.228333515
0.313339857	-1.232663793
0.313344192	-1.236994071
0.313348527	-1.241324349
0.313352862	-1.245654627
0.313357197	-1.249984905
0.313361532	-1.254315184
0.313365867	-1.258645462
0.313370202	-1.262975740
0.313374537	-1.267306018
0.313378873	-1.271636296
0.313383208	-1.275966574
0.313387543	-1.280296852
0.313391878	-1.284627130
0.313396213	-1.288957408
0.313400548	-1.293287686
0.313404883	-1.297617965
0.313409218	-1.301948243
0.313413553	-1.306278521
0.313417888	-1.310608799
0.313422224	-1.314939077
0.313426559	-1.319269355
0.313430894	-1.323599633
0.313435229	-1.327929911
0.313439564	-1.332260189
0.313443899	-1.336590467
0.313448234	-1.340920745
0.313452569	-1.345251024
0.313456904	-1.349581302
0.313461239	-1.353911580
0.313465574	-1.358241858
0.313469910	-1.362572136
0.313474245	-1.366902414
0.313478580	-1.371232692
0.313482915	-1.375562970
0.313487250	-1.379893248
0.313491585	-1.384223526
0.313495920	-1.388553805
0.313500255	-1.392884083
0.313504590	-1.397214361
0.313508925	-1.401544639
0.314144739	-0.747667830
0.314149074	-0.751998108
0.314153410	-0.756328386
0.314157745	-0.760658664
0.314162080	-0.764988942
0.314166415	-0.769319220
0.314170750	-0.773649498
0.314175085	-0.777979776
0.314179420	-0.782310054
0.314183755	-0.786640332
0.314188090	-0.790970611
0.314192425	-0.795300889
0.314196760	-0.799631167
0.314201096	-0.803961445
0.314205431	-0.808291723
0.314209766	-0.812622001
0.314214101	-0.816952279
0.314218436	-0.821282557
0.314222771	-0.825612835
0.314227106	-0.829943113
0.314231441	-0.834273392
0.314235776	-0.838603670
0.314240111	-0.842933948
0.314244447	-0.847264226
0.314248782	-0.851594504
0.314253117	-0.855924782
0.314257452	-0.860255060
0.314261787	-0.864585338
0.314266122	-0.868915616
0.314270457	-0.873245894
0.314274792	-0.877576172
0.314279127	-0.881906451
0.314283462	-0.886236729
0.314287797	-0.890567007
0.314292133	-0.894897285
0.314296468	-0.899227563
0.314300803	-0.903557841
0.314305138	-0.907888119
0.314309473	-0.912218397
0.314313808	-0.916548675
0.314318143	-0.920878953
0.314322478	-0.925209232
0.314326813	-0.929539510
0.314331148	-0.933869788
0.314335484	-0.938200066
0.314339819	-0.942530344
0.314344154	-0.946860622
0.314348489	-0.951190900
0.314352824	-0.955521178
0.314357159	-0.959851456
0.314361494	-0.964181734
0.314365829	-0.968512013
0.314370164	-0.972842291
0.314374499	-0.977172569
0.314378834	-0.981502847
0.314383170	-0.985833125
0.314387505	-0.990163403
0.314391840	-0.994493681
0.314396175	-0.998823959
0.314400510	-1.003154237
0.314404845	-1.007484515
0.314409180	-1.011814793
0.314413515	-1.016145072
0.314417850	-1.020475350
0.314422185	-1.024805628
0.314426521	-1.029135906
0.314430856	-1.033466184
0.314435191	-1.037796462
0.314439526	-1.042126740
0.314443861	-1.046457018
0.314448196	-1.050787296
0.314452531	-1.055117574
0.314456866	-1.059447853
0.314461201	-1.063778131
0.314465536	-1.068108409
0.314469871	-1.072438687
0.314474207	-1.076768965
0.314478542	-1.081099243
0.314482877	-1.085429521
0.314487212	-1.089759799
0.314491547	-1.094090077
0.314495882	-1.098420355
0.314500217	-1.102750633
0.314504552	-1.107080912
0.314508887	-1.111411190
0.314513222	-1.115741468
0.314517558	-1.120071746
0.314521893	-1.124402024
0.314526228	-1.128732302
0.314530563	-1.133062580
0.314534898	-1.137392858
0.314539233	-1.141723136
0.314543568	-1.146053414
0.314547903	-1.150383693
0.314552238	-1.154713971
0.314556573	-1.159044249
0.314560908	-1.163374527
0.314565244	-1.167704805
0.314569579	-1.172035083
0.314573914	-1.176365361
0.314578249	-1.180695639
0.314582584	-1.185025917
0.314586919	-1.189356195
0.314591254	-1.193686473
0.314595589	-1.198016752
0.314599924	-1.202347030
0.314604259	-1.206677308
0.314608595	-1.211007586
0.314612930	-1.215337864
0.314617265	-1.219668142
0.314621600	-1.223998420
0.314625935	-1.228328698
0.314630270	-1.232658976
0.314634605	-1.236989254
0.314638940	-1.241319533
0.314643275	-1.245649811
0.314647610	-1.249980089
0.314651945	-1.254310367
0.314656281	-1.258640645
0.314660616	-1.262970923
0.314664951	-1.267301201
0.314669286	-1.271631479
0.314673621	-1.275961757
0.314677956	-1.280292035
0.314682291	-1.284622313
0.314686626	-1.288952592
0.314690961	-1.293282870
0.314695296	-1.297613148
0.314699631	-1.301943426
0.314703967	-1.306273704
0.314708302	-1.310603982
0.314712637	-1.314934260
0.314716972	-1.319264538
0.314721307	-1.323594816
0.314725642	-1.327925094
0.314729977	-1.332255373
0.314734312	-1.336585651
0.314738647	-1.340915929
0.314742982	-1.345246207
0.314747318	-1.349576485
0.314751653	-1.353906763
0.314755988	-1.358237041
0.314760323	-1.362567319
0.314764658	-1.366897597
0.314768993	-1.371227875
0.314773328	-1.375558153
0.314777663	-1.379888432
0.314781998	-1.384218710
0.314786333	-1.388548988
0.314790668	-1.392879266
0.314795004	-1.397209544
0.314799339	-1.401539822
0.314803674	-1.405870100
0.315439488	-0.751993291
0.315443823	-0.756323569
0.315448158	-0.760653847
0.315452493	-0.764984125
0.315456828	-0.769314403
0.315461163	-0.773644681
0.315465498	-0.777974960
0.315469833	-0.782305238
0.315474168	-0.786635516
0.315478504	-0.790965794
0.315482839	-0.795296072
0.315487174	-0.799626350
0.315491509	-0.803956628
0.315495844	-0.808286906
0.315500179	-0.812617184
0.315504514	-0.816947462
0.315508849	-0.821277740
0.315513184	-0.825608019
0.315517519	-0.829938297
0.315521854	-0.834268575
0.315526190	-0.838598853
0.315530525	-0.842929131
0.315534860	-0.847259409
0.315539195	-0.851589687
0.315543530	-0.855919965
0.315547865	-0.860250243
0.315552200	-0.864580521
0.315556535	-0.868910800
0.315560870	-0.873241078
0.315565205	-0.877571356
0.315569541	-0.881901634
0.315573876	-0.886231912
0.315578211	-0.890562190
0.315582546	-0.894892468
0.315586881	-0.899222746
0.315591216	-0.903553024
0.315595551	-0.907883302
0.315599886	-0.912213580
0.315604221	-0.916543859
0.315608556	-0.920874137
0.315612891	-0.925204415
0.315617227	-0.929534693
0.315621562	-0.933864971
0.315625897	-0.938195249
0.315630232	-0.942525527
0.315634567	-0.946855805
0.315638902	-0.951186083
0.315643237	-0.955516361
0.315647572	-0.959846640
0.315651907	-0.964176918
0.315656242	-0.968507196
0.315660578	-0.972837474
0.315664913	-0.977167752
0.315669248	-0.981498030
0.315673583	-0.985828308
0.315677918	-0.990158586
0.315682253	-0.994488864
0.315686588	-0.998819142
0.315690923	-1.003149420
0.315695258	-1.007479699
0.315699593	-1.011809977
0.315703928	-1.016140255
0.315708264	-1.020470533
0.315712599	-1.024800811
0.315716934	-1.029131089
0.315721269	-1.033461367
0.315725604	-1.037791645
0.315729939	-1.042121923
0.315734274	-1.046452201
0.315738609	-1.050782480
0.315742944	-1.055112758
0.315747279	-1.059443036
0.315751615	-1.063773314
0.315755950	-1.068103592
0.315760285	-1.072433870
0.315764620	-1.076764148
0.315768955	-1.081094426
0.315773290	-1.085424704
0.315777625	-1.089754982
0.315781960	-1.094085261
0.315786295	-1.098415539
0.315790630	-1.102745817
0.315794965	-1.107076095
0.315799301	-1.111406373
0.315803636	-1.115736651
0.315807971	-1.120066929
0.315812306	-1.124397207
0.315816641	-1.128727485
0.315820976	-1.133057763
0.315825311	-1.137388041
0.315829646	-1.141718320
0.315833981	-1.146048598
0.315838316	-1.150378876
0.315842652	-1.154709154
0.315846987	-1.159039432
0.315851322	-1.163369710
0.315855657	-1.167699988
0.315859992	-1.172030266
0.315864327	-1.176360544
0.315868662	-1.180690822
0.315872997	-1.185021101
0.315877332	-1.189351379
0.315881667	-1.193681657
0.315886002	-1.198011935
0.315890338	-1.202342213
0.315894673	-1.206672491
0.315899008	-1.211002769
0.315903343	-1.215333047
0.315907678	-1.219663325
0.315912013	-1.223993603
0.315916348	-1.228323881
0.315920683	-1.232654160
0.315925018	-1.236984438
0.315929353	-1.241314716
0.315933688	-1.245644994
0.315938024	-1.249975272
0.315942359	-1.254305550
0.315946694	-1.258635828
0.315951029	-1.262966106
0.315955364	-1.267296384
0.315959699	-1.271626662
0.315964034	-1.275956941
0.315968369	-1.280287219
0.315972704	-1.284617497
0.315977039	-1.288947775
0.315981375	-1.293278053
0.315985710	-1.297608331
0.315990045	-1.301938609
0.315994380	-1.306268887
0.315998715	-1.310599165
0.316003050	-1.314929443
0.316007385	-1.319259721
0.316011720	-1.323590000
0.316016055	-1.327920278
0.316020390	-1.332250556
0.316024725	-1.336580834
0.316029061	-1.340911112
0.316033396	-1.345241390
0.316037731	-1.349571668
0.316042066	-1.353901946
0.316046401	-1.358232224
0.316050736	-1.362562502
0.316055071	-1.366892781
0.316059406	-1.371223059
0.316063741	-1.375553337
0.316068076	-1.379883615
0.316072412	-1.384213893
0.316076747	-1.388544171
0.316081082	-1.392874449
0.316085417	-1.397204727
0.316089752	-1.401535005
0.316094087	-1.405865283
0.316098422	-1.410195561
0.316102757	-1.414525840
0.316734236	-0.756318752
0.316738571	-0.760649030
0.316742906	-0.764979308
0.316747241	-0.769309587
0.316751576	-0.773639865
0.316755911	-0.777970143
0.316760247	-0.782300421
0.316764582	-0.786630699
0.316768917	-0.790960977
0.316773252	-0.795291255
0.316777587	-0.799621533
0.316781922	-0.803951811
0.316786257	-0.808282089
0.316790592	-0.812612368
0.316794927	-0.816942646
0.316799262	-0.821272924
0.316803598	-0.825603202
0.316807933	-0.829933480
0.316812268	-0.834263758
0.316816603	-0.838594036
0.316820938	-0.842924314
0.316825273	-0.847254592
0.316829608	-0.851584870
0.316833943	-0.855915148
0.316838278	-0.860245427
0.316842613	-0.864575705
0.316846948	-0.868905983
0.316851284	-0.873236261
0.316855619	-0.877566539
0.316859954	-0.881896817
0.316864289	-0.886227095
0.316868624	-0.890557373
0.316872959	-0.894887651
0.316877294	-0.899217929
0.316881629	-0.903548208
0.316885964	-0.907878486
0.316890299	-0.912208764
0.316894635	-0.916539042
0.316898970	-0.920869320
0.316903305	-0.925199598
0.316907640	-0.929529876
0.316911975	-0.933860154
0.316916310	-0.938190432
0.316920645	-0.942520710
0.316924980	-0.946850988
0.316929315	-0.951181267
0.316933650	-0.955511545
0.316937985	-0.959841823
0.316942321	-0.964172101
0.316946656	-0.968502379
0.316950991	-0.972832657
0.316955326	-0.977162935
0.316959661	-0.981493213
0.316963996	-0.985823491
0.316968331	-0.990153769
0.316972666	-0.994484048
0.316977001	-0.998814326
0.316981336	-1.003144604
0.316985672	-1.007474882
0.316990007	-1.011805160
0.316994342	-1.016135438
0.316998677	-1.020465716
0.317003012	-1.024795994
0.317007347	-1.029126272
0.317011682	-1.033456550
0.317016017	-1.037786828
0.317020352	-1.042117107
0.317024687	-1.046447385
0.317029022	-1.050777663
0.317033358	-1.055107941
0.317037693	-1.059438219
0.317042028	-1.063768497
0.317046363	-1.068098775
0.317050698	-1.072429053
0.317055033	-1.076759331
0.317059368	-1.081089609
0.317063703	-1.085419888
0.317068038	-1.089750166
0.317072373	-1.094080444
0.317076709	-1.098410722
0.317081044	-1.102741000
0.317085379	-1.107071278
0.317089714	-1.111401556
0.317094049	-1.115731834
0.317098384	-1.120062112
0.317102719	-1.124392390
0.317107054	-1.128722668
0.317111389	-1.133052947
0.317115724	-1.137383225
0.317120059	-1.141713503
0.317124395	-1.146043781
0.317128730	-1.150374059
0.317133065	-1.154704337
0.317137400	-1.159034615
0.317141735	-1.163364893
0.317146070	-1.167695171
0.317150405	-1.172025449
0.317154740	-1.176355728
0.317159075	-1.180686006
0.317163410	-1.185016284
0.317167746	-1.189346562
0.317172081	-1.193676840
0.317176416	-1.198007118
0.317180751	-1.202337396
0.317185086	-1.206667674
0.317189421	-1.210997952
0.317193756	-1.215328230
0.317198091	-1.219658509
0.317202426	-1.223988787
0.317206761	-1.228319065
0.317211096	-1.232649343
0.317215432	-1.236979621
0.317219767	-1.241309899
0.317224102	-1.245640177
0.317228437	-1.249970455
0.317232772	-1.254300733
0.317237107	-1.258631011
0.317241442	-1.262961289
0.317245777	-1.267291568
0.317250112	-1.271621846
0.317254447	-1.275952124
0.317258782	-1.280282402
0.317263118	-1.284612680
0.317267453	-1.288942958
0.317271788	-1.293273236
0.317276123	-1.297603514
0.317280458	-1.301933792
0.317284793	-1.306264070
0.317289128	-1.310594349
0.317293463	-1.314924627
0.317297798	-1.319254905
0.317302133	-1.323585183
0.317306469	-1.327915461
0.317310804	-1.332245739
0.317315139	-1.336576017
0.317319474	-1.340906295
0.317323809	-1.345236573
0.317328144	-1.349566851
0.317332479	-1.353897129
0.317336814	-1.358227408
0.317341149	-1.362557686
0.317345484	-1.366887964
0.317349819	-1.371218242
0.317354155	-1.375548520
0.317358490	-1.379878798
0.317362825	-1.384209076
0.317367160	-1.388539354
0.317371495	-1.392869632
0.317375830	-1.397199910
0.317380165	-1.401530189
0.317384500	-1.405860467
0.317388835	-1.410190745
0.317393170	-1.414521023
0.317397506	-1.418851301
0.318028984	-0.760644214
0.318033319	-0.764974492
0.318037655	-0.769304770
0.318041990	-0.773635048
0.318046325	-0.777965326
0.318050660	-0.782295604
0.318054995	-0.786625882
0.318059330	-0.790956160
0.318063665	-0.795286438
0.318068000	-0.799616716
0.318072335	-0.803946995
0.318076670	-0.808277273
0.318081005	-0.812607551
0.318085341	-0.816937829
0.318089676	-0.821268107
0.318094011	-0.825598385
0.318098346	-0.829928663
0.318102681	-0.834258941
0.318107016	-0.838589219
0.318111351	-0.842919497
0.318115686	-0.847249776
0.318120021	-0.851580054
0.318124356	-0.855910332
0.318128692	-0.860240610
0.318133027	-0.864570888
0.318137362	-0.868901166
0.318141697	-0.873231444
0.318146032	-0.877561722
0.318150367	-0.881892000
0.318154702	-0.886222278
0.318159037	-0.890552556
0.318163372	-0.894882835
0.318167707	-0.899213113
0.318172042	-0.903543391
0.318176378	-0.907873669
0.318180713	-0.912203947
0.318185048	-0.916534225
0.318189383	-0.920864503
0.318193718	-0.925194781
0.318198053	-0.929525059
0.318202388	-0.933855337
0.318206723	-0.938185616
0.318211058	-0.942515894
0.318215393	-0.946846172
0.318219729	-0.951176450
0.318224064	-0.955506728
0.318228399	-0.959837006
0.318232734	-0.964167284
0.318237069	-0.968497562
0.318241404	-0.972827840
0.318245739	-0.977158118
0.318250074	-0.981488396
0.318254409	-0.985818675
0.318258744	-0.990148953
0.318263079	-0.994479231
0.318267415	-0.998809509
0.318271750	-1.003139787
0.318276085	-1.007470065
0.318280420	-1.011800343
0.318284755	-1.016130621
0.318289090	-1.020460899
0.318293425	-1.024791177
0.318297760	-1.029121456
0.318302095	-1.033451734
0.318306430	-1.037782012
0.318310766	-1.042112290
0.318315101	-1.046442568
0.318319436	-1.050772846
0.318323771	-1.055103124
0.318328106	-1.059433402
0.318332441	-1.063763680
0.318336776	-1.068093958
0.318341111	-1.072424236
0.318345446	-1.076754515
0.318349781	-1.081084793
0.318354116	-1.085415071
0.318358452	-1.089745349
0.318362787	-1.094075627
0.318367122	-1.098405905
0.318371457	-1.102736183
0.318375792	-1.107066461
0.318380127	-1.111396739
0.318384462	-1.115727017
0.318388797	-1.120057296
0.318393132	-1.124387574
0.318397467	-1.128717852
0.318401803	-1.133048130
0.318406138	-1.137378408
0.318410473	-1.141708686
0.318414808	-1.146038964
0.318419143	-1.150369242
0.318423478	-1.154699520
0.318427813	-1.159029798
0.318432148	-1.163360076
0.318436483	-1.167690355
0.318440818	-1.172020633
0.318445153	-1.176350911
0.318449489	-1.180681189
0.318453824	-1.185011467
0.318458159	-1.189341745
0.318462494	-1.193672023
0.318466829	-1.198002301
0.318471164	-1.202332579
0.318475499	-1.206662857
0.318479834	-1.210993136
0.318484169	-1.215323414
0.318488504	-1.219653692
0.318492840	-1.223983970
0.318497175	-1.228314248
0.318501510	-1.232644526
0.318505845	-1.236974804
0.318510180	-1.241305082
0.318514515	-1.245635360
0.318518850	-1.249965638
0.318523185	-1.254295916
0.318527520	-1.258626195
0.318531855	-1.262956473
0.318536190	-1.267286751
0.318540526	-1.271617029
0.318544861	-1.275947307
0.318549196	-1.280277585
0.318553531	-1.284607863
0.318557866	-1.288938141
0.318562201	-1.293268419
0.318566536	-1.297598697
0.318570871	-1.301928976
0.318575206	-1.306259254
0.318579541	-1.310589532
0.318583876	-1.314919810
0.318588212	-1.319250088
0.318592547	-1.323580366
0.318596882	-1.327910644
0.318601217	-1.332240922
0.318605552	-1.336571200
0.318609887	-1.340901478
0.318614222	-1.345231757
0.318618557	-1.349562035
0.318622892	-1.353892313
0.318627227	-1.358222591
0.318631563	-1.362552869
0.318635898	-1.366883147
0.318640233	-1.371213425
0.318644568	-1.375543703
0.318648903	-1.379873981
0.318653238	-1.384204259
0.318657573	-1.388534537
0.318661908	-1.392864816
0.318666243	-1.397195094
0.318670578	-1.401525372
0.318674913	-1.405855650
0.318679249	-1.410185928
0.318683584	-1.414516206
0.318687919	-1.418846484
0.318692254	-1.423176762
0.318696589	-1.427507040
0.319323733	-0.764969675
0.319328068	-0.769299953
0.319332403	-0.773630231
0.319336738	-0.777960509
0.319341073	-0.782290787
0.319345408	-0.786621065
0.319349743	-0.790951343
0.319354078	-0.795281622
0.319358413	-0.799611900
0.319362749	-0.803942178
0.319367084	-0.808272456
0.319371419	-0.812602734
0.319375754	-0.816933012
0.319380089	-0.821263290
0.319384424	-0.825593568
0.319388759	-0.829923846
0.319393094	-0.834254124
0.319397429	-0.838584403
0.319401764	-0.842914681
0.319406099	-0.847244959
0.319410435	-0.851575237
0.319414770	-0.855905515
0.319419105	-0.860235793
0.319423440	-0.864566071
0.319427775	-0.868896349
0.319432110	-0.873226627
0.319436445	-0.877556905
0.319440780	-0.881887183
0.319445115	-0.886217462
0.319449450	-0.890547740
0.319453786	-0.894878018
0.319458121	-0.899208296
0.319462456	-0.903538574
0.319466791	-0.907868852
0.319471126	-0.912199130
0.319475461	-0.916529408
0.319479796	-0.920859686
0.319484131	-0.925189964
0.319488466	-0.929520243
0.319492801	-0.933850521
0.319497136	-0.938180799
0.319501472	-0.942511077
0.319505807	-0.946841355
0.319510142	-0.951171633
0.319514477	-0.955501911
0.319518812	-0.959832189
0.319523147	-0.964162467
0.319527482	-0.968492745
0.319531817	-0.972823024
0.319536152	-0.977153302
0.319540487	-0.981483580
0.319544823	-0.985813858
0.319549158	-0.990144136
0.319553493	-0.994474414
0.319557828	-0.998804692
0.319562163	-1.003134970
0.319566498	-1.007465248
0.319570833	-1.011795526
0.319575168	-1.016125804
0.319579503	-1.020456083
0.319583838	-1.024786361
0.319588173	-1.029116639
0.319592509	-1.033446917
0.319596844	-1.037777195
0.319601179	-1.042107473
0.319605514	-1.046437751
0.319609849	-1.050768029
0.319614184	-1.055098307
0.319618519	-1.059428585
0.319622854	-1.063758864
0.319627189	-1.068089142
0.319631524	-1.072419420
0.319635860	-1.076749698
0.319640195	-1.081079976
0.319644530	-1.085410254
0.319648865	-1.089740532
0.319653200	-1.094070810
0.319657535	-1.098401088
0.319661870	-1.102731366
0.319666205	-1.107061644
0.319670540	-1.111391923
0.319674875	-1.115722201
0.319679210	-1.120052479
0.319683546	-1.124382757
0.319687881	-1.128713035
0.319692216	-1.133043313
0.319696551	-1.137373591
0.319700886	-1.141703869
0.319705221	-1.146034147
0.319709556	-1.150364425
0.319713891	-1.154694704
0.319718226	-1.159024982
0.319722561	-1.163355260
0.319726897	-1.167685538
0.319731232	-1.172015816
0.319735567	-1.176346094
0.319739902	-1.180676372
0.319744237	-1.185006650
0.319748572	-1.189336928
0.319752907	-1.193667206
0.319757242	-1.197997484
0.319761577	-1.202327763
0.319765912	-1.206658041
0.319770247	-1.210988319
0.319774583	-1.215318597
0.319778918	-1.219648875
0.319783253	-1.223979153
0.319787588	-1.228309431
0.319791923	-1.232639709
0.319796258	-1.236969987
0.319800593	-1.241300265
0.319804928	-1.245630544
0.319809263	-1.249960822
0.319813598	-1.254291100
0.319817933	-1.258621378
0.319822269	-1.262951656
0.319826604	-1.267281934
0.319830939	-1.271612212
0.319835274	-1.275942490
0.319839609	-1.280272768
0.319843944	-1.284603046
0.319848279	-1.288933324
0.319852614	-1.293263603
0.319856949	-1.297593881
0.319861284	-1.301924159
0.319865620	-1.306254437
0.319869955	-1.310584715
0.319874290	-1.314914993
0.319878625	-1.319245271
0.319882960	-1.323575549
0.319887295	-1.327905827
0.319891630	-1.332236105
0.319895965	-1.336566384
0.319900300	-1.340896662
0.319904635	-1.345226940
0.319908970	-1.349557218
0.319913306	-1.353887496
0.319917641	-1.358217774
0.319921976	-1.362548052
0.319926311	-1.366878330
0.319930646	-1.371208608
0.319934981	-1.375538886
0.319939316	-1.379869164
0.319943651	-1.384199443
0.319947986	-1.388529721
0.319952321	-1.392859999
0.319956657	-1.397190277
0.319960992	-1.401520555
0.319965327	-1.405850833
0.319969662	-1.410181111
0.319973997	-1.414511389
0.319978332	-1.418841667
0.319982667	-1.423171945
0.319987002	-1.427502224
0.319991337	-1.431832502
0.320618481	-0.769295136
0.320622816	-0.773625414
0.320627151	-0.777955692
0.320631486	-0.782285971
0.320635821	-0.786616249
0.320640156	-0.790946527
0.320644492	-0.795276805
0.320648827	-0.799607083
0.320653162	-0.803937361
0.320657497	-0.808267639
0.320661832	-0.812597917
0.320666167	-0.816928195
0.320670502	-0.821258473
0.320674837	-0.825588751
0.320679172	-0.829919030
0.320683507	-0.834249308
0.320687843	-0.838579586
0.320692178	-0.842909864
0.320696513	-0.847240142
0.320700848	-0.851570420
0.320705183	-0.855900698
0.320709518	-0.860230976
0.320713853	-0.864561254
0.320718188	-0.868891532
0.320722523	-0.873221811
0.320726858	-0.877552089
0.320731193	-0.881882367
0.320735529	-0.886212645
0.320739864	-0.890542923
0.320744199	-0.894873201
0.320748534	-0.899203479
0.320752869	-0.903533757
0.320757204	-0.907864035
0.320761539	-0.912194313
0.320765874	-0.916524591
0.320770209	-0.920854870
0.320774544	-0.925185148
0.320778880	-0.929515426
0.320783215	-0.933845704
0.320787550	-0.938175982
0.320791885	-0.942506260
0.320796220	-0.946836538
0.320800555	-0.951166816
0.320804890	-0.955497094
0.320809225	-0.959827372
0.320813560	-0.964157651
0.320817895	-0.968487929
0.320822230	-0.972818207
0.320826566	-0.977148485
0.320830901	-0.981478763
0.320835236	-0.985809041
0.320839571	-0.990139319
0.320843906	-0.994469597
0.320848241	-0.998799875
0.320852576	-1.003130153
0.320856911	-1.007460432
0.320861246	-1.011790710
0.320865581	-1.016120988
0.320869917	-1.020451266
0.320874252	-1.024781544
0.320878587	-1.029111822
0.320882922	-1.033442100
0.320887257	-1.037772378
0.320891592	-1.042102656
0.320895927	-1.046432934
0.320900262	-1.050763212
0.320904597	-1.055093491
0.320908932	-1.059423769
0.320913267	-1.063754047
0.320917603	-1.068084325
0.320921938	-1.072414603
0.320926273	-1.076744881
0.320930608	-1.081075159
0.320934943	-1.085405437
0.320939278	-1.089735715
0.320943613	-1.094065993
0.320947948	-1.098396272
0.320952283	-1.102726550
0.320956618	-1.107056828
0.320960954	-1.111387106
0.320965289	-1.115717384
0.320969624	-1.120047662
0.320973959	-1.124377940
0.320978294	-1.128708218
0.320982629	-1.133038496
0.320986964	-1.137368774
0.320991299	-1.141699052
0.320995634	-1.146029331
0.320999969	-1.150359609
0.321004304	-1.154689887
0.321008640	-1.159020165
0.321012975	-1.163350443
0.321017310	-1.167680721
0.321021645	-1.172010999
0.321025980	-1.176341277
0.321030315	-1.180671555
0.321034650	-1.185001833
0.321038985	-1.189332112
0.321043320	-1.193662390
0.321047655	-1.197992668
0.321051991	-1.202322946
0.321056326	-1.206653224
0.321060661	-1.210983502
0.321064996	-1.215313780
0.321069331	-1.219644058
0.321073666	-1.223974336
0.321078001	-1.228304614
0.321082336	-1.232634892
0.321086671	-1.236965171
0.321091006	-1.241295449
0.321095341	-1.245625727
0.321099677	-1.249956005
0.321104012	-1.254286283
0.321108347	-1.258616561
0.321112682	-1.262946839
0.321117017	-1.267277117
0.321121352	-1.271607395
0.321125687	-1.275937673
0.321130022	-1.280267952
0.321134357	-1.284598230
0.321138692	-1.288928508
0.321143027	-1.293258786
0.321147363	-1.297589064
0.321151698	-1.301919342
0.321156033	-1.306249620
0.321160368	-1.310579898
0.321164703	-1.314910176
0.321169038	-1.319240454
0.321173373	-1.323570732
0.321177708	-1.327901011
0.321182043	-1.332231289
0.321186378	-1.336561567
0.321190714	-1.340891845
0.321195049	-1.345222123
0.321199384	-1.349552401
0.321203719	-1.353882679
0.321208054	-1.358212957
0.321212389	-1.362543235
0.321216724	-1.366873513
0.321221059	-1.371203792
0.321225394	-1.375534070
0.321229729	-1.379864348
0.321234064	-1.384194626
0.321238400	-1.388524904
0.321242735	-1.392855182
0.321247070	-1.397185460
0.321251405	-1.401515738
0.321255740	-1.405846016
0.321260075	-1.410176294
0.321264410	-1.414506572
0.321268745	-1.418836851
0.321273080	-1.423167129
0.321277415	-1.427497407
0.321281751	-1.431827685
0.321286086	-1.436157963
0.321290421	-1.440488241
0.321913229	-0.773620598
0.321917564	-0.777950876
0.321921900	-0.782281154
0.321926235	-0.786611432
0.321930570	-0.790941710
0.321934905	-0.795271988
0.321939240	-0.799602266
0.321943575	-0.803932544
0.321947910	-0.808262822
0.321952245	-0.812593100
0.321956580	-0.816923379
0.321960915	-0.821253657
0.321965250	-0.825583935
0.321969586	-0.829914213
0.321973921	-0.834244491
0.321978256	-0.838574769
0.321982591	-0.842905047
0.321986926	-0.847235325
0.321991261	-0.851565603
0.321995596	-0.855895881
0.321999931	-0.860226159
0.322004266	-0.864556438
0.322008601	-0.868886716
0.322012937	-0.873216994
0.322017272	-0.877547272
0.322021607	-0.881877550
0.322025942	-0.886207828
0.322030277	-0.890538106
0.322034612	-0.894868384
0.322038947	-0.899198662
0.322043282	-0.903528940
0.322047617	-0.907859219
0.322051952	-0.912189497
0.322056287	-0.916519775
0.322060623	-0.920850053
0.322064958	-0.925180331
0.322069293	-0.929510609
0.322073628	-0.933840887
0.322077963	-0.938171165
0.322082298	-0.942501443
0.322086633	-0.946831721
0.322090968	-0.951161999
0.322095303	-0.955492278
0.322099638	-0.959822556
0.322103974	-0.964152834
0.322108309	-0.968483112
0.322112644	-0.972813390
0.322116979	-0.977143668
0.322121314	-0.981473946
0.322125649	-0.985804224
0.322129984	-0.990134502
0.322134319	-0.994464780
0.322138654	-0.998795059
0.322142989	-1.003125337
0.322147324	-1.007455615
0.322151660	-1.011785893
0.322155995	-1.016116171
0.322160330	-1.020446449
0.322164665	-1.024776727
0.322169000	-1.029107005
0.322173335	-1.033437283
0.322177670	-1.037767561
0.322182005	-1.042097839
0.322186340	-1.046428118
0.322190675	-1.050758396
0.322195011	-1.055088674
0.322199346	-1.059418952
0.322203681	-1.063749230
0.322208016	-1.068079508
0.322212351	-1.072409786
0.322216686	-1.076740064
0.322221021	-1.081070342
0.322225356	-1.085400620
0.322229691	-1.089730899
0.322234026	-1.094061177
0.322238361	-1.098391455
0.322242697	-1.102721733
0.322247032	-1.107052011
0.322251367	-1.111382289
0.322255702	-1.115712567
0.322260037	-1.120042845
0.322264372	-1.124373123
0.322268707	-1.128703401
0.322273042	-1.133033680
0.322277377	-1.137363958
0.322281712	-1.141694236
0.322286048	-1.146024514
0.322290383	-1.150354792
0.322294718	-1.154685070
0.322299053	-1.159015348
0.322303388	-1.163345626
0.322307723	-1.167675904
0.322312058	-1.172006182
0.322316393	-1.176336460
0.322320728	-1.180666739
0.322325063	-1.184997017
0.322329398	-1.189327295
0.322333734	-1.193657573
0.322338069	-1.197987851
0.322342404	-1.202318129
0.322346739	-1.206648407
0.322351074	-1.210978685
0.322355409	-1.215308963
0.322359744	-1.219639241
0.322364079	-1.223969520
0.322368414	-1.228299798
0.322372749	-1.232630076
0.322377085	-1.236960354
0.322381420	-1.241290632
0.322385755	-1.245620910
0.322390090	-1.249951188
0.322394425	-1.254281466
0.322398760	-1.258611744
0.322403095	-1.262942022
0.322407430	-1.267272300
0.322411765	-1.271602579
0.322416100	-1.275932857
0.322420435	-1.280263135
0.322424771	-1.284593413
0.322429106	-1.288923691
0.322433441	-1.293253969
0.322437776	-1.297584247
0.322442111	-1.301914525
0.322446446	-1.306244803
0.322450781	-1.310575081
0.322455116	-1.314905360
0.322459451	-1.319235638
0.322463786	-1.323565916
0.322468121	-1.327896194
0.322472457	-1.332226472
0.322476792	-1.336556750
0.322481127	-1.340887028
0.322485462	-1.345217306
0.322489797	-1.349547584
0.322494132	-1.353877862
0.322498467	-1.358208140
0.322502802	-1.362538419
0.322507137	-1.366868697
0.322511472	-1.371198975
0.322515808	-1.375529253
0.322520143	-1.379859531
0.322524478	-1.384189809
0.322528813	-1.388520087
0.322533148	-1.392850365
0.322537483	-1.397180643
0.322541818	-1.401510921
0.322546153	-1.405841200
0.322550488	-1.410171478
0.322554823	-1.414501756
0.322559158	-1.418832034
0.322563494	-1.423162312
0.322567829	-1.427492590
0.322572164	-1.431822868
0.322576499	-1.436153146
0.322580834	-1.440483424
0.322585169	-1.444813702
0.323207978	-0.777946059
0.323212313	-0.782276337
0.323216648	-0.786606615
0.323220983	-0.790936893
0.323225318	-0.795267171
0.323229653	-0.799597449
0.323233988	-0.803927727
0.323238323	-0.808258006
0.323242658	-0.812588284
0.323246994	-0.816918562
0.323251329	-0.821248840
0.323255664	-0.825579118
0.323259999	-0.829909396
0.323264334	-0.834239674
0.323268669	-0.838569952
0.323273004	-0.842900230
0.323277339	-0.847230508
0.323281674	-0.851560787
0.323286009	-0.855891065
0.323290344	-0.860221343
0.323294680	-0.864551621
0.323299015	-0.868881899
0.323303350	-0.873212177
0.323307685	-0.877542455
0.323312020	-0.881872733
0.323316355	-0.886203011
0.323320690	-0.890533289
0.323325025	-0.894863567
0.323329360	-0.899193846
0.323333695	-0.903524124
0.323338031	-0.907854402
0.323342366	-0.912184680
0.323346701	-0.916514958
0.323351036	-0.920845236
0.323355371	-0.925175514
0.323359706	-0.929505792
0.323364041	-0.933836070
0.323368376	-0.938166348
0.323372711	-0.942496627
0.323377046	-0.946826905
0.323381381	-0.951157183
0.323385717	-0.955487461
0.323390052	-0.959817739
0.323394387	-0.964148017
0.323398722	-0.968478295
0.323403057	-0.972808573
0.323407392	-0.977138851
0.323411727	-0.981469129
0.323416062	-0.985799407
0.323420397	-0.990129686
0.323424732	-0.994459964
0.323429068	-0.998790242
0.323433403	-1.003120520
0.323437738	-1.007450798
0.323442073	-1.011781076
0.323446408	-1.016111354
0.323450743	-1.020441632
0.323455078	-1.024771910
0.323459413	-1.029102188
0.323463748	-1.033432467
0.323468083	-1.037762745
0.323472418	-1.042093023
0.323476754	-1.046423301
0.323481089	-1.050753579
0.323485424	-1.055083857
0.323489759	-1.059414135
0.323494094	-1.063744413
0.323498429	-1.068074691
0.323502764	-1.072404969
0.323507099	-1.076735247
0.323511434	-1.081065526
0.323515769	-1.085395804
0.323520105	-1.089726082
0.323524440	-1.094056360
0.323528775	-1.098386638
0.323533110	-1.102716916
0.323537445	-1.107047194
0.323541780	-1.111377472
0.323546115	-1.115707750
0.323550450	-1.120038028
0.323554785	-1.124368307
0.323559120	-1.128698585
0.323563455	-1.133028863
0.323567791	-1.137359141
0.323572126	-1.141689419
0.323576461	-1.146019697
0.323580796	-1.150349975
0.323585131	-1.154680253
0.323589466	-1.159010531
0.323593801	-1.163340809
0.323598136	-1.167671087
0.323602471	-1.172001366
0.323606806	-1.176331644
0.323611142	-1.180661922
0.323615477	-1.184992200
0.323619812	-1.189322478
0.323624147	-1.193652756
0.323628482	-1.197983034
0.323632817	-1.202313312
0.323637152	-1.206643590
0.323641487	-1.210973868
0.323645822	-1.215304147
0.323650157	-1.219634425
0.323654492	-1.223964703
0.323658828	-1.228294981
0.323663163	-1.232625259
0.323667498	-1.236955537
0.323671833	-1.241285815
0.323676168	-1.245616093
0.323680503	-1.249946371
0.323684838	-1.254276649
0.323689173	-1.258606928
0.323693508	-1.262937206
0.323697843	-1.267267484
0.323702179	-1.271597762
0.323706514	-1.275928040
0.323710849	-1.280258318
0.323715184	-1.284588596
0.323719519	-1.288918874
0.323723854	-1.293249152
0.323728189	-1.297579430
0.323732524	-1.301909708
0.323736859	-1.306239987
0.323741194	-1.310570265
0.323745529	-1.314900543
0.323749865	-1.319230821
0.323754200	-1.323561099
0.323758535	-1.327891377
0.323762870	-1.332221655
0.323767205	-1.336551933
0.323771540	-1.340882211
0.323775875	-1.345212489
0.323780210	-1.349542768
0.323784545	-1.353873046
0.323788880	-1.358203324
0.323793215	-1.362533602
0.323797551	-1.366863880
0.323801886	-1.371194158
0.323806221	-1.375524436
0.323810556	-1.379854714
0.323814891	-1.384184992
0.323819226	-1.388515270
0.323823561	-1.392845548
0.323827896	-1.397175827
0.323832231	-1.401506105
0.323836566	-1.405836383
0.323840902	-1.410166661
0.323845237	-1.414496939
0.323849572	-1.418827217
0.323853907	-1.423157495
0.323858242	-1.427487773
0.323862577	-1.431818051
0.323866912	-1.436148329
0.323871247	-1.440478608
0.323875582	-1.444808886
0.323879917	-1.449139164
0.324502726	-0.782271520
0.324507061	-0.786601798
0.324511396	-0.790932076
0.324515731	-0.795262354
0.324520066	-0.799592633
0.324524401	-0.803922911
0.324528737	-0.808253189
0.324533072	-0.812583467
0.324537407	-0.816913745
0.324541742	-0.821244023
0.324546077	-0.825574301
0.324550412	-0.829904579
0.324554747	-0.834234857
0.324559082	-0.838565135
0.324563417	-0.842895414
0.324567752	-0.847225692
0.324572088	-0.851555970
0.324576423	-0.855886248
0.324580758	-0.860216526
0.324585093	-0.864546804
0.324589428	-0.868877082
0.324593763	-0.873207360
0.324598098	-0.877537638
0.324602433	-0.881867916
0.324606768	-0.886198195
0.324611103	-0.890528473
0.324615438	-0.894858751
0.324619774	-0.899189029
0.324624109	-0.903519307
0.324628444	-0.907849585
0.324632779	-0.912179863
0.324637114	-0.916510141
0.324641449	-0.920840419
0.324645784	-0.925170697
0.324650119	-0.929500975
0.324654454	-0.933831254
0.324658789	-0.938161532
0.324663125	-0.942491810
0.324667460	-0.946822088
0.324671795	-0.951152366
0.324676130	-0.955482644
0.324680465	-0.959812922
0.324684800	-0.964143200
0.324689135	-0.968473478
0.324693470	-0.972803756
0.324697805	-0.977134035
0.324702140	-0.981464313
0.324706475	-0.985794591
0.324710811	-0.990124869
0.324715146	-0.994455147
0.324719481	-0.998785425
0.324723816	-1.003115703
0.324728151	-1.007445981
0.324732486	-1.011776259
0.324736821	-1.016106537
0.324741156	-1.020436815
0.324745491	-1.024767094
0.324749826	-1.029097372
0.324754162	-1.033427650
0.324758497	-1.037757928
0.324762832	-1.042088206
0.324767167	-1.046418484
0.324771502	-1.050748762
0.324775837	-1.055079040
0.324780172	-1.059409318
0.324784507	-1.063739596
0.324788842	-1.068069875
0.324793177	-1.072400153
0.324797512	-1.076730431
0.324801848	-1.081060709
0.324806183	-1.085390987
0.324810518	-1.089721265
0.324814853	-1.094051543
0.324819188	-1.098381821
0.324823523	-1.102712099
0.324827858	-1.107042377
0.324832193	-1.111372655
0.324836528	-1.115702934
0.324840863	-1.120033212
0.324845199	-1.124363490
0.324849534	-1.128693768
0.324853869	-1.133024046
0.324858204	-1.137354324
0.324862539	-1.141684602
0.324866874	-1.146014880
0.324871209	-1.150345158
0.324875544	-1.154675436
0.324879879	-1.159005715
0.324884214	-1.163335993
0.324888549	-1.167666271
0.324892885	-1.171996549
0.324897220	-1.176326827
0.324901555	-1.180657105
0.324905890	-1.184987383
0.324910225	-1.189317661
0.324914560	-1.193647939
0.324918895	-1.197978217
0.324923230	-1.202308495
0.324927565	-1.206638774
0.324931900	-1.210969052
0.324936236	-1.215299330
0.324940571	-1.219629608
0.324944906	-1.223959886
0.324949241	-1.228290164
0.324953576	-1.232620442
0.324957911	-1.236950720
0.324962246	-1.241280998
0.324966581	-1.245611276
0.324970916	-1.249941555
0.324975251	-1.254271833
0.324979586	-1.258602111
0.324983922	-1.262932389
0.324988257	-1.267262667
0.324992592	-1.271592945
0.324996927	-1.275923223
0.325001262	-1.280253501
0.325005597	-1.284583779
0.325009932	-1.288914057
0.325014267	-1.293244335
0.325018602	-1.297574614
0.325022937	-1.301904892
0.325027272	-1.306235170
0.325031608	-1.310565448
0.325035943	-1.314895726
0.325040278	-1.319226004
0.325044613	-1.323556282
0.325048948	-1.327886560
0.325053283	-1.332216838
0.325057618	-1.336547116
0.325061953	-1.340877395
0.325066288	-1.345207673
0.325070623	-1.349537951
0.325074959	-1.353868229
0.325079294	-1.358198507
0.325083629	-1.362528785
0.325087964	-1.366859063
0.325092299	-1.371189341
0.325096634	-1.375519619
0.325100969	-1.379849897
0.325105304	-1.384180176
0.325109639	-1.388510454
0.325113974	-1.392840732
0.325118309	-1.397171010
0.325122645	-1.401501288
0.325126980	-1.405831566
0.325131315	-1.410161844
0.325135650	-1.414492122
0.325139985	-1.418822400
0.325144320	-1.423152678
0.325148655	-1.427482956
0.325152990	-1.431813235
0.325157325	-1.436143513
0.325161660	-1.440473791
0.325165996	-1.444804069
0.325170331	-1.449134347
0.325174666	-1.453464625
0.325179001	-1.457794903
0.325797474	-0.786596982
0.325801809	-0.790927260
0.325806145	-0.795257538
0.325810480	-0.799587816
0.325814815	-0.803918094
0.325819150	-0.808248372
0.325823485	-0.812578650
0.325827820	-0.816908928
0.325832155	-0.821239206
0.325836490	-0.825569484
0.325840825	-0.829899762
0.325845160	-0.834230041
0.325849495	-0.838560319
0.325853831	-0.842890597
0.325858166	-0.847220875
0.325862501	-0.851551153
0.325866836	-0.855881431
0.325871171	-0.860211709
0.325875506	-0.864541987
0.325879841	-0.868872265
0.325884176	-0.873202543
0.325888511	-0.877532822
0.325892846	-0.881863100
0.325897182	-0.886193378
0.325901517	-0.890523656
0.325905852	-0.894853934
0.325910187	-0.899184212
0.325914522	-0.903514490
0.325918857	-0.907844768
0.325923192	-0.912175046
0.325927527	-0.916505324
0.325931862	-0.920835602
0.325936197	-0.925165881
0.325940532	-0.929496159
0.325944868	-0.933826437
0.325949203	-0.938156715
0.325953538	-0.942486993
0.325957873	-0.946817271
0.325962208	-0.951147549
0.325966543	-0.955477827
0.325970878	-0.959808105
0.325975213	-0.964138383
0.325979548	-0.968468662
0.325983883	-0.972798940
0.325988219	-0.977129218
0.325992554	-0.981459496
0.325996889	-0.985789774
0.326001224	-0.990120052
0.326005559	-0.994450330
0.326009894	-0.998780608
0.326014229	-1.003110886
0.326018564	-1.007441164
0.326022899	-1.011771443
0.326027234	-1.016101721
0.326031569	-1.020431999
0.326035905	-1.024762277
0.326040240	-1.029092555
0.326044575	-1.033422833
0.326048910	-1.037753111
0.326053245	-1.042083389
0.326057580	-1.046413667
0.326061915	-1.050743945
0.326066250	-1.055074223
0.326070585	-1.059404502
0.326074920	-1.063734780
0.326079256	-1.068065058
0.326083591	-1.072395336
0.326087926	-1.076725614
0.326092261	-1.081055892
0.326096596	-1.085386170
0.326100931	-1.089716448
0.326105266	-1.094046726
0.326109601	-1.098377004
0.326113936	-1.102707283
0.326118271	-1.107037561
0.326122606	-1.111367839
0.326126942	-1.115698117
0.326131277	-1.120028395
0.326135612	-1.124358673
0.326139947	-1.128688951
0.326144282	-1.133019229
0.326148617	-1.137349507
0.326152952	-1.141679785
0.326157287	-1.146010063
0.326161622	-1.150340342
0.326165957	-1.154670620
0.326170293	-1.159000898
0.326174628	-1.163331176
0.326178963	-1.167661454
0.326183298	-1.171991732
0.326187633	-1.176322010
0.326191968	-1.180652288
0.326196303	-1.184982566
0.326200638	-1.189312844
0.326204973	-1.193643123
0.326209308	-1.197973401
0.326213643	-1.202303679
0.326217979	-1.206633957
0.326222314	-1.210964235
0.326226649	-1.215294513
0.326230984	-1.219624791
0.326235319	-1.223955069
0.326239654	-1.228285347
0.326243989	-1.232615625
0.326248324	-1.236945903
0.326252659	-1.241276182
0.326256994	-1.245606460
0.326261330	-1.249936738
0.326265665	-1.254267016
0.326270000	-1.258597294
0.326274335	-1.262927572
0.326278670	-1.267257850
0.326283005	-1.271588128
0.326287340	-1.275918406
0.326291675	-1.280248684
0.326296010	-1.284578963
0.326300345	-1.288909241
0.326304680	-1.293239519
0.326309016	-1.297569797
0.326313351	-1.301900075
0.326317686	-1.306230353
0.326322021	-1.310560631
0.326326356	-1.314890909
0.326330691	-1.319221187
0.326335026	-1.323551465
0.326339361	-1.327881743
0.326343696	-1.332212022
0.326348031	-1.336542300
0.326352366	-1.340872578
0.326356702	-1.345202856
0.326361037	-1.349533134
0.326365372	-1.353863412
0.326369707	-1.358193690
0.326374042	-1.362523968
0.326378377	-1.366854246
0.326382712	-1.371184524
0.326387047	-1.375514803
0.326391382	-1.379845081
0.326395717	-1.384175359
0.326400053	-1.388505637
0.326404388	-1.392835915
0.326408723	-1.397166193
0.326413058	-1.401496471
0.326417393	-1.405826749
0.326421728	-1.410157027
0.326426063	-1.414487305
0.326430398	-1.418817583
0.326434733	-1.423147862
0.326439068	-1.427478140
0.326443403	-1.431808418
0.326447739	-1.436138696
0.326452074	-1.440468974
0.326456409	-1.444799252
0.326460744	-1.449129530
0.326465079	-1.453459808
0.326469414	-1.457790086
0.326473749	-1.462120364
0.327092223	-0.790922443
0.327096558	-0.795252721
0.327100893	-0.799582999
0.327105228	-0.803913277
0.327109563	-0.808243555
0.327113898	-0.812573833
0.327118233	-0.816904111
0.327122568	-0.821234390
0.327126903	-0.825564668
0.327131239	-0.829894946
0.327135574	-0.834225224
0.327139909	-0.838555502
0.327144244	-0.842885780
0.327148579	-0.847216058
0.327152914	-0.851546336
0.327157249	-0.855876614
0.327161584	-0.860206892
0.327165919	-0.864537170
0.327170254	-0.868867449
0.327174589	-0.873197727
0.327178925	-0.877528005
0.327183260	-0.881858283
0.327187595	-0.886188561
0.327191930	-0.890518839
0.327196265	-0.894849117
0.327200600	-0.899179395
0.327204935	-0.903509673
0.327209270	-0.907839951
0.327213605	-0.912170230
0.327217940	-0.916500508
0.327222276	-0.920830786
0.327226611	-0.925161064
0.327230946	-0.929491342
0.327235281	-0.933821620
0.327239616	-0.938151898
0.327243951	-0.942482176
0.327248286	-0.946812454
0.327252621	-0.951142732
0.327256956	-0.955473010
0.327261291	-0.959803289
0.327265626	-0.964133567
0.327269962	-0.968463845
0.327274297	-0.972794123
0.327278632	-0.977124401
0.327282967	-0.981454679
0.327287302	-0.985784957
0.327291637	-0.990115235
0.327295972	-0.994445513
0.327300307	-0.998775791
0.327304642	-1.003106070
0.327308977	-1.007436348
0.327313313	-1.011766626
0.327317648	-1.016096904
0.327321983	-1.020427182
0.327326318	-1.024757460
0.327330653	-1.029087738
0.327334988	-1.033418016
0.327339323	-1.037748294
0.327343658	-1.042078572
0.327347993	-1.046408851
0.327352328	-1.050739129
0.327356663	-1.055069407
0.327360999	-1.059399685
0.327365334	-1.063729963
0.327369669	-1.068060241
0.327374004	-1.072390519
0.327378339	-1.076720797
0.327382674	-1.081051075
0.327387009	-1.085381353
0.327391344	-1.089711631
0.327395679	-1.094041910
0.327400014	-1.098372188
0.327404350	-1.102702466
0.327408685	-1.107032744
0.327413020	-1.111363022
0.327417355	-1.115693300
0.327421690	-1.120023578
0.327426025	-1.124353856
0.327430360	-1.128684134
0.327434695	-1.133014412
0.327439030	-1.137344691
0.327443365	-1.141674969
0.327447700	-1.146005247
0.327452036	-1.150335525
0.327456371	-1.154665803
0.327460706	-1.158996081
0.327465041	-1.163326359
0.327469376	-1.167656637
0.327473711	-1.171986915
0.327478046	-1.176317193
0.327482381	-1.180647471
0.327486716	-1.184977750
0.327491051	-1.189308028
0.327495387	-1.193638306
0.327499722	-1.197968584
0.327504057	-1.202298862
0.327508392	-1.206629140
0.327512727	-1.210959418
0.327517062	-1.215289696
0.327521397	-1.219619974
0.327525732	-1.223950252
0.327530067	-1.228280531
0.327534402	-1.232610809
0.327538737	-1.236941087
0.327543073	-1.241271365
0.327547408	-1.245601643
0.327551743	-1.249931921
0.327556078	-1.254262199
0.327560413	-1.258592477
0.327564748	-1.262922755
0.327569083	-1.267253033
0.327573418	-1.271583311
0.327577753	-1.275913590
0.327582088	-1.280243868
0.327586424	-1.284574146
0.327590759	-1.288904424
0.327595094	-1.293234702
0.327599429	-1.297564980
0.327603764	-1.301895258
0.327608099	-1.306225536
0.327612434	-1.310555814
0.327616769	-1.314886092
0.327621104	-1.319216371
0.327625439	-1.323546649
0.327629774	-1.327876927
0.327634110	-1.332207205
0.327638445	-1.336537483
0.327642780	-1.340867761
0.327647115	-1.345198039
0.327651450	-1.349528317
0.327655785	-1.353858595
0.327660120	-1.358188873
0.327664455	-1.362519151
0.327668790	-1.366849430
0.327673125	-1.371179708
0.327677460	-1.375509986
0.327681796	-1.379840264
0.327686131	-1.384170542
0.327690466	-1.388500820
0.327694801	-1.392831098
0.327699136	-1.397161376
0.327703471	-1.401491654
0.327707806	-1.405821932
0.327712141	-1.410152211
0.327716476	-1.414482489
0.327720811	-1.418812767
0.327725147	-1.423143045
0.327729482	-1.427473323
0.327733817	-1.431803601
0.327738152	-1.436133879
0.327742487	-1.440464157
0.327746822	-1.444794435
0.327751157	-1.449124713
0.327755492	-1.453454991
0.327759827	-1.457785270
0.327764162	-1.462115548
0.327768497	-1.466445826
0.328386971	-0.795247904
0.328391306	-0.799578182
0.328395641	-0.803908460
0.328399976	-0.808238738
0.328404311	-0.812569017
0.328408646	-0.816899295
0.328412982	-0.821229573
0.328417317	-0.825559851
0.328421652	-0.829890129
0.328425987	-0.834220407
0.328430322	-0.838550685
0.328434657	-0.842880963
0.328438992	-0.847211241
0.328443327	-0.851541519
0.328447662	-0.855871798
0.328451997	-0.860202076
0.328456333	-0.864532354
0.328460668	-0.868862632
0.328465003	-0.873192910
0.328469338	-0.877523188
0.328473673	-0.881853466
0.328478008	-0.886183744
0.328482343	-0.890514022
0.328486678	-0.894844300
0.328491013	-0.899174578
0.328495348	-0.903504857
0.328499683	-0.907835135
0.328504019	-0.912165413
0.328508354	-0.916495691
0.328512689	-0.920825969
0.328517024	-0.925156247
0.328521359	-0.929486525
0.328525694	-0.933816803
0.328530029	-0.938147081
0.328534364	-0.942477359
0.328538699	-0.946807638
0.328543034	-0.951137916
0.328547370	-0.955468194
0.328551705	-0.959798472
0.328556040	-0.964128750
0.328560375	-0.968459028
0.328564710	-0.972789306
0.328569045	-0.977119584
0.328573380	-0.981449862
0.328577715	-0.985780140
0.328582050	-0.990110418
0.328586385	-0.994440697
0.328590720	-0.998770975
0.328595056	-1.003101253
0.328599391	-1.007431531
0.328603726	-1.011761809
0.328608061	-1.016092087
0.328612396	-1.020422365
0.328616731	-1.024752643
0.328621066	-1.029082921
0.328625401	-1.033413199
0.328629736	-1.037743478
0.328634071	-1.042073756
0.328638407	-1.046404034
0.328642742	-1.050734312
0.328647077	-1.055064590
0.328651412	-1.059394868
0.328655747	-1.063725146
0.328660082	-1.068055424
0.328664417	-1.072385702
0.328668752	-1.076715980
0.328673087	-1.081046258
0.328677422	-1.085376537
0.328681757	-1.089706815
0.328686093	-1.094037093
0.328690428	-1.098367371
0.328694763	-1.102697649
0.328699098	-1.107027927
0.328703433	-1.111358205
0.328707768	-1.115688483
0.328712103	-1.120018761
0.328716438	-1.124349039
0.328720773	-1.128679318
0.328725108	-1.133009596
0.328729444	-1.137339874
0.328733779	-1.141670152
0.328738114	-1.146000430
0.328742449	-1.150330708
0.328746784	-1.154660986
0.328751119	-1.158991264
0.328755454	-1.163321542
0.328759789	-1.167651820
0.328764124	-1.171982099
0.328768459	-1.176312377
0.328772794	-1.180642655
0.328777130	-1.184972933
0.328781465	-1.189303211
0.328785800	-1.193633489
0.328790135	-1.197963767
0.328794470	-1.202294045
0.328798805	-1.206624323
0.328803140	-1.210954601
0.328807475	-1.215284879
0.328811810	-1.219615158
0.328816145	-1.223945436
0.328820481	-1.228275714
0.328824816	-1.232605992
0.328829151	-1.236936270
0.328833486	-1.241266548
0.328837821	-1.245596826
0.328842156	-1.249927104
0.328846491	-1.254257382
0.328850826	-1.258587660
0.328855161	-1.262917939
0.328859496	-1.267248217
0.328863831	-1.271578495
0.328868167	-1.275908773
0.328872502	-1.280239051
0.328876837	-1.284569329
0.328881172	-1.288899607
0.328885507	-1.293229885
0.328889842	-1.297560163
0.328894177	-1.301890441
0.328898512	-1.306220719
0.328902847	-1.310550998
0.328907182	-1.314881276
0.328911518	-1.319211554
0.328915853	-1.323541832
0.328920188	-1.327872110
0.328924523	-1.332202388
0.328928858	-1.336532666
0.328933193	-1.340862944
0.328937528	-1.345193222
0.328941863	-1.349523500
0.328946198	-1.353853779
0.328950533	-1.358184057
0.328954868	-1.362514335
0.328959204	-1.366844613
0.328963539	-1.371174891
0.328967874	-1.375505169
0.328972209	-1.379835447
0.328976544	-1.384165725
0.328980879	-1.388496003
0.328985214	-1.392826281
0.328989549	-1.397156559
0.328993884	-1.401486838
0.328998219	-1.405817116
0.329002554	-1.410147394
0.329006890	-1.414477672
0.329011225	-1.418807950
0.329015560	-1.423138228
0.329019895	-1.427468506
0.329024230	-1.431798784
0.329028565	-1.436129062
0.329032900	-1.440459340
0.329037235	-1.444789619
0.329041570	-1.449119897
0.329045905	-1.453450175
0.329050241	-1.457780453
0.329054576	-1.462110731
0.329058911	-1.466441009
0.329063246	-1.470771287
0.329067581	-1.475101565
0.329681719	-0.799573366
0.329686054	-0.803903644
0.329690390	-0.808233922
0.329694725	-0.812564200
0.329699060	-0.816894478
0.329703395	-0.821224756
0.329707730	-0.825555034
0.329712065	-0.829885312
0.329716400	-0.834215590
0.329720735	-0.838545868
0.329725070	-0.842876146
0.329729405	-0.847206425
0.329733740	-0.851536703
0.329738076	-0.855866981
0.329742411	-0.860197259
0.329746746	-0.864527537
0.329751081	-0.868857815
0.329755416	-0.873188093
0.329759751	-0.877518371
0.329764086	-0.881848649
0.329768421	-0.886178927
0.329772756	-0.890509206
0.329777091	-0.894839484
0.329781427	-0.899169762
0.329785762	-0.903500040
0.329790097	-0.907830318
0.329794432	-0.912160596
0.329798767	-0.916490874
0.329803102	-0.920821152
0.329807437	-0.925151430
0.329811772	-0.929481708
0.329816107	-0.933811986
0.329820442	-0.938142265
0.329824777	-0.942472543
0.329829113	-0.946802821
0.329833448	-0.951133099
0.329837783	-0.955463377
0.329842118	-0.959793655
0.329846453	-0.964123933
0.329850788	-0.968454211
0.329855123	-0.972784489
0.329859458	-0.977114767
0.329863793	-0.981445046
0.329868128	-0.985775324
0.329872464	-0.990105602
0.329876799	-0.994435880
0.329881134	-0.998766158
0.329885469	-1.003096436
0.329889804	-1.007426714
0.329894139	-1.011756992
0.329898474	-1.016087270
0.329902809	-1.020417548
0.329907144	-1.024747826
0.329911479	-1.029078105
0.329915814	-1.033408383
0.329920150	-1.037738661
0.329924485	-1.042068939
0.329928820	-1.046399217
0.329933155	-1.050729495
0.329937490	-1.055059773
0.329941825	-1.059390051
0.329946160	-1.063720329
0.329950495	-1.068050607
0.329954830	-1.072380886
0.329959165	-1.076711164
0.329963501	-1.081041442
0.329967836	-1.085371720
0.329972171	-1.089701998
0.329976506	-1.094032276
0.329980841	-1.098362554
0.329985176	-1.102692832
0.329989511	-1.107023110
0.329993846	-1.111353388
0.329998181	-1.115683666
0.330002516	-1.120013945
0.330006851	-1.124344223
0.330011187	-1.128674501
0.330015522	-1.133004779
0.330019857	-1.137335057
0.330024192	-1.141665335
0.330028527	-1.145995613
0.330032862	-1.150325891
0.330037197	-1.154656169
0.330041532	-1.158986447
0.330045867	-1.163316726
0.330050202	-1.167647004
0.330054538	-1.171977282
0.330058873	-1.176307560
0.330063208	-1.180637838
0.330067543	-1.184968116
0.330071878	-1.189298394
0.330076213	-1.193628672
0.330080548	-1.197958950
0.330084883	-1.202289228
0.330089218	-1.206619506
0.330093553	-1.210949785
0.330097888	-1.215280063
0.330102224	-1.219610341
0.330106559	-1.223940619
0.330110894	-1.228270897
0.330115229	-1.232601175
0.330119564	-1.236931453
0.330123899	-1.241261731
0.330128234	-1.245592009
0.330132569	-1.249922287
0.330136904	-1.254252566
0.330141239	-1.258582844
0.330145575	-1.262913122
0.330149910	-1.267243400
0.330154245	-1.271573678
0.330158580	-1.275903956
0.330162915	-1.280234234
0.330167250	-1.284564512
0.330171585	-1.288894790
0.330175920	-1.293225068
0.330180255	-1.297555347
0.330184590	-1.301885625
0.330188925	-1.306215903
0.330193261	-1.310546181
0.330197596	-1.314876459
0.330201931	-1.319206737
0.330206266	-1.323537015
0.330210601	-1.327867293
0.330214936	-1.332197571
0.330219271	-1.336527849
0.330223606	-1.340858127
0.330227941	-1.345188406
0.330232276	-1.349518684
0.330236611	-1.353848962
0.330240947	-1.358179240
0.330245282	-1.362509518
0.330249617	-1.366839796
0.330253952	-1.371170074
0.330258287	-1.375500352
0.330262622	-1.379830630
0.330266957	-1.384160908
0.330271292	-1.388491187
0.330275627	-1.392821465
0.330279962	-1.397151743
0.330284298	-1.401482021
0.330288633	-1.405812299
0.330292968	-1.410142577
0.330297303	-1.414472855
0.330301638	-1.418803133
0.330305973	-1.423133411
0.330310308	-1.427463689
0.330314643	-1.431793967
0.330318978	-1.436124246
0.330323313	-1.440454524
0.330327648	-1.444784802
0.330331984	-1.449115080
0.330336319	-1.453445358
0.330340654	-1.457775636
0.330344989	-1.462105914
0.330349324	-1.466436192
0.330353659	-1.470766470
0.330357994	-1.475096748
0.330362329	-1.479427027
0.330976468	-0.803898827
0.330980803	-0.808229105
0.330985138	-0.812559383
0.330989473	-0.816889661
0.330993808	-0.821219939
0.330998143	-0.825550217
0.331002478	-0.829880495
0.331006813	-0.834210773
0.331011148	-0.838541052
0.331015484	-0.842871330
0.331019819	-0.847201608
0.331024154	-0.851531886
0.331028489	-0.855862164
0.331032824	-0.860192442
0.331037159	-0.864522720
0.331041494	-0.868852998
0.331045829	-0.873183276
0.331050164	-0.877513554
0.331054499	-0.881843833
0.331058834	-0.886174111
0.331063170	-0.890504389
0.331067505	-0.894834667
0.331071840	-0.899164945
0.331076175	-0.903495223
0.331080510	-0.907825501
0.331084845	-0.912155779
0.331089180	-0.916486057
0.331093515	-0.920816335
0.331097850	-0.925146614
0.331102185	-0.929476892
0.331106521	-0.933807170
0.331110856	-0.938137448
0.331115191	-0.942467726
0.331119526	-0.946798004
0.331123861	-0.951128282
0.331128196	-0.955458560
0.331132531	-0.959788838
0.331136866	-0.964119116
0.331141201	-0.968449394
0.331145536	-0.972779673
0.331149871	-0.977109951
0.331154207	-0.981440229
0.331158542	-0.985770507
0.331162877	-0.990100785
0.331167212	-0.994431063
0.331171547	-0.998761341
0.331175882	-1.003091619
0.331180217	-1.007421897
0.331184552	-1.011752175
0.331188887	-1.016082454
0.331193222	-1.020412732
0.331197558	-1.024743010
0.331201893	-1.029073288
0.331206228	-1.033403566
0.331210563	-1.037733844
0.331214898	-1.042064122
0.331219233	-1.046394400
0.331223568	-1.050724678
0.331227903	-1.055054956
0.331232238	-1.059385234
0.331236573	-1.063715513
0.331240908	-1.068045791
0.331245244	-1.072376069
0.331249579	-1.076706347
0.331253914	-1.081036625
0.331258249	-1.085366903
0.331262584	-1.089697181
0.331266919	-1.094027459
0.331271254	-1.098357737
0.331275589	-1.102688015
0.331279924	-1.107018294
0.331284259	-1.111348572
0.331288595	-1.115678850
0.331292930	-1.120009128
0.331297265	-1.124339406
0.331301600	-1.128669684
0.331305935	-1.132999962
0.331310270	-1.137330240
0.331314605	-1.141660518
0.331318940	-1.145990796
0.331323275	-1.150321074
0.331327610	-1.154651353
0.331331945	-1.158981631
0.331336281	-1.163311909
0.331340616	-1.167642187
0.331344951	-1.171972465
0.331349286	-1.176302743
0.331353621	-1.180633021
0.331357956	-1.184963299
0.331362291	-1.189293577
0.331366626	-1.193623855
0.331370961	-1.197954134
0.331375296	-1.202284412
0.331379632	-1.206614690
0.331383967	-1.210944968
0.331388302	-1.215275246
0.331392637	-1.219605524
0.331396972	-1.223935802
0.331401307	-1.228266080
0.331405642	-1.232596358
0.331409977	-1.236926636
0.331414312	-1.241256914
0.331418647	-1.245587193
0.331422982	-1.249917471
0.331427318	-1.254247749
0.331431653	-1.258578027
0.331435988	-1.262908305
0.331440323	-1.267238583
0.331444658	-1.271568861
0.331448993	-1.275899139
0.331453328	-1.280229417
0.331457663	-1.284559695
0.331461998	-1.288889974
0.331466333	-1.293220252
0.331470669	-1.297550530
0.331475004	-1.301880808
0.331479339	-1.306211086
0.331483674	-1.310541364
0.331488009	-1.314871642
0.331492344	-1.319201920
0.331496679	-1.323532198
0.331501014	-1.327862476
0.331505349	-1.332192754
0.331509684	-1.336523033
0.331514019	-1.340853311
0.331518355	-1.345183589
0.331522690	-1.349513867
0.331527025	-1.353844145
0.331531360	-1.358174423
0.331535695	-1.362504701
0.331540030	-1.366834979
0.331544365	-1.371165257
0.331548700	-1.375495535
0.331553035	-1.379825814
0.331557370	-1.384156092
0.331561705	-1.388486370
0.331566041	-1.392816648
0.331570376	-1.397146926
0.331574711	-1.401477204
0.331579046	-1.405807482
0.331583381	-1.410137760
0.331587716	-1.414468038
0.331592051	-1.418798316
0.331596386	-1.423128595
0.331600721	-1.427458873
0.331605056	-1.431789151
0.331609392	-1.436119429
0.331613727	-1.440449707
0.331618062	-1.444779985
0.331622397	-1.449110263
0.331626732	-1.453440541
0.331631067	-1.457770819
0.331635402	-1.462101097
0.331639737	-1.466431375
0.331644072	-1.470761654
0.331648407	-1.475091932
0.331652742	-1.479422210
0.331657078	-1.483752488
0.332271216	-0.808224288
0.332275551	-0.812554566
0.332279886	-0.816884844
0.332284221	-0.821215122
0.332288556	-0.825545401
0.332292891	-0.829875679
0.332297227	-0.834205957
0.332301562	-0.838536235
0.332305897	-0.842866513
0.332310232	-0.847196791
0.332314567	-0.851527069
0.332318902	-0.855857347
0.332323237	-0.860187625
0.332327572	-0.864517903
0.332331907	-0.868848181
0.332336242	-0.873178460
0.332340578	-0.877508738
0.332344913	-0.881839016
0.332349248	-0.886169294
0.332353583	-0.890499572
0.332357918	-0.894829850
0.332362253	-0.899160128
0.332366588	-0.903490406
0.332370923	-0.907820684
0.332375258	-0.912150962
0.332379593	-0.916481241
0.332383928	-0.920811519
0.332388264	-0.925141797
0.332392599	-0.929472075
0.332396934	-0.933802353
0.332401269	-0.938132631
0.332405604	-0.942462909
0.332409939	-0.946793187
0.332414274	-0.951123465
0.332418609	-0.955453743
0.332422944	-0.959784022
0.332427279	-0.964114300
0.332431615	-0.968444578
0.332435950	-0.972774856
0.332440285	-0.977105134
0.332444620	-0.981435412
0.332448955	-0.985765690
0.332453290	-0.990095968
0.332457625	-0.994426246
0.332461960	-0.998756524
0.332466295	-1.003086802
0.332470630	-1.007417081
0.332474965	-1.011747359
0.332479301	-1.016077637
0.332483636	-1.020407915
0.332487971	-1.024738193
0.332492306	-1.029068471
0.332496641	-1.033398749
0.332500976	-1.037729027
0.332505311	-1.042059305
0.332509646	-1.046389583
0.332513981	-1.050719862
0.332518316	-1.055050140
0.332522652	-1.059380418
0.332526987	-1.063710696
0.332531322	-1.068040974
0.332535657	-1.072371252
0.332539992	-1.076701530
0.332544327	-1.081031808
0.332548662	-1.085362086
0.332552997	-1.089692364
0.332557332	-1.094022642
0.332561667	-1.098352921
0.332566002	-1.102683199
0.332570338	-1.107013477
0.332574673	-1.111343755
0.332579008	-1.115674033
0.332583343	-1.120004311
0.332587678	-1.124334589
0.332592013	-1.128664867
0.332596348	-1.132995145
0.332600683	-1.137325423
0.332605018	-1.141655702
0.332609353	-1.145985980
0.332613689	-1.150316258
0.332618024	-1.154646536
0.332622359	-1.158976814
0.332626694	-1.163307092
0.332631029	-1.167637370
0.332635364	-1.171967648
0.332639699	-1.176297926
0.332644034	-1.180628204
0.332648369	-1.184958482
0.332652704	-1.189288761
0.332657039	-1.193619039
0.332661375	-1.197949317
0.332665710	-1.202279595
0.332670045	-1.206609873
0.332674380	-1.210940151
0.332678715	-1.215270429
0.332683050	-1.219600707
0.332687385	-1.223930985
0.332691720	-1.228261263
0.332696055	-1.232591542
0.332700390	-1.236921820
0.332704726	-1.241252098
0.332709061	-1.245582376
0.332713396	-1.249912654
0.332717731	-1.254242932
0.332722066	-1.258573210
0.332726401	-1.262903488
0.332730736	-1.267233766
0.332735071	-1.271564044
0.332739406	-1.275894322
0.332743741	-1.280224601
0.332748076	-1.284554879
0.332752412	-1.288885157
0.332756747	-1.293215435
0.332761082	-1.297545713
0.332765417	-1.301875991
0.332769752	-1.306206269
0.332774087	-1.310536547
0.332778422	-1.314866825
0.332782757	-1.319197103
0.332787092	-1.323527382
0.332791427	-1.327857660
0.332795763	-1.332187938
0.332800098	-1.336518216
0.332804433	-1.340848494
0.332808768	-1.345178772
0.332813103	-1.349509050
0.332817438	-1.353839328
0.332821773	-1.358169606
0.332826108	-1.362499884
0.332830443	-1.366830162
0.332834778	-1.371160441
0.332839113	-1.375490719
0.332843449	-1.379820997
0.332847784	-1.384151275
0.332852119	-1.388481553
0.332856454	-1.392811831
0.332860789	-1.397142109
0.332865124	-1.401472387
0.332869459	-1.405802665
0.332873794	-1.410132943
0.332878129	-1.414463222
0.332882464	-1.418793500
0.332886799	-1.423123778
0.332891135	-1.427454056
0.332895470	-1.431784334
0.332899805	-1.436114612
0.332904140	-1.440444890
0.332908475	-1.444775168
0.332912810	-1.449105446
0.332917145	-1.453435724
0.332921480	-1.457766002
0.332925815	-1.462096281
0.332930150	-1.466426559
0.332934486	-1.470756837
0.332938821	-1.475087115
0.332943156	-1.479417393
0.332947491	-1.483747671
0.332951826	-1.488077949
0.333565964	-0.812549749
0.333570299	-0.816880028
0.333574635	-0.821210306
0.333578970	-0.825540584
0.333583305	-0.829870862
0.333587640	-0.834201140
0.333591975	-0.838531418
0.333596310	-0.842861696
0.333600645	-0.847191974
0.333604980	-0.851522252
0.333609315	-0.855852530
0.333613650	-0.860182809
0.333617985	-0.864513087
0.333622321	-0.868843365
0.333626656	-0.873173643
0.333630991	-0.877503921
0.333635326	-0.881834199
0.333639661	-0.886164477
0.333643996	-0.890494755
0.333648331	-0.894825033
0.333652666	-0.899155311
0.333657001	-0.903485589
0.333661336	-0.907815868
0.333665672	-0.912146146
0.333670007	-0.916476424
0.333674342	-0.920806702
0.333678677	-0.925136980
0.333683012	-0.929467258
0.333687347	-0.933797536
0.333691682	-0.938127814
0.333696017	-0.942458092
0.333700352	-0.946788370
0.333704687	-0.951118649
0.333709022	-0.955448927
0.333713358	-0.959779205
0.333717693	-0.964109483
0.333722028	-0.968439761
0.333726363	-0.972770039
0.333730698	-0.977100317
0.333735033	-0.981430595
0.333739368	-0.985760873
0.333743703	-0.990091151
0.333748038	-0.994421429
0.333752373	-0.998751708
0.333756709	-1.003081986
0.333761044	-1.007412264
0.333765379	-1.011742542
0.333769714	-1.016072820
0.333774049	-1.020403098
0.333778384	-1.024733376
0.333782719	-1.029063654
0.333787054	-1.033393932
0.333791389	-1.037724210
0.333795724	-1.042054489
0.333800059	-1.046384767
0.333804395	-1.050715045
0.333808730	-1.055045323
0.333813065	-1.059375601
0.333817400	-1.063705879
0.333821735	-1.068036157
0.333826070	-1.072366435
0.333830405	-1.076696713
0.333834740	-1.081026991
0.333839075	-1.085357270
0.333843410	-1.089687548
0.333847746	-1.094017826
0.333852081	-1.098348104
0.333856416	-1.102678382
0.333860751	-1.107008660
0.333865086	-1.111338938
0.333869421	-1.115669216
0.333873756	-1.119999494
0.333878091	-1.124329772
0.333882426	-1.128660050
0.333886761	-1.132990329
0.333891096	-1.137320607
0.333895432	-1.141650885
0.333899767	-1.145981163
0.333904102	-1.150311441
0.333908437	-1.154641719
0.333912772	-1.158971997
0.333917107	-1.163302275
0.333921442	-1.167632553
0.333925777	-1.171962831
0.333930112	-1.176293110
0.333934447	-1.180623388
0.333938783	-1.184953666
0.333943118	-1.189283944
0.333947453	-1.193614222
0.333951788	-1.197944500
0.333956123	-1.202274778
0.333960458	-1.206605056
0.333964793	-1.210935334
0.333969128	-1.215265612
0.333973463	-1.219595890
0.333977798	-1.223926169
0.333982133	-1.228256447
0.333986469	-1.232586725
0.333990804	-1.236917003
0.333995139	-1.241247281
0.333999474	-1.245577559
0.334003809	-1.249907837
0.334008144	-1.254238115
0.334012479	-1.258568393
0.334016814	-1.262898671
0.334021149	-1.267228950
0.334025484	-1.271559228
0.334029820	-1.275889506
0.334034155	-1.280219784
0.334038490	-1.284550062
0.334042825	-1.288880340
0.334047160	-1.293210618
0.334051495	-1.297540896
0.334055830	-1.301871174
0.334060165	-1.306201452
0.334064500	-1.310531730
0.334068835	-1.314862009
0.334073170	-1.319192287
0.334077506	-1.323522565
0.334081841	-1.327852843
0.334086176	-1.332183121
0.334090511	-1.336513399
0.334094846	-1.340843677
0.334099181	-1.345173955
0.334103516	-1.349504233
0.334107851	-1.353834511
0.334112186	-1.358164790
0.334116521	-1.362495068
0.334120857	-1.366825346
0.334125192	-1.371155624
0.334129527	-1.375485902
0.334133862	-1.379816180
0.334138197	-1.384146458
0.334142532	-1.388476736
0.334146867	-1.392807014
0.334151202	-1.397137292
0.334155537	-1.401467570
0.334159872	-1.405797849
0.334164207	-1.410128127
0.334168543	-1.414458405
0.334172878	-1.418788683
0.334177213	-1.423118961
0.334181548	-1.427449239
0.334185883	-1.431779517
0.334190218	-1.436109795
0.334194553	-1.440440073
0.334198888	-1.444770351
0.334203223	-1.449100630
0.334207558	-1.453430908
0.334211893	-1.457761186
0.334216229	-1.462091464
0.334220564	-1.466421742
0.334224899	-1.470752020
0.334229234	-1.475082298
0.334233569	-1.479412576
0.334237904	-1.483742854
0.334242239	-1.488073132
0.334246574	-1.492403410
0.334860713	-0.816875211
0.334865048	-0.821205489
0.334869383	-0.825535767
0.334873718	-0.829866045
0.334878053	-0.834196323
0.334882388	-0.838526601
0.334886723	-0.842856879
0.334891058	-0.847187157
0.334895393	-0.851517436
0.334899729	-0.855847714
0.334904064	-0.860177992
0.334908399	-0.864508270
0.334912734	-0.868838548
0.334917069	-0.873168826
0.334921404	-0.877499104
0.334925739	-0.881829382
0.334930074	-0.886159660
0.334934409	-0.890489938
0.334938744	-0.894820217
0.334943079	-0.899150495
0.334947415	-0.903480773
0.334951750	-0.907811051
0.334956085	-0.912141329
0.334960420	-0.916471607
0.334964755	-0.920801885
0.334969090	-0.925132163
0.334973425	-0.929462441
0.334977760	-0.933792719
0.334982095	-0.938122997
0.334986430	-0.942453276
0.334990766	-0.946783554
0.334995101	-0.951113832
0.334999436	-0.955444110
0.335003771	-0.959774388
0.335008106	-0.964104666
0.335012441	-0.968434944
0.335016776	-0.972765222
0.335021111	-0.977095500
0.335025446	-0.981425778
0.335029781	-0.985756057
0.335034116	-0.990086335
0.335038452	-0.994416613
0.335042787	-0.998746891
0.335047122	-1.003077169
0.335051457	-1.007407447
0.335055792	-1.011737725
0.335060127	-1.016068003
0.335064462	-1.020398281
0.335068797	-1.024728559
0.335073132	-1.029058837
0.335077467	-1.033389116
0.335081803	-1.037719394
0.335086138	-1.042049672
0.335090473	-1.046379950
0.335094808	-1.050710228
0.335099143	-1.055040506
0.335103478	-1.059370784
0.335107813	-1.063701062
0.335112148	-1.068031340
0.335116483	-1.072361618
0.335120818	-1.076691897
0.335125153	-1.081022175
0.335129489	-1.085352453
0.335133824	-1.089682731
0.335138159	-1.094013009
0.335142494	-1.098343287
0.335146829	-1.102673565
0.335151164	-1.107003843
0.335155499	-1.111334121
0.335159834	-1.115664399
0.335164169	-1.119994677
0.335168504	-1.124324956
0.335172840	-1.128655234
0.335177175	-1.132985512
0.335181510	-1.137315790
0.335185845	-1.141646068
0.335190180	-1.145976346
0.335194515	-1.150306624
0.335198850	-1.154636902
0.335203185	-1.158967180
0.335207520	-1.163297458
0.335211855	-1.167627737
0.335216190	-1.171958015
0.335220526	-1.176288293
0.335224861	-1.180618571
0.335229196	-1.184948849
0.335233531	-1.189279127
0.335237866	-1.193609405
0.335242201	-1.197939683
0.335246536	-1.202269961
0.335250871	-1.206600239
0.335255206	-1.210930518
0.335259541	-1.215260796
0.335263877	-1.219591074
0.335268212	-1.223921352
0.335272547	-1.228251630
0.335276882	-1.232581908
0.335281217	-1.236912186
0.335285552	-1.241242464
0.335289887	-1.245572742
0.335294222	-1.249903020
0.335298557	-1.254233298
0.335302892	-1.258563577
0.335307227	-1.262893855
0.335311563	-1.267224133
0.335315898	-1.271554411
0.335320233	-1.275884689
0.335324568	-1.280214967
0.335328903	-1.284545245
0.335333238	-1.288875523
0.335337573	-1.293205801
0.335341908	-1.297536079
0.335346243	-1.301866358
0.335350578	-1.306196636
0.335354914	-1.310526914
0.335359249	-1.314857192
0.335363584	-1.319187470
0.335367919	-1.323517748
0.335372254	-1.327848026
0.335376589	-1.332178304
0.335380924	-1.336508582
0.335385259	-1.340838860
0.335389594	-1.345169138
0.335393929	-1.349499417
0.335398264	-1.353829695
0.335402600	-1.358159973
0.335406935	-1.362490251
0.335411270	-1.366820529
0.335415605	-1.371150807
0.335419940	-1.375481085
0.335424275	-1.379811363
0.335428610	-1.384141641
0.335432945	-1.388471919
0.335437280	-1.392802198
0.335441615	-1.397132476
0.335445950	-1.401462754
0.335450286	-1.405793032
0.335454621	-1.410123310
0.335458956	-1.414453588
0.335463291	-1.418783866
0.335467626	-1.423114144
0.335471961	-1.427444422
0.335476296	-1.431774700
0.335480631	-1.436104978
0.335484966	-1.440435257
0.335489301	-1.444765535
0.335493637	-1.449095813
0.335497972	-1.453426091
0.335502307	-1.457756369
0.335506642	-1.462086647
0.335510977	-1.466416925
0.335515312	-1.470747203
0.335519647	-1.475077481
0.335523982	-1.479407759
0.335528317	-1.483738038
0.335532652	-1.488068316
0.335536987	-1.492398594
0.335541323	-1.496728872
0.335545658	-1.501059150
0.336155461	-0.821200672
0.336159796	-0.825530950
0.336164131	-0.829861228
0.336168466	-0.834191506
0.336172801	-0.838521785
0.336177136	-0.842852063
0.336181472	-0.847182341
0.336185807	-0.851512619
0.336190142	-0.855842897
0.336194477	-0.860173175
0.336198812	-0.864503453
0.336203147	-0.868833731
0.336207482	-0.873164009
0.336211817	-0.877494287
0.336216152	-0.881824565
0.336220487	-0.886154844
0.336224823	-0.890485122
0.336229158	-0.894815400
0.336233493	-0.899145678
0.336237828	-0.903475956
0.336242163	-0.907806234
0.336246498	-0.912136512
0.336250833	-0.916466790
0.336255168	-0.920797068
0.336259503	-0.925127346
0.336263838	-0.929457625
0.336268173	-0.933787903
0.336272509	-0.938118181
0.336276844	-0.942448459
0.336281179	-0.946778737
0.336285514	-0.951109015
0.336289849	-0.955439293
0.336294184	-0.959769571
0.336298519	-0.964099849
0.336302854	-0.968430127
0.336307189	-0.972760405
0.336311524	-0.977090684
0.336315860	-0.981420962
0.336320195	-0.985751240
0.336324530	-0.990081518
0.336328865	-0.994411796
0.336333200	-0.998742074
0.336337535	-1.003072352
0.336341870	-1.007402630
0.336346205	-1.011732908
0.336350540	-1.016063186
0.336354875	-1.020393465
0.336359210	-1.024723743
0.336363546	-1.029054021
0.336367881	-1.033384299
0.336372216	-1.037714577
0.336376551	-1.042044855
0.336380886	-1.046375133
0.336385221	-1.050705411
0.336389556	-1.055035689
0.336393891	-1.059365967
0.336398226	-1.063696245
0.336402561	-1.068026524
0.336406897	-1.072356802
0.336411232	-1.076687080
0.336415567	-1.081017358
0.336419902	-1.085347636
0.336424237	-1.089677914
0.336428572	-1.094008192
0.336432907	-1.098338470
0.336437242	-1.102668748
0.336441577	-1.106999026
0.336445912	-1.111329305
0.336450247	-1.115659583
0.336454583	-1.119989861
0.336458918	-1.124320139
0.336463253	-1.128650417
0.336467588	-1.132980695
0.336471923	-1.137310973
0.336476258	-1.141641251
0.336480593	-1.145971529
0.336484928	-1.150301807
0.336489263	-1.154632085
0.336493598	-1.158962364
0.336497934	-1.163292642
0.336502269	-1.167622920
0.336506604	-1.171953198
0.336510939	-1.176283476
0.336515274	-1.180613754
0.336519609	-1.184944032
0.336523944	-1.189274310
0.336528279	-1.193604588
0.336532614	-1.197934866
0.336536949	-1.202265145
0.336541284	-1.206595423
0.336545620	-1.210925701
0.336549955	-1.215255979
0.336554290	-1.219586257
0.336558625	-1.223916535
0.336562960	-1.228246813
0.336567295	-1.232577091
0.336571630	-1.236907369
0.336575965	-1.241237647
0.336580300	-1.245567925
0.336584635	-1.249898204
0.336588971	-1.254228482
0.336593306	-1.258558760
0.336597641	-1.262889038
0.336601976	-1.267219316
0.336606311	-1.271549594
0.336610646	-1.275879872
0.336614981	-1.280210150
0.336619316	-1.284540428
0.336623651	-1.288870706
0.336627986	-1.293200985
0.336632321	-1.297531263
0.336636657	-1.301861541
0.336640992	-1.306191819
0.336645327	-1.310522097
0.336649662	-1.314852375
0.336653997	-1.319182653
0.336658332	-1.323512931
0.336662667	-1.327843209
0.336667002	-1.332173487
0.336671337	-1.336503766
0.336675672	-1.340834044
0.336680008	-1.345164322
0.336684343	-1.349494600
0.336688678	-1.353824878
0.336693013	-1.358155156
0.336697348	-1.362485434
0.336701683	-1.366815712
0.336706018	-1.371145990
0.336710353	-1.375476268
0.336714688	-1.379806546
0.336719023	-1.384136825
0.336723358	-1.388467103
0.336727694	-1.392797381
0.336732029	-1.397127659
0.336736364	-1.401457937
0.336740699	-1.405788215
0.336745034	-1.410118493
0.336749369	-1.414448771
0.336753704	-1.418779049
0.336758039	-1.423109327
0.336762374	-1.427439606
0.336766709	-1.431769884
0.336771044	-1.436100162
0.336775380	-1.440430440
0.336779715	-1.444760718
0.336784050	-1.449090996
0.336788385	-1.453421274
0.336792720	-1.457751552
0.336797055	-1.462081830
0.336801390	-1.466412108
0.336805725	-1.470742386
0.336810060	-1.475072665
0.336814395	-1.479402943
0.336818731	-1.483733221
0.336823066	-1.488063499
0.336827401	-1.492393777
0.336831736	-1.496724055
0.336836071	-1.501054333
0.336840406	-1.505384611
0.337450209	-0.825526133
0.337454544	-0.829856412
0.337458880	-0.834186690
0.337463215	-0.838516968
0.337467550	-0.842847246
0.337471885	-0.847177524
0.337476220	-0.851507802
0.337480555	-0.855838080
0.337484890	-0.860168358
0.337489225	-0.864498636
0.337493560	-0.868828914
0.337497895	-0.873159192
0.337502230	-0.877489471
0.337506566	-0.881819749
0.337510901	-0.886150027
0.337515236	-0.890480305
0.337519571	-0.894810583
0.337523906	-0.899140861
0.337528241	-0.903471139
0.337532576	-0.907801417
0.337536911	-0.912131695
0.337541246	-0.916461973
0.337545581	-0.920792252
0.337549917	-0.925122530
0.337554252	-0.929452808
0.337558587	-0.933783086
0.337562922	-0.938113364
0.337567257	-0.942443642
0.337571592	-0.946773920
0.337575927	-0.951104198
0.337580262	-0.955434476
0.337584597	-0.959764754
0.337588932	-0.964095033
0.337593267	-0.968425311
0.337597603	-0.972755589
0.337601938	-0.977085867
0.337606273	-0.981416145
0.337610608	-0.985746423
0.337614943	-0.990076701
0.337619278	-0.994406979
0.337623613	-0.998737257
0.337627948	-1.003067535
0.337632283	-1.007397813
0.337636618	-1.011728092
0.337640954	-1.016058370
0.337645289	-1.020388648
0.337649624	-1.024718926
0.337653959	-1.029049204
0.337658294	-1.033379482
0.337662629	-1.037709760
0.337666964	-1.042040038
0.337671299	-1.046370316
0.337675634	-1.050700594
0.337679969	-1.055030873
0.337684304	-1.059361151
0.337688640	-1.063691429
0.337692975	-1.068021707
0.337697310	-1.072351985
0.337701645	-1.076682263
0.337705980	-1.081012541
0.337710315	-1.085342819
0.337714650	-1.089673097
0.337718985	-1.094003375
0.337723320	-1.098333653
0.337727655	-1.102663932
0.337731991	-1.106994210
0.337736326	-1.111324488
0.337740661	-1.115654766
0.337744996	-1.119985044
0.337749331	-1.124315322
0.337753666	-1.128645600
0.337758001	-1.132975878
0.337762336	-1.137306156
0.337766671	-1.141636434
0.337771006	-1.145966713
0.337775341	-1.150296991
0.337779677	-1.154627269
0.337784012	-1.158957547
0.337788347	-1.163287825
0.337792682	-1.167618103
0.337797017	-1.171948381
0.337801352	-1.176278659
0.337805687	-1.180608937
0.337810022	-1.184939215
0.337814357	-1.189269493
0.337818692	-1.193599772
0.337823028	-1.197930050
0.337827363	-1.202260328
0.337831698	-1.206590606
0.337836033	-1.210920884
0.337840368	-1.215251162
0.337844703	-1.219581440
0.337849038	-1.223911718
0.337853373	-1.228241996
0.337857708	-1.232572274
0.337862043	-1.236902553
0.337866378	-1.241232831
0.337870714	-1.245563109
0.337875049	-1.249893387
0.337879384	-1.254223665
0.337883719	-1.258553943
0.337888054	-1.262884221
0.337892389	-1.267214499
0.337896724	-1.271544777
0.337901059	-1.275875055
0.337905394	-1.280205333
0.337909729	-1.284535612
0.337914065	-1.288865890
0.337918400	-1.293196168
0.337922735	-1.297526446
0.337927070	-1.301856724
0.337931405	-1.306187002
0.337935740	-1.310517280
0.337940075	-1.314847558
0.337944410	-1.319177836
0.337948745	-1.323508114
0.337953080	-1.327838393
0.337957415	-1.332168671
0.337961751	-1.336498949
0.337966086	-1.340829227
0.337970421	-1.345159505
0.337974756	-1.349489783
0.337979091	-1.353820061
0.337983426	-1.358150339
0.337987761	-1.362480617
0.337992096	-1.366810895
0.337996431	-1.371141173
0.338000766	-1.375471452
0.338005102	-1.379801730
0.338009437	-1.384132008
0.338013772	-1.388462286
0.338018107	-1.392792564
0.338022442	-1.397122842
0.338026777	-1.401453120
0.338031112	-1.405783398
0.338035447	-1.410113676
0.338039782	-1.414443954
0.338044117	-1.418774233
0.338048452	-1.423104511
0.338052788	-1.427434789
0.338057123	-1.431765067
0.338061458	-1.436095345
0.338065793	-1.440425623
0.338070128	-1.444755901
0.338074463	-1.449086179
0.338078798	-1.453416457
0.338083133	-1.457746735
0.338087468	-1.462077014
0.338091803	-1.466407292
0.338096138	-1.470737570
0.338100474	-1.475067848
0.338104809	-1.479398126
0.338109144	-1.483728404
0.338113479	-1.488058682
0.338117814	-1.492388960
0.338122149	-1.496719238
0.338126484	-1.501049516
0.338130819	-1.505379794
0.338135154	-1.509710073
0.338749293	-0.834181873
0.338753628	-0.838512151
0.338757963	-0.842842429
0.338762298	-0.847172707
0.338766633	-0.851502985
0.338770968	-0.855833263
0.338775303	-0.860163541
0.338779638	-0.864493820
0.338783974	-0.868824098
0.338788309	-0.873154376
0.338792644	-0.877484654
0.338796979	-0.881814932
0.338801314	-0.886145210
0.338805649	-0.890475488
0.338809984	-0.894805766
0.338814319	-0.899136044
0.338818654	-0.903466322
0.338822989	-0.907796600
0.338827324	-0.912126879
0.338831660	-0.916457157
0.338835995	-0.920787435
0.338840330	-0.925117713
0.338844665	-0.929447991
0.338849000	-0.933778269
0.338853335	-0.938108547
0.338857670	-0.942438825
0.338862005	-0.946769103
0.338866340	-0.951099381
0.338870675	-0.955429660
0.338875011	-0.959759938
0.338879346	-0.964090216
0.338883681	-0.968420494
0.338888016	-0.972750772
0.338892351	-0.977081050
0.338896686	-0.981411328
0.338901021	-0.985741606
0.338905356	-0.990071884
0.338909691	-0.994402162
0.338914026	-0.998732441
0.338918361	-1.003062719
0.338922697	-1.007392997
0.338927032	-1.011723275
0.338931367	-1.016053553
0.338935702	-1.020383831
0.338940037	-1.024714109
0.338944372	-1.029044387
0.338948707	-1.033374665
0.338953042	-1.037704943
0.338957377	-1.042035221
0.338961712	-1.046365500
0.338966048	-1.050695778
0.338970383	-1.055026056
0.338974718	-1.059356334
0.338979053	-1.063686612
0.338983388	-1.068016890
0.338987723	-1.072347168
0.338992058	-1.076677446
0.338996393	-1.081007724
0.339000728	-1.085338002
0.339005063	-1.089668281
0.339009398	-1.093998559
0.339013734	-1.098328837
0.339018069	-1.102659115
0.339022404	-1.106989393
0.339026739	-1.111319671
0.339031074	-1.115649949
0.339035409	-1.119980227
0.339039744	-1.124310505
0.339044079	-1.128640783
0.339048414	-1.132971061
0.339052749	-1.137301340
0.339057085	-1.141631618
0.339061420	-1.145961896
0.339065755	-1.150292174
0.339070090	-1.154622452
0.339074425	-1.158952730
0.339078760	-1.163283008
0.339083095	-1.167613286
0.339087430	-1.171943564
0.339091765	-1.176273842
0.339096100	-1.180604121
0.339100435	-1.184934399
0.339104771	-1.189264677
0.339109106	-1.193594955
0.339113441	-1.197925233
0.339117776	-1.202255511
0.339122111	-1.206585789
0.339126446	-1.210916067
0.339130781	-1.215246345
0.339135116	-1.219576623
0.339139451	-1.223906901
0.339143786	-1.228237180
0.339148122	-1.232567458
0.339152457	-1.236897736
0.339156792	-1.241228014
0.339161127	-1.245558292
0.339165462	-1.249888570
0.339169797	-1.254218848
0.339174132	-1.258549126
0.339178467	-1.262879404
0.339182802	-1.267209682
0.339187137	-1.271539961
0.339191472	-1.275870239
0.339195808	-1.280200517
0.339200143	-1.284530795
0.339204478	-1.288861073
0.339208813	-1.293191351
0.339213148	-1.297521629
0.339217483	-1.301851907
0.339221818	-1.306182185
0.339226153	-1.310512463
0.339230488	-1.314842741
0.339234823	-1.319173020
0.339239159	-1.323503298
0.339243494	-1.327833576
0.339247829	-1.332163854
0.339252164	-1.336494132
0.339256499	-1.340824410
0.339260834	-1.345154688
0.339265169	-1.349484966
0.339269504	-1.353815244
0.339273839	-1.358145522
0.339278174	-1.362475801
0.339282509	-1.366806079
0.339286845	-1.371136357
0.339291180	-1.375466635
0.339295515	-1.379796913
0.339299850	-1.384127191
0.339304185	-1.388457469
0.339308520	-1.392787747
0.339312855	-1.397118025
0.339317190	-1.401448303
0.339321525	-1.405778581
0.339325860	-1.410108860
0.339330195	-1.414439138
0.339334531	-1.418769416
0.339338866	-1.423099694
0.339343201	-1.427429972
0.339347536	-1.431760250
0.339351871	-1.436090528
0.339356206	-1.440420806
0.339360541	-1.444751084
0.339364876	-1.449081362
0.339369211	-1.453411641
0.339373546	-1.457741919
0.339377882	-1.462072197
0.339382217	-1.466402475
0.339386552	-1.470732753
0.339390887	-1.475063031
0.339395222	-1.479393309
0.339399557	-1.483723587
0.339403892	-1.488053865
0.339408227	-1.492384143
0.339412562	-1.496714421
0.339416897	-1.501044700
0.339421232	-1.505374978
0.339425568	-1.509705256
0.339429903	-1.514035534
0.340044041	-0.838507334
0.340048376	-0.842837612
0.340052711	-0.847167890
0.340057046	-0.851498168
0.340061382	-0.855828447
0.340065717	-0.860158725
0.340070052	-0.864489003
0.340074387	-0.868819281
0.340078722	-0.873149559
0.340083057	-0.877479837
0.340087392	-0.881810115
0.340091727	-0.886140393
0.340096062	-0.890470671
0.340100397	-0.894800949
0.340104732	-0.899131228
0.340109068	-0.903461506
0.340113403	-0.907791784
0.340117738	-0.912122062
0.340122073	-0.916452340
0.340126408	-0.920782618
0.340130743	-0.925112896
0.340135078	-0.929443174
0.340139413	-0.933773452
0.340143748	-0.938103730
0.340148083	-0.942434008
0.340152418	-0.946764287
0.340156754	-0.951094565
0.340161089	-0.955424843
0.340165424	-0.959755121
0.340169759	-0.964085399
0.340174094	-0.968415677
0.340178429	-0.972745955
0.340182764	-0.977076233
0.340187099	-0.981406511
0.340191434	-0.985736789
0.340195769	-0.990067068
0.340200105	-0.994397346
0.340204440	-0.998727624
0.340208775	-1.003057902
0.340213110	-1.007388180
0.340217445	-1.011718458
0.340221780	-1.016048736
0.340226115	-1.020379014
0.340230450	-1.024709292
0.340234785	-1.029039570
0.340239120	-1.033369848
0.340243455	-1.037700127
0.340247791	-1.042030405
0.340252126	-1.046360683
0.340256461	-1.050690961
0.340260796	-1.055021239
0.340265131	-1.059351517
0.340269466	-1.063681795
0.340273801	-1.068012073
0.340278136	-1.072342351
0.340282471	-1.076672629
0.340286806	-1.081002908
0.340291142	-1.085333186
0.340295477	-1.089663464
0.340299812	-1.093993742
0.340304147	-1.098324020
0.340308482	-1.102654298
0.340312817	-1.106984576
0.340317152	-1.111314854
0.340321487	-1.115645132
0.340325822	-1.119975410
0.340330157	-1.124305689
0.340334492	-1.128635967
0.340338828	-1.132966245
0.340343163	-1.137296523
0.340347498	-1.141626801
0.340351833	-1.145957079
0.340356168	-1.150287357
0.340360503	-1.154617635
0.340364838	-1.158947913
0.340369173	-1.163278191
0.340373508	-1.167608469
0.340377843	-1.171938748
0.340382179	-1.176269026
0.340386514	-1.180599304
0.340390849	-1.184929582
0.340395184	-1.189259860
0.340399519	-1.193590138
0.340403854	-1.197920416
0.340408189	-1.202250694
0.340412524	-1.206580972
0.340416859	-1.210911250
0.340421194	-1.215241529
0.340425529	-1.219571807
0.340429865	-1.223902085
0.340434200	-1.228232363
0.340438535	-1.232562641
0.340442870	-1.236892919
0.340447205	-1.241223197
0.340451540	-1.245553475
0.340455875	-1.249883753
0.340460210	-1.254214031
0.340464545	-1.258544309
0.340468880	-1.262874588
0.340473216	-1.267204866
0.340477551	-1.271535144
0.340481886	-1.275865422
0.340486221	-1.280195700
0.340490556	-1.284525978
0.340494891	-1.288856256
0.340499226	-1.293186534
0.340503561	-1.297516812
0.340507896	-1.301847090
0.340512231	-1.306177369
0.340516566	-1.310507647
0.340520902	-1.314837925
0.340525237	-1.319168203
0.340529572	-1.323498481
0.340533907	-1.327828759
0.340538242	-1.332159037
0.340542577	-1.336489315
0.340546912	-1.340819593
0.340551247	-1.345149871
0.340555582	-1.349480149
0.340559917	-1.353810428
0.340564253	-1.358140706
0.340568588	-1.362470984
0.340572923	-1.366801262
0.340577258	-1.371131540
0.340581593	-1.375461818
0.340585928	-1.379792096
0.340590263	-1.384122374
0.340594598	-1.388452652
0.340598933	-1.392782930
0.340603268	-1.397113209
0.340607603	-1.401443487
0.340611939	-1.405773765
0.340616274	-1.410104043
0.340620609	-1.414434321
0.340624944	-1.418764599
0.340629279	-1.423094877
0.340633614	-1.427425155
0.340637949	-1.431755433
0.340642284	-1.436085711
0.340646619	-1.440415989
0.340650954	-1.444746268
0.340655289	-1.449076546
0.340659625	-1.453406824
0.340663960	-1.457737102
0.340668295	-1.462067380
0.340672630	-1.466397658
0.340676965	-1.470727936
0.340681300	-1.475058214
0.340685635	-1.479388492
0.340689970	-1.483718770
0.340694305	-1.488049049
0.340698640	-1.492379327
0.340702976	-1.496709605
0.340707311	-1.501039883
0.340711646	-1.505370161
0.340715981	-1.509700439
0.340720316	-1.514030717
0.340724651	-1.518360995
0.341338789	-0.842832796
0.341343125	-0.847163074
0.341347460	-0.851493352
0.341351795	-0.855823630
0.341356130	-0.860153908
0.341360465	-0.864484186
0.341364800	-0.868814464
0.341369135	-0.873144742
0.341373470	-0.877475020
0.341377805	-0.881805298
0.341382140	-0.886135576
0.341386475	-0.890465855
0.341390811	-0.894796133
0.341395146	-0.899126411
0.341399481	-0.903456689
0.341403816	-0.907786967
0.341408151	-0.912117245
0.341412486	-0.916447523
0.341416821	-0.920777801
0.341421156	-0.925108079
0.341425491	-0.929438357
0.341429826	-0.933768636
0.341434162	-0.938098914
0.341438497	-0.942429192
0.341442832	-0.946759470
0.341447167	-0.951089748
0.341451502	-0.955420026
0.341455837	-0.959750304
0.341460172	-0.964080582
0.341464507	-0.968410860
0.341468842	-0.972741138
0.341473177	-0.977071416
0.341477512	-0.981401695
0.341481848	-0.985731973
0.341486183	-0.990062251
0.341490518	-0.994392529
0.341494853	-0.998722807
0.341499188	-1.003053085
0.341503523	-1.007383363
0.341507858	-1.011713641
0.341512193	-1.016043919
0.341516528	-1.020374197
0.341520863	-1.024704476
0.341525199	-1.029034754
0.341529534	-1.033365032
0.341533869	-1.037695310
0.341538204	-1.042025588
0.341542539	-1.046355866
0.341546874	-1.050686144
0.341551209	-1.055016422
0.341555544	-1.059346700
0.341559879	-1.063676978
0.341564214	-1.068007256
0.341568549	-1.072337535
0.341572885	-1.076667813
0.341577220	-1.080998091
0.341581555	-1.085328369
0.341585890	-1.089658647
0.341590225	-1.093988925
0.341594560	-1.098319203
0.341598895	-1.102649481
0.341603230	-1.106979759
0.341607565	-1.111310037
0.341611900	-1.115640316
0.341616236	-1.119970594
0.341620571	-1.124300872
0.341624906	-1.128631150
0.341629241	-1.132961428
0.341633576	-1.137291706
0.341637911	-1.141621984
0.341642246	-1.145952262
0.341646581	-1.150282540
0.341650916	-1.154612818
0.341655251	-1.158943096
0.341659586	-1.163273375
0.341663922	-1.167603653
0.341668257	-1.171933931
0.341672592	-1.176264209
0.341676927	-1.180594487
0.341681262	-1.184924765
0.341685597	-1.189255043
0.341689932	-1.193585321
0.341694267	-1.197915599
0.341698602	-1.202245877
0.341702937	-1.206576156
0.341707273	-1.210906434
0.341711608	-1.215236712
0.341715943	-1.219566990
0.341720278	-1.223897268
0.341724613	-1.228227546
0.341728948	-1.232557824
0.341733283	-1.236888102
0.341737618	-1.241218380
0.341741953	-1.245548658
0.341746288	-1.249878937
0.341750623	-1.254209215
0.341754959	-1.258539493
0.341759294	-1.262869771
0.341763629	-1.267200049
0.341767964	-1.271530327
0.341772299	-1.275860605
0.341776634	-1.280190883
0.341780969	-1.284521161
0.341785304	-1.288851439
0.341789639	-1.293181717
0.341793974	-1.297511996
0.341798310	-1.301842274
0.341802645	-1.306172552
0.341806980	-1.310502830
0.341811315	-1.314833108
0.341815650	-1.319163386
0.341819985	-1.323493664
0.341824320	-1.327823942
0.341828655	-1.332154220
0.341832990	-1.336484498
0.341837325	-1.340814777
0.341841660	-1.345145055
0.341845996	-1.349475333
0.341850331	-1.353805611
0.341854666	-1.358135889
0.341859001	-1.362466167
0.341863336	-1.366796445
0.341867671	-1.371126723
0.341872006	-1.375457001
0.341876341	-1.379787279
0.341880676	-1.384117557
0.341885011	-1.388447836
0.341889347	-1.392778114
0.341893682	-1.397108392
0.341898017	-1.401438670
0.341902352	-1.405768948
0.341906687	-1.410099226
0.341911022	-1.414429504
0.341915357	-1.418759782
0.341919692	-1.423090060
0.341924027	-1.427420338
0.341928362	-1.431750617
0.341932697	-1.436080895
0.341937033	-1.440411173
0.341941368	-1.444741451
0.341945703	-1.449071729
0.341950038	-1.453402007
0.341954373	-1.457732285
0.341958708	-1.462062563
0.341963043	-1.466392841
0.341967378	-1.470723119
0.341971713	-1.475053397
0.341976048	-1.479383676
0.341980383	-1.483713954
0.341984719	-1.488044232
0.341989054	-1.492374510
0.341993389	-1.496704788
0.341997724	-1.501035066
0.342002059	-1.505365344
0.342006394	-1.509695622
0.342010729	-1.514025900
0.342015064	-1.518356178
0.342019399	-1.522686457
0.342633538	-0.847158257
0.342637873	-0.851488535
0.342642208	-0.855818813
0.342646543	-0.860149091
0.342650878	-0.864479369
0.342655213	-0.868809647
0.342659548	-0.873139925
0.342663883	-0.877470204
0.342668219	-0.881800482
0.342672554	-0.886130760
0.342676889	-0.890461038
0.342681224	-0.894791316
0.342685559	-0.899121594
0.342689894	-0.903451872
0.342694229	-0.907782150
0.342698564	-0.912112428
0.342702899	-0.916442706
0.342707234	-0.920772984
0.342711569	-0.925103263
0.342715905	-0.929433541
0.342720240	-0.933763819
0.342724575	-0.938094097
0.342728910	-0.942424375
0.342733245	-0.946754653
0.342737580	-0.951084931
0.342741915	-0.955415209
0.342746250	-0.959745487
0.342750585	-0.964075765
0.342754920	-0.968406044
0.342759256	-0.972736322
0.342763591	-0.977066600
0.342767926	-0.981396878
0.342772261	-0.985727156
0.342776596	-0.990057434
0.342780931	-0.994387712
0.342785266	-0.998717990
0.342789601	-1.003048268
0.342793936	-1.007378546
0.342798271	-1.011708824
0.342802606	-1.016039103
0.342806942	-1.020369381
0.342811277	-1.024699659
0.342815612	-1.029029937
0.342819947	-1.033360215
0.342824282	-1.037690493
0.342828617	-1.042020771
0.342832952	-1.046351049
0.342837287	-1.050681327
0.342841622	-1.055011605
0.342845957	-1.059341884
0.342850293	-1.063672162
0.342854628	-1.068002440
0.342858963	-1.072332718
0.342863298	-1.076662996
0.342867633	-1.080993274
0.342871968	-1.085323552
0.342876303	-1.089653830
0.342880638	-1.093984108
0.342884973	-1.098314386
0.342889308	-1.102644664
0.342893643	-1.106974943
0.342897979	-1.111305221
0.342902314	-1.115635499
0.342906649	-1.119965777
0.342910984	-1.124296055
0.342915319	-1.128626333
0.342919654	-1.132956611
0.342923989	-1.137286889
0.342928324	-1.141617167
0.342932659	-1.145947445
0.342936994	-1.150277724
0.342941330	-1.154608002
0.342945665	-1.158938280
0.342950000	-1.163268558
0.342954335	-1.167598836
0.342958670	-1.171929114
0.342963005	-1.176259392
0.342967340	-1.180589670
0.342971675	-1.184919948
0.342976010	-1.189250226
0.342980345	-1.193580504
0.342984680	-1.197910783
0.342989016	-1.202241061
0.342993351	-1.206571339
0.342997686	-1.210901617
0.343002021	-1.215231895
0.343006356	-1.219562173
0.343010691	-1.223892451
0.343015026	-1.228222729
0.343019361	-1.232553007
0.343023696	-1.236883285
0.343028031	-1.241213564
0.343032367	-1.245543842
0.343036702	-1.249874120
0.343041037	-1.254204398
0.343045372	-1.258534676
0.343049707	-1.262864954
0.343054042	-1.267195232
0.343058377	-1.271525510
0.343062712	-1.275855788
0.343067047	-1.280186066
0.343071382	-1.284516344
0.343075717	-1.288846623
0.343080053	-1.293176901
0.343084388	-1.297507179
0.343088723	-1.301837457
0.343093058	-1.306167735
0.343097393	-1.310498013
0.343101728	-1.314828291
0.343106063	-1.319158569
0.343110398	-1.323488847
0.343114733	-1.327819125
0.343119068	-1.332149404
0.343123404	-1.336479682
0.343127739	-1.340809960
0.343132074	-1.345140238
0.343136409	-1.349470516
0.343140744	-1.353800794
0.343145079	-1.358131072
0.343149414	-1.362461350
0.343153749	-1.366791628
0.343158084	-1.371121906
0.343162419	-1.375452185
0.343166754	-1.379782463
0.343171090	-1.384112741
0.343175425	-1.388443019
0.343179760	-1.392773297
0.343184095	-1.397103575
0.343188430	-1.401433853
0.343192765	-1.405764131
0.343197100	-1.410094409
0.343201435	-1.414424687
0.343205770	-1.418754965
0.343210105	-1.423085244
0.343214441	-1.427415522
0.343218776	-1.431745800
0.343223111	-1.436076078
0.343227446	-1.440406356
0.343231781	-1.444736634
0.343236116	-1.449066912
0.343240451	-1.453397190
0.343244786	-1.457727468
0.343249121	-1.462057746
0.343253456	-1.466388025
0.343257791	-1.470718303
0.343262127	-1.475048581
0.343266462	-1.479378859
0.343270797	-1.483709137
0.343275132	-1.488039415
0.343279467	-1.492369693
0.343283802	-1.496699971
0.343288137	-1.501030249
0.343292472	-1.505360527
0.343296807	-1.509690805
0.343301142	-1.514021084
0.343305477	-1.518351362
0.343309813	-1.522681640
0.343314148	-1.527011918
0.343932621	-0.855813996
0.343936956	-0.860144274
0.343941291	-0.864474552
0.343945627	-0.868804831
0.343949962	-0.873135109
0.343954297	-0.877465387
0.343958632	-0.881795665
0.343962967	-0.886125943
0.343967302	-0.890456221
0.343971637	-0.894786499
0.343975972	-0.899116777
0.343980307	-0.903447055
0.343984642	-0.907777333
0.343988977	-0.912107611
0.343993313	-0.916437890
0.343997648	-0.920768168
0.344001983	-0.925098446
0.344006318	-0.929428724
0.344010653	-0.933759002
0.344014988	-0.938089280
0.344019323	-0.942419558
0.344023658	-0.946749836
0.344027993	-0.951080114
0.344032328	-0.955410392
0.344036663	-0.959740671
0.344040999	-0.964070949
0.344045334	-0.968401227
0.344049669	-0.972731505
0.344054004	-0.977061783
0.344058339	-0.981392061
0.344062674	-0.985722339
0.344067009	-0.990052617
0.344071344	-0.994382895
0.344075679	-0.998713173
0.344080014	-1.003043452
0.344084350	-1.007373730
0.344088685	-1.011704008
0.344093020	-1.016034286
0.344097355	-1.020364564
0.344101690	-1.024694842
0.344106025	-1.029025120
0.344110360	-1.033355398
0.344114695	-1.037685676
0.344119030	-1.042015954
0.344123365	-1.046346232
0.344127700	-1.050676511
0.344132036	-1.055006789
0.344136371	-1.059337067
0.344140706	-1.063667345
0.344145041	-1.067997623
0.344149376	-1.072327901
0.344153711	-1.076658179
0.344158046	-1.080988457
0.344162381	-1.085318735
0.344166716	-1.089649013
0.344171051	-1.093979292
0.344175387	-1.098309570
0.344179722	-1.102639848
0.344184057	-1.106970126
0.344188392	-1.111300404
0.344192727	-1.115630682
0.344197062	-1.119960960
0.344201397	-1.124291238
0.344205732	-1.128621516
0.344210067	-1.132951794
0.344214402	-1.137282072
0.344218737	-1.141612351
0.344223073	-1.145942629
0.344227408	-1.150272907
0.344231743	-1.154603185
0.344236078	-1.158933463
0.344240413	-1.163263741
0.344244748	-1.167594019
0.344249083	-1.171924297
0.344253418	-1.176254575
0.344257753	-1.180584853
0.344262088	-1.184915132
0.344266424	-1.189245410
0.344270759	-1.193575688
0.344275094	-1.197905966
0.344279429	-1.202236244
0.344283764	-1.206566522
0.344288099	-1.210896800
0.344292434	-1.215227078
0.344296769	-1.219557356
0.344301104	-1.223887634
0.344305439	-1.228217912
0.344309774	-1.232548191
0.344314110	-1.236878469
0.344318445	-1.241208747
0.344322780	-1.245539025
0.344327115	-1.249869303
0.344331450	-1.254199581
0.344335785	-1.258529859
0.344340120	-1.262860137
0.344344455	-1.267190415
0.344348790	-1.271520693
0.344353125	-1.275850972
0.344357461	-1.280181250
0.344361796	-1.284511528
0.344366131	-1.288841806
0.344370466	-1.293172084
0.344374801	-1.297502362
0.344379136	-1.301832640
0.344383471	-1.306162918
0.344387806	-1.310493196
0.344392141	-1.314823474
0.344396476	-1.319153752
0.344400811	-1.323484031
0.344405147	-1.327814309
0.344409482	-1.332144587
0.344413817	-1.336474865
0.344418152	-1.340805143
0.344422487	-1.345135421
0.344426822	-1.349465699
0.344431157	-1.353795977
0.344435492	-1.358126255
0.344439827	-1.362456533
0.344444162	-1.366786812
0.344448498	-1.371117090
0.344452833	-1.375447368
0.344457168	-1.379777646
0.344461503	-1.384107924
0.344465838	-1.388438202
0.344470173	-1.392768480
0.344474508	-1.397098758
0.344478843	-1.401429036
0.344483178	-1.405759314
0.344487513	-1.410089592
0.344491848	-1.414419871
0.344496184	-1.418750149
0.344500519	-1.423080427
0.344504854	-1.427410705
0.344509189	-1.431740983
0.344513524	-1.436071261
0.344517859	-1.440401539
0.344522194	-1.444731817
0.344526529	-1.449062095
0.344530864	-1.453392373
0.344535199	-1.457722652
0.344539534	-1.462052930
0.344543870	-1.466383208
0.344548205	-1.470713486
0.344552540	-1.475043764
0.344556875	-1.479374042
0.344561210	-1.483704320
0.344565545	-1.488034598
0.344569880	-1.492364876
0.344574215	-1.496695154
0.344578550	-1.501025433
0.344582885	-1.505355711
0.344587221	-1.509685989
0.344591556	-1.514016267
0.344595891	-1.518346545
0.344600226	-1.522676823
0.344604561	-1.527007101
0.344608896	-1.531337379
0.345227370	-0.860139458
0.345231705	-0.864469736
0.345236040	-0.868800014
0.345240375	-0.873130292
0.345244710	-0.877460570
0.345249045	-0.881790848
0.345253380	-0.886121126
0.345257715	-0.890451404
0.345262050	-0.894781682
0.345266385	-0.899111960
0.345270720	-0.903442239
0.345275056	-0.907772517
0.345279391	-0.912102795
0.345283726	-0.916433073
0.345288061	-0.920763351
0.345292396	-0.925093629
0.345296731	-0.929423907
0.345301066	-0.933754185
0.345305401	-0.938084463
0.345309736	-0.942414741
0.345314071	-0.946745019
0.345318407	-0.951075298
0.345322742	-0.955405576
0.345327077	-0.959735854
0.345331412	-0.964066132
0.345335747	-0.968396410
0.345340082	-0.972726688
0.345344417	-0.977056966
0.345348752	-0.981387244
0.345353087	-0.985717522
0.345357422	-0.990047800
0.345361757	-0.994378079
0.345366093	-0.998708357
0.345370428	-1.003038635
0.345374763	-1.007368913
0.345379098	-1.011699191
0.345383433	-1.016029469
0.345387768	-1.020359747
0.345392103	-1.024690025
0.345396438	-1.029020303
0.345400773	-1.033350581
0.345405108	-1.037680860
0.345409444	-1.042011138
0.345413779	-1.046341416
0.345418114	-1.050671694
0.345422449	-1.055001972
0.345426784	-1.059332250
0.345431119	-1.063662528
0.345435454	-1.067992806
0.345439789	-1.072323084
0.345444124	-1.076653362
0.345448459	-1.080983640
0.345452794	-1.085313919
0.345457130	-1.089644197
0.345461465	-1.093974475
0.345465800	-1.098304753
0.345470135	-1.102635031
0.345474470	-1.106965309
0.345478805	-1.111295587
0.345483140	-1.115625865
0.345487475	-1.119956143
0.345491810	-1.124286421
0.345496145	-1.128616700
0.345500481	-1.132946978
0.345504816	-1.137277256
0.345509151	-1.141607534
0.345513486	-1.145937812
0.345517821	-1.150268090
0.345522156	-1.154598368
0.345526491	-1.158928646
0.345530826	-1.163258924
0.345535161	-1.167589202
0.345539496	-1.171919480
0.345543831	-1.176249759
0.345548167	-1.180580037
0.345552502	-1.184910315
0.345556837	-1.189240593
0.345561172	-1.193570871
0.345565507	-1.197901149
0.345569842	-1.202231427
0.345574177	-1.206561705
0.345578512	-1.210891983
0.345582847	-1.215222261
0.345587182	-1.219552540
0.345591518	-1.223882818
0.345595853	-1.228213096
0.345600188	-1.232543374
0.345604523	-1.236873652
0.345608858	-1.241203930
0.345613193	-1.245534208
0.345617528	-1.249864486
0.345621863	-1.254194764
0.345626198	-1.258525042
0.345630533	-1.262855320
0.345634868	-1.267185599
0.345639204	-1.271515877
0.345643539	-1.275846155
0.345647874	-1.280176433
0.345652209	-1.284506711
0.345656544	-1.288836989
0.345660879	-1.293167267
0.345665214	-1.297497545
0.345669549	-1.301827823
0.345673884	-1.306158101
0.345678219	-1.310488380
0.345682555	-1.314818658
0.345686890	-1.319148936
0.345691225	-1.323479214
0.345695560	-1.327809492
0.345699895	-1.332139770
0.345704230	-1.336470048
0.345708565	-1.340800326
0.345712900	-1.345130604
0.345717235	-1.349460882
0.345721570	-1.353791160
0.345725905	-1.358121439
0.345730241	-1.362451717
0.345734576	-1.366781995
0.345738911	-1.371112273
0.345743246	-1.375442551
0.345747581	-1.379772829
0.345751916	-1.384103107
0.345756251	-1.388433385
0.345760586	-1.392763663
0.345764921	-1.397093941
0.345769256	-1.401424220
0.345773592	-1.405754498
0.345777927	-1.410084776
0.345782262	-1.414415054
0.345786597	-1.418745332
0.345790932	-1.423075610
0.345795267	-1.427405888
0.345799602	-1.431736166
0.345803937	-1.436066444
0.345808272	-1.440396722
0.345812607	-1.444727000
0.345816942	-1.449057279
0.345821278	-1.453387557
0.345825613	-1.457717835
0.345829948	-1.462048113
0.345834283	-1.466378391
0.345838618	-1.470708669
0.345842953	-1.475038947
0.345847288	-1.479369225
0.345851623	-1.483699503
0.345855958	-1.488029781
0.345860293	-1.492360060
0.345864628	-1.496690338
0.345868964	-1.501020616
0.345873299	-1.505350894
0.345877634	-1.509681172
0.345881969	-1.514011450
0.345886304	-1.518341728
0.345890639	-1.522672006
0.345894974	-1.527002284
0.345899309	-1.531332562
0.345903644	-1.535662840
0.346522118	-0.864464919
0.346526453	-0.868795197
0.346530788	-0.873125475
0.346535123	-0.877455753
0.346539458	-0.881786031
0.346543793	-0.886116309
0.346548128	-0.890446587
0.346552464	-0.894776866
0.346556799	-0.899107144
0.346561134	-0.903437422
0.346565469	-0.907767700
0.346569804	-0.912097978
0.346574139	-0.916428256
0.346578474	-0.920758534
0.346582809	-0.925088812
0.346587144	-0.929419090
0.346591479	-0.933749368
0.346595814	-0.938079647
0.346600150	-0.942409925
0.346604485	-0.946740203
0.346608820	-0.951070481
0.346613155	-0.955400759
0.346617490	-0.959731037
0.346621825	-0.964061315
0.346626160	-0.968391593
0.346630495	-0.972721871
0.346634830	-0.977052149
0.346639165	-0.981382427
0.346643501	-0.985712706
0.346647836	-0.990042984
0.346652171	-0.994373262
0.346656506	-0.998703540
0.346660841	-1.003033818
0.346665176	-1.007364096
0.346669511	-1.011694374
0.346673846	-1.016024652
0.346678181	-1.020354930
0.346682516	-1.024685208
0.346686851	-1.029015487
0.346691187	-1.033345765
0.346695522	-1.037676043
0.346699857	-1.042006321
0.346704192	-1.046336599
0.346708527	-1.050666877
0.346712862	-1.054997155
0.346717197	-1.059327433
0.346721532	-1.063657711
0.346725867	-1.067987989
0.346730202	-1.072318267
0.346734538	-1.076648546
0.346738873	-1.080978824
0.346743208	-1.085309102
0.346747543	-1.089639380
0.346751878	-1.093969658
0.346756213	-1.098299936
0.346760548	-1.102630214
0.346764883	-1.106960492
0.346769218	-1.111290770
0.346773553	-1.115621048
0.346777888	-1.119951327
0.346782224	-1.124281605
0.346786559	-1.128611883
0.346790894	-1.132942161
0.346795229	-1.137272439
0.346799564	-1.141602717
0.346803899	-1.145932995
0.346808234	-1.150263273
0.346812569	-1.154593551
0.346816904	-1.158923829
0.346821239	-1.163254108
0.346825575	-1.167584386
0.346829910	-1.171914664
0.346834245	-1.176244942
0.346838580	-1.180575220
0.346842915	-1.184905498
0.346847250	-1.189235776
0.346851585	-1.193566054
0.346855920	-1.197896332
0.346860255	-1.202226610
0.346864590	-1.206556888
0.346868925	-1.210887167
0.346873261	-1.215217445
0.346877596	-1.219547723
0.346881931	-1.223878001
0.346886266	-1.228208279
0.346890601	-1.232538557
0.346894936	-1.236868835
0.346899271	-1.241199113
0.346903606	-1.245529391
0.346907941	-1.249859669
0.346912276	-1.254189948
0.346916612	-1.258520226
0.346920947	-1.262850504
0.346925282	-1.267180782
0.346929617	-1.271511060
0.346933952	-1.275841338
0.346938287	-1.280171616
0.346942622	-1.284501894
0.346946957	-1.288832172
0.346951292	-1.293162450
0.346955627	-1.297492728
0.346959962	-1.301823007
0.346964298	-1.306153285
0.346968633	-1.310483563
0.346972968	-1.314813841
0.346977303	-1.319144119
0.346981638	-1.323474397
0.346985973	-1.327804675
0.346990308	-1.332134953
0.346994643	-1.336465231
0.346998978	-1.340795509
0.347003313	-1.345125788
0.347007649	-1.349456066
0.347011984	-1.353786344
0.347016319	-1.358116622
0.347020654	-1.362446900
0.347024989	-1.366777178
0.347029324	-1.371107456
0.347033659	-1.375437734
0.347037994	-1.379768012
0.347042329	-1.384098290
0.347046664	-1.388428568
0.347050999	-1.392758847
0.347055335	-1.397089125
0.347059670	-1.401419403
0.347064005	-1.405749681
0.347068340	-1.410079959
0.347072675	-1.414410237
0.347077010	-1.418740515
0.347081345	-1.423070793
0.347085680	-1.427401071
0.347090015	-1.431731349
0.347094350	-1.436061628
0.347098686	-1.440391906
0.347103021	-1.444722184
0.347107356	-1.449052462
0.347111691	-1.453382740
0.347116026	-1.457713018
0.347120361	-1.462043296
0.347124696	-1.466373574
0.347129031	-1.470703852
0.347133366	-1.475034130
0.347137701	-1.479364408
0.347142036	-1.483694687
0.347146372	-1.488024965
0.347150707	-1.492355243
0.347155042	-1.496685521
0.347159377	-1.501015799
0.347163712	-1.505346077
0.347168047	-1.509676355
0.347172382	-1.514006633
0.347176717	-1.518336911
0.347181052	-1.522667189
0.347185387	-1.526997468
0.347189722	-1.531327746
0.347194058	-1.535658024
0.347198393	-1.539988302
0.347816866	-0.868790380
0.347821201	-0.873120658
0.347825536	-0.877450936
0.347829872	-0.881781215
0.347834207	-0.886111493
0.347838542	-0.890441771
0.347842877	-0.894772049
0.347847212	-0.899102327
0.347851547	-0.903432605
0.347855882	-0.907762883
0.347860217	-0.912093161
0.347864552	-0.916423439
0.347868887	-0.920753717
0.347873222	-0.925083995
0.347877558	-0.929414274
0.347881893	-0.933744552
0.347886228	-0.938074830
0.347890563	-0.942405108
0.347894898	-0.946735386
0.347899233	-0.951065664
0.347903568	-0.955395942
0.347907903	-0.959726220
0.347912238	-0.964056498
0.347916573	-0.968386776
0.347920908	-0.972717055
0.347925244	-0.977047333
0.347929579	-0.981377611
0.347933914	-0.985707889
0.347938249	-0.990038167
0.347942584	-0.994368445
0.347946919	-0.998698723
0.347951254	-1.003029001
0.347955589	-1.007359279
0.347959924	-1.011689557
0.347964259	-1.016019835
0.347968595	-1.020350114
0.347972930	-1.024680392
0.347977265	-1.029010670
0.347981600	-1.033340948
0.347985935	-1.037671226
0.347990270	-1.042001504
0.347994605	-1.046331782
0.347998940	-1.050662060
0.348003275	-1.054992338
0.348007610	-1.059322616
0.348011945	-1.063652895
0.348016281	-1.067983173
0.348020616	-1.072313451
0.348024951	-1.076643729
0.348029286	-1.080974007
0.348033621	-1.085304285
0.348037956	-1.089634563
0.348042291	-1.093964841
0.348046626	-1.098295119
0.348050961	-1.102625397
0.348055296	-1.106955675
0.348059632	-1.111285954
0.348063967	-1.115616232
0.348068302	-1.119946510
0.348072637	-1.124276788
0.348076972	-1.128607066
0.348081307	-1.132937344
0.348085642	-1.137267622
0.348089977	-1.141597900
0.348094312	-1.145928178
0.348098647	-1.150258456
0.348102982	-1.154588735
0.348107318	-1.158919013
0.348111653	-1.163249291
0.348115988	-1.167579569
0.348120323	-1.171909847
0.348124658	-1.176240125
0.348128993	-1.180570403
0.348133328	-1.184900681
0.348137663	-1.189230959
0.348141998	-1.193561237
0.348146333	-1.197891515
0.348150669	-1.202221794
0.348155004	-1.206552072
0.348159339	-1.210882350
0.348163674	-1.215212628
0.348168009	-1.219542906
0.348172344	-1.223873184
0.348176679	-1.228203462
0.348181014	-1.232533740
0.348185349	-1.236864018
0.348189684	-1.241194296
0.348194019	-1.245524575
0.348198355	-1.249854853
0.348202690	-1.254185131
0.348207025	-1.258515409
0.348211360	-1.262845687
0.348215695	-1.267175965
0.348220030	-1.271506243
0.348224365	-1.275836521
0.348228700	-1.280166799
0.348233035	-1.284497077
0.348237370	-1.288827356
0.348241706	-1.293157634
0.348246041	-1.297487912
0.348250376	-1.301818190
0.348254711	-1.306148468
0.348259046	-1.310478746
0.348263381	-1.314809024
0.348267716	-1.319139302
0.348272051	-1.323469580
0.348276386	-1.327799858
0.348280721	-1.332130136
0.348285056	-1.336460415
0.348289392	-1.340790693
0.348293727	-1.345120971
0.348298062	-1.349451249
0.348302397	-1.353781527
0.348306732	-1.358111805
0.348311067	-1.362442083
0.348315402	-1.366772361
0.348319737	-1.371102639
0.348324072	-1.375432917
0.348328407	-1.379763196
0.348332743	-1.384093474
0.348337078	-1.388423752
0.348341413	-1.392754030
0.348345748	-1.397084308
0.348350083	-1.401414586
0.348354418	-1.405744864
0.348358753	-1.410075142
0.348363088	-1.414405420
0.348367423	-1.418735698
0.348371758	-1.423065976
0.348376093	-1.427396255
0.348380429	-1.431726533
0.348384764	-1.436056811
0.348389099	-1.440387089
0.348393434	-1.444717367
0.348397769	-1.449047645
0.348402104	-1.453377923
0.348406439	-1.457708201
0.348410774	-1.462038479
0.348415109	-1.466368757
0.348419444	-1.470699036
0.348423780	-1.475029314
0.348428115	-1.479359592
0.348432450	-1.483689870
0.348436785	-1.488020148
0.348441120	-1.492350426
0.348445455	-1.496680704
0.348449790	-1.501010982
0.348454125	-1.505341260
0.348458460	-1.509671538
0.348462795	-1.514001816
0.348467130	-1.518332095
0.348471466	-1.522662373
0.348475801	-1.526992651
0.348480136	-1.531322929
0.348484471	-1.535653207
0.348488806	-1.539983485
0.348493141	-1.544313763
0.349115950	-0.877446120
0.349120285	-0.881776398
0.349124620	-0.886106676
0.349128955	-0.890436954
0.349133290	-0.894767232
0.349137625	-0.899097510
0.349141960	-0.903427788
0.349146295	-0.907758066
0.349150630	-0.912088344
0.349154966	-0.916418623
0.349159301	-0.920748901
0.349163636	-0.925079179
0.349167971	-0.929409457
0.349172306	-0.933739735
0.349176641	-0.938070013
0.349180976	-0.942400291
0.349185311	-0.946730569
0.349189646	-0.951060847
0.349193981	-0.955391125
0.349198316	-0.959721403
0.349202652	-0.964051682
0.349206987	-0.968381960
0.349211322	-0.972712238
0.349215657	-0.977042516
0.349219992	-0.981372794
0.349224327	-0.985703072
0.349228662	-0.990033350
0.349232997	-0.994363628
0.349237332	-0.998693906
0.349241667	-1.003024184
0.349246002	-1.007354463
0.349250338	-1.011684741
0.349254673	-1.016015019
0.349259008	-1.020345297
0.349263343	-1.024675575
0.349267678	-1.029005853
0.349272013	-1.033336131
0.349276348	-1.037666409
0.349280683	-1.041996687
0.349285018	-1.046326965
0.349289353	-1.050657243
0.349293689	-1.054987522
0.349298024	-1.059317800
0.349302359	-1.063648078
0.349306694	-1.067978356
0.349311029	-1.072308634
0.349315364	-1.076638912
0.349319699	-1.080969190
0.349324034	-1.085299468
0.349328369	-1.089629746
0.349332704	-1.093960024
0.349337039	-1.098290303
0.349341375	-1.102620581
0.349345710	-1.106950859
0.349350045	-1.111281137
0.349354380	-1.115611415
0.349358715	-1.119941693
0.349363050	-1.124271971
0.349367385	-1.128602249
0.349371720	-1.132932527
0.349376055	-1.137262805
0.349380390	-1.141593083
0.349384726	-1.145923362
0.349389061	-1.150253640
0.349393396	-1.154583918
0.349397731	-1.158914196
0.349402066	-1.163244474
0.349406401	-1.167574752
0.349410736	-1.171905030
0.349415071	-1.176235308
0.349419406	-1.180565586
0.349423741	-1.184895864
0.349428076	-1.189226143
0.349432412	-1.193556421
0.349436747	-1.197886699
0.349441082	-1.202216977
0.349445417	-1.206547255
0.349449752	-1.210877533
0.349454087	-1.215207811
0.349458422	-1.219538089
0.349462757	-1.223868367
0.349467092	-1.228198645
0.349471427	-1.232528923
0.349475763	-1.236859202
0.349480098	-1.241189480
0.349484433	-1.245519758
0.349488768	-1.249850036
0.349493103	-1.254180314
0.349497438	-1.258510592
0.349501773	-1.262840870
0.349506108	-1.267171148
0.349510443	-1.271501426
0.349514778	-1.275831704
0.349519113	-1.280161983
0.349523449	-1.284492261
0.349527784	-1.288822539
0.349532119	-1.293152817
0.349536454	-1.297483095
0.349540789	-1.301813373
0.349545124	-1.306143651
0.349549459	-1.310473929
0.349553794	-1.314804207
0.349558129	-1.319134485
0.349562464	-1.323464763
0.349566800	-1.327795042
0.349571135	-1.332125320
0.349575470	-1.336455598
0.349579805	-1.340785876
0.349584140	-1.345116154
0.349588475	-1.349446432
0.349592810	-1.353776710
0.349597145	-1.358106988
0.349601480	-1.362437266
0.349605815	-1.366767544
0.349610150	-1.371097823
0.349614486	-1.375428101
0.349618821	-1.379758379
0.349623156	-1.384088657
0.349627491	-1.388418935
0.349631826	-1.392749213
0.349636161	-1.397079491
0.349640496	-1.401409769
0.349644831	-1.405740047
0.349649166	-1.410070325
0.349653501	-1.414400604
0.349657837	-1.418730882
0.349662172	-1.423061160
0.349666507	-1.427391438
0.349670842	-1.431721716
0.349675177	-1.436051994
0.349679512	-1.440382272
0.349683847	-1.444712550
0.349688182	-1.449042828
0.349692517	-1.453373106
0.349696852	-1.457703384
0.349701187	-1.462033663
0.349705523	-1.466363941
0.349709858	-1.470694219
0.349714193	-1.475024497
0.349718528	-1.479354775
0.349722863	-1.483685053
0.349727198	-1.488015331
0.349731533	-1.492345609
0.349735868	-1.496675887
0.349740203	-1.501006165
0.349744538	-1.505336444
0.349748873	-1.509666722
0.349753209	-1.513997000
0.349757544	-1.518327278
0.349761879	-1.522657556
0.349766214	-1.526987834
0.349770549	-1.531318112
0.349774884	-1.535648390
0.349779219	-1.539978668
0.349783554	-1.544308946
0.349787889	-1.548639224
0.350410698	-0.881771581
0.350415033	-0.886101859
0.350419368	-0.890432137
0.350423703	-0.894762415
0.350428038	-0.899092693
0.350432373	-0.903422971
0.350436709	-0.907753250
0.350441044	-0.912083528
0.350445379	-0.916413806
0.350449714	-0.920744084
0.350454049	-0.925074362
0.350458384	-0.929404640
0.350462719	-0.933734918
0.350467054	-0.938065196
0.350471389	-0.942395474
0.350475724	-0.946725752
0.350480059	-0.951056030
0.350484395	-0.955386309
0.350488730	-0.959716587
0.350493065	-0.964046865
0.350497400	-0.968377143
0.350501735	-0.972707421
0.350506070	-0.977037699
0.350510405	-0.981367977
0.350514740	-0.985698255
0.350519075	-0.990028533
0.350523410	-0.994358811
0.350527746	-0.998689090
0.350532081	-1.003019368
0.350536416	-1.007349646
0.350540751	-1.011679924
0.350545086	-1.016010202
0.350549421	-1.020340480
0.350553756	-1.024670758
0.350558091	-1.029001036
0.350562426	-1.033331314
0.350566761	-1.037661592
0.350571096	-1.041991871
0.350575432	-1.046322149
0.350579767	-1.050652427
0.350584102	-1.054982705
0.350588437	-1.059312983
0.350592772	-1.063643261
0.350597107	-1.067973539
0.350601442	-1.072303817
0.350605777	-1.076634095
0.350610112	-1.080964373
0.350614447	-1.085294651
0.350618783	-1.089624930
0.350623118	-1.093955208
0.350627453	-1.098285486
0.350631788	-1.102615764
0.350636123	-1.106946042
0.350640458	-1.111276320
0.350644793	-1.115606598
0.350649128	-1.119936876
0.350653463	-1.124267154
0.350657798	-1.128597432
0.350662133	-1.132927711
0.350666469	-1.137257989
0.350670804	-1.141588267
0.350675139	-1.145918545
0.350679474	-1.150248823
0.350683809	-1.154579101
0.350688144	-1.158909379
0.350692479	-1.163239657
0.350696814	-1.167569935
0.350701149	-1.171900213
0.350705484	-1.176230491
0.350709820	-1.180560770
0.350714155	-1.184891048
0.350718490	-1.189221326
0.350722825	-1.193551604
0.350727160	-1.197881882
0.350731495	-1.202212160
0.350735830	-1.206542438
0.350740165	-1.210872716
0.350744500	-1.215202994
0.350748835	-1.219533272
0.350753170	-1.223863551
0.350757506	-1.228193829
0.350761841	-1.232524107
0.350766176	-1.236854385
0.350770511	-1.241184663
0.350774846	-1.245514941
0.350779181	-1.249845219
0.350783516	-1.254175497
0.350787851	-1.258505775
0.350792186	-1.262836053
0.350796521	-1.267166331
0.350800857	-1.271496610
0.350805192	-1.275826888
0.350809527	-1.280157166
0.350813862	-1.284487444
0.350818197	-1.288817722
0.350822532	-1.293148000
0.350826867	-1.297478278
0.350831202	-1.301808556
0.350835537	-1.306138834
0.350839872	-1.310469112
0.350844207	-1.314799391
0.350848543	-1.319129669
0.350852878	-1.323459947
0.350857213	-1.327790225
0.350861548	-1.332120503
0.350865883	-1.336450781
0.350870218	-1.340781059
0.350874553	-1.345111337
0.350878888	-1.349441615
0.350883223	-1.353771893
0.350887558	-1.358102171
0.350891894	-1.362432450
0.350896229	-1.366762728
0.350900564	-1.371093006
0.350904899	-1.375423284
0.350909234	-1.379753562
0.350913569	-1.384083840
0.350917904	-1.388414118
0.350922239	-1.392744396
0.350926574	-1.397074674
0.350930909	-1.401404952
0.350935244	-1.405735231
0.350939580	-1.410065509
0.350943915	-1.414395787
0.350948250	-1.418726065
0.350952585	-1.423056343
0.350956920	-1.427386621
0.350961255	-1.431716899
0.350965590	-1.436047177
0.350969925	-1.440377455
0.350974260	-1.444707733
0.350978595	-1.449038011
0.350982931	-1.453368290
0.350987266	-1.457698568
0.350991601	-1.462028846
0.350995936	-1.466359124
0.351000271	-1.470689402
0.351004606	-1.475019680
0.351008941	-1.479349958
0.351013276	-1.483680236
0.351017611	-1.488010514
0.351021946	-1.492340792
0.351026281	-1.496671071
0.351030617	-1.501001349
0.351034952	-1.505331627
0.351039287	-1.509661905
0.351043622	-1.513992183
0.351047957	-1.518322461
0.351052292	-1.522652739
0.351056627	-1.526983017
0.351060962	-1.531313295
0.351065297	-1.535643573
0.351069632	-1.539973852
0.351073967	-1.544304130
0.351078303	-1.548634408
0.351709781	-0.890427320
0.351714117	-0.894757598
0.351718452	-0.899087877
0.351722787	-0.903418155
0.351727122	-0.907748433
0.351731457	-0.912078711
0.351735792	-0.916408989
0.351740127	-0.920739267
0.351744462	-0.925069545
0.351748797	-0.929399823
0.351753132	-0.933730101
0.351757467	-0.938060379
0.351761803	-0.942390658
0.351766138	-0.946720936
0.351770473	-0.951051214
0.351774808	-0.955381492
0.351779143	-0.959711770
0.351783478	-0.964042048
0.351787813	-0.968372326
0.351792148	-0.972702604
0.351796483	-0.977032882
0.351800818	-0.981363160
0.351805153	-0.985693438
0.351809489	-0.990023717
0.351813824	-0.994353995
0.351818159	-0.998684273
0.351822494	-1.003014551
0.351826829	-1.007344829
0.351831164	-1.011675107
0.351835499	-1.016005385
0.351839834	-1.020335663
0.351844169	-1.024665941
0.351848504	-1.028996219
0.351852840	-1.033326498
0.351857175	-1.037656776
0.351861510	-1.041987054
0.351865845	-1.046317332
0.351870180	-1.050647610
0.351874515	-1.054977888
0.351878850	-1.059308166
0.351883185	-1.063638444
0.351887520	-1.067968722
0.351891855	-1.072299000
0.351896190	-1.076629279
0.351900526	-1.080959557
0.351904861	-1.085289835
0.351909196	-1.089620113
0.351913531	-1.093950391
0.351917866	-1.098280669
0.351922201	-1.102610947
0.351926536	-1.106941225
0.351930871	-1.111271503
0.351935206	-1.115601781
0.351939541	-1.119932059
0.351943877	-1.124262338
0.351948212	-1.128592616
0.351952547	-1.132922894
0.351956882	-1.137253172
0.351961217	-1.141583450
0.351965552	-1.145913728
0.351969887	-1.150244006
0.351974222	-1.154574284
0.351978557	-1.158904562
0.351982892	-1.163234840
0.351987227	-1.167565119
0.351991563	-1.171895397
0.351995898	-1.176225675
0.352000233	-1.180555953
0.352004568	-1.184886231
0.352008903	-1.189216509
0.352013238	-1.193546787
0.352017573	-1.197877065
0.352021908	-1.202207343
0.352026243	-1.206537621
0.352030578	-1.210867899
0.352034914	-1.215198178
0.352039249	-1.219528456
0.352043584	-1.223858734
0.352047919	-1.228189012
0.352052254	-1.232519290
0.352056589	-1.236849568
0.352060924	-1.241179846
0.352065259	-1.245510124
0.352069594	-1.249840402
0.352073929	-1.254170680
0.352078264	-1.258500959
0.352082600	-1.262831237
0.352086935	-1.267161515
0.352091270	-1.271491793
0.352095605	-1.275822071
0.352099940	-1.280152349
0.352104275	-1.284482627
0.352108610	-1.288812905
0.352112945	-1.293143183
0.352117280	-1.297473461
0.352121615	-1.301803739
0.352125951	-1.306134018
0.352130286	-1.310464296
0.352134621	-1.314794574
0.352138956	-1.319124852
0.352143291	-1.323455130
0.352147626	-1.327785408
0.352151961	-1.332115686
0.352156296	-1.336445964
0.352160631	-1.340776242
0.352164966	-1.345106520
0.352169301	-1.349436799
0.352173637	-1.353767077
0.352177972	-1.358097355
0.352182307	-1.362427633
0.352186642	-1.366757911
0.352190977	-1.371088189
0.352195312	-1.375418467
0.352199647	-1.379748745
0.352203982	-1.384079023
0.352208317	-1.388409301
0.352212652	-1.392739579
0.352216988	-1.397069858
0.352221323	-1.401400136
0.352225658	-1.405730414
0.352229993	-1.410060692
0.352234328	-1.414390970
0.352238663	-1.418721248
0.352242998	-1.423051526
0.352247333	-1.427381804
0.352251668	-1.431712082
0.352256003	-1.436042360
0.352260338	-1.440372639
0.352264674	-1.444702917
0.352269009	-1.449033195
0.352273344	-1.453363473
0.352277679	-1.457693751
0.352282014	-1.462024029
0.352286349	-1.466354307
0.352290684	-1.470684585
0.352295019	-1.475014863
0.352299354	-1.479345141
0.352303689	-1.483675419
0.352308025	-1.488005698
0.352312360	-1.492335976
0.352316695	-1.496666254
0.352321030	-1.500996532
0.352325365	-1.505326810
0.352329700	-1.509657088
0.352334035	-1.513987366
0.352338370	-1.518317644
0.352342705	-1.522647922
0.352347040	-1.526978200
0.352351375	-1.531308479
0.352355711	-1.535638757
0.352360046	-1.539969035
0.352364381	-1.544299313
0.352368716	-1.548629591
0.352373051	-1.552959869
0.353004530	-0.894752782
0.353008865	-0.899083060
0.353013200	-0.903413338
0.353017535	-0.907743616
0.353021870	-0.912073894
0.353026205	-0.916404172
0.353030540	-0.920734450
0.353034875	-0.925064728
0.353039211	-0.929395006
0.353043546	-0.933725285
0.353047881	-0.938055563
0.353052216	-0.942385841
0.353056551	-0.946716119
0.353060886	-0.951046397
0.353065221	-0.955376675
0.353069556	-0.959706953
0.353073891	-0.964037231
0.353078226	-0.968367509
0.353082561	-0.972697787
0.353086897	-0.977028066
0.353091232	-0.981358344
0.353095567	-0.985688622
0.353099902	-0.990018900
0.353104237	-0.994349178
0.353108572	-0.998679456
0.353112907	-1.003009734
0.353117242	-1.007340012
0.353121577	-1.011670290
0.353125912	-1.016000568
0.353130247	-1.020330846
0.353134583	-1.024661125
0.353138918	-1.028991403
0.353143253	-1.033321681
0.353147588	-1.037651959
0.353151923	-1.041982237
0.353156258	-1.046312515
0.353160593	-1.050642793
0.353164928	-1.054973071
0.353169263	-1.059303349
0.353173598	-1.063633627
0.353177934	-1.067963906
0.353182269	-1.072294184
0.353186604	-1.076624462
0.353190939	-1.080954740
0.353195274	-1.085285018
0.353199609	-1.089615296
0.353203944	-1.093945574
0.353208279	-1.098275852
0.353212614	-1.102606130
0.353216949	-1.106936408
0.353221284	-1.111266686
0.353225620	-1.115596965
0.353229955	-1.119927243
0.353234290	-1.124257521
0.353238625	-1.128587799
0.353242960	-1.132918077
0.353247295	-1.137248355
0.353251630	-1.141578633
0.353255965	-1.145908911
0.353260300	-1.150239189
0.353264635	-1.154569467
0.353268971	-1.158899746
0.353273306	-1.163230024
0.353277641	-1.167560302
0.353281976	-1.171890580
0.353286311	-1.176220858
0.353290646	-1.180551136
0.353294981	-1.184881414
0.353299316	-1.189211692
0.353303651	-1.193541970
0.353307986	-1.197872248
0.353312321	-1.202202527
0.353316657	-1.206532805
0.353320992	-1.210863083
0.353325327	-1.215193361
0.353329662	-1.219523639
0.353333997	-1.223853917
0.353338332	-1.228184195
0.353342667	-1.232514473
0.353347002	-1.236844751
0.353351337	-1.241175029
0.353355672	-1.245505307
0.353360008	-1.249835586
0.353364343	-1.254165864
0.353368678	-1.258496142
0.353373013	-1.262826420
0.353377348	-1.267156698
0.353381683	-1.271486976
0.353386018	-1.275817254
0.353390353	-1.280147532
0.353394688	-1.284477810
0.353399023	-1.288808088
0.353403358	-1.293138367
0.353407694	-1.297468645
0.353412029	-1.301798923
0.353416364	-1.306129201
0.353420699	-1.310459479
0.353425034	-1.314789757
0.353429369	-1.319120035
0.353433704	-1.323450313
0.353438039	-1.327780591
0.353442374	-1.332110869
0.353446709	-1.336441147
0.353451045	-1.340771426
0.353455380	-1.345101704
0.353459715	-1.349431982
0.353464050	-1.353762260
0.353468385	-1.358092538
0.353472720	-1.362422816
0.353477055	-1.366753094
0.353481390	-1.371083372
0.353485725	-1.375413650
0.353490060	-1.379743928
0.353494395	-1.384074207
0.353498731	-1.388404485
0.353503066	-1.392734763
0.353507401	-1.397065041
0.353511736	-1.401395319
0.353516071	-1.405725597
0.353520406	-1.410055875
0.353524741	-1.414386153
0.353529076	-1.418716431
0.353533411	-1.423046709
0.353537746	-1.427376987
0.353542082	-1.431707266
0.353546417	-1.436037544
0.353550752	-1.440367822
0.353555087	-1.444698100
0.353559422	-1.449028378
0.353563757	-1.453358656
0.353568092	-1.457688934
0.353572427	-1.462019212
0.353576762	-1.466349490
0.353581097	-1.470679768
0.353585432	-1.475010047
0.353589768	-1.479340325
0.353594103	-1.483670603
0.353598438	-1.488000881
0.353602773	-1.492331159
0.353607108	-1.496661437
0.353611443	-1.500991715
0.353615778	-1.505321993
0.353620113	-1.509652271
0.353624448	-1.513982549
0.353628783	-1.518312827
0.353633118	-1.522643106
0.353637454	-1.526973384
0.353641789	-1.531303662
0.353646124	-1.535633940
0.353650459	-1.539964218
0.353654794	-1.544294496
0.353659129	-1.548624774
0.353663464	-1.552955052
0.354299278	-0.899078243
0.354303613	-0.903408521
0.354307948	-0.907738799
0.354312283	-0.912069077
0.354316618	-0.916399355
0.354320954	-0.920729634
0.354325289	-0.925059912
0.354329624	-0.929390190
0.354333959	-0.933720468
0.354338294	-0.938050746
0.354342629	-0.942381024
0.354346964	-0.946711302
0.354351299	-0.951041580
0.354355634	-0.955371858
0.354359969	-0.959702136
0.354364305	-0.964032414
0.354368640	-0.968362693
0.354372975	-0.972692971
0.354377310	-0.977023249
0.354381645	-0.981353527
0.354385980	-0.985683805
0.354390315	-0.990014083
0.354394650	-0.994344361
0.354398985	-0.998674639
0.354403320	-1.003004917
0.354407655	-1.007335195
0.354411991	-1.011665474
0.354416326	-1.015995752
0.354420661	-1.020326030
0.354424996	-1.024656308
0.354429331	-1.028986586
0.354433666	-1.033316864
0.354438001	-1.037647142
0.354442336	-1.041977420
0.354446671	-1.046307698
0.354451006	-1.050637976
0.354455341	-1.054968254
0.354459677	-1.059298533
0.354464012	-1.063628811
0.354468347	-1.067959089
0.354472682	-1.072289367
0.354477017	-1.076619645
0.354481352	-1.080949923
0.354485687	-1.085280201
0.354490022	-1.089610479
0.354494357	-1.093940757
0.354498692	-1.098271035
0.354503028	-1.102601314
0.354507363	-1.106931592
0.354511698	-1.111261870
0.354516033	-1.115592148
0.354520368	-1.119922426
0.354524703	-1.124252704
0.354529038	-1.128582982
0.354533373	-1.132913260
0.354537708	-1.137243538
0.354542043	-1.141573816
0.354546378	-1.145904094
0.354550714	-1.150234373
0.354555049	-1.154564651
0.354559384	-1.158894929
0.354563719	-1.163225207
0.354568054	-1.167555485
0.354572389	-1.171885763
0.354576724	-1.176216041
0.354581059	-1.180546319
0.354585394	-1.184876597
0.354589729	-1.189206875
0.354594065	-1.193537154
0.354598400	-1.197867432
0.354602735	-1.202197710
0.354607070	-1.206527988
0.354611405	-1.210858266
0.354615740	-1.215188544
0.354620075	-1.219518822
0.354624410	-1.223849100
0.354628745	-1.228179378
0.354633080	-1.232509656
0.354637415	-1.236839934
0.354641751	-1.241170213
0.354646086	-1.245500491
0.354650421	-1.249830769
0.354654756	-1.254161047
0.354659091	-1.258491325
0.354663426	-1.262821603
0.354667761	-1.267151881
0.354672096	-1.271482159
0.354676431	-1.275812437
0.354680766	-1.280142715
0.354685102	-1.284472994
0.354689437	-1.288803272
0.354693772	-1.293133550
0.354698107	-1.297463828
0.354702442	-1.301794106
0.354706777	-1.306124384
0.354711112	-1.310454662
0.354715447	-1.314784940
0.354719782	-1.319115218
0.354724117	-1.323445496
0.354728452	-1.327775775
0.354732788	-1.332106053
0.354737123	-1.336436331
0.354741458	-1.340766609
0.354745793	-1.345096887
0.354750128	-1.349427165
0.354754463	-1.353757443
0.354758798	-1.358087721
0.354763133	-1.362417999
0.354767468	-1.366748277
0.354771803	-1.371078555
0.354776139	-1.375408834
0.354780474	-1.379739112
0.354784809	-1.384069390
0.354789144	-1.388399668
0.354793479	-1.392729946
0.354797814	-1.397060224
0.354802149	-1.401390502
0.354806484	-1.405720780
0.354810819	-1.410051058
0.354815154	-1.414381336
0.354819489	-1.418711615
0.354823825	-1.423041893
0.354828160	-1.427372171
0.354832495	-1.431702449
0.354836830	-1.436032727
0.354841165	-1.440363005
0.354845500	-1.444693283
0.354849835	-1.449023561
0.354854170	-1.453353839
0.354858505	-1.457684117
0.354862840	-1.462014395
0.354867176	-1.466344674
0.354871511	-1.470674952
0.354875846	-1.475005230
0.354880181	-1.479335508
0.354884516	-1.483665786
0.354888851	-1.487996064
0.354893186	-1.492326342
0.354897521	-1.496656620
0.354901856	-1.500986898
0.354906191	-1.505317176
0.354910526	-1.509647455
0.354914862	-1.513977733
0.354919197	-1.518308011
0.354923532	-1.522638289
0.354927867	-1.526968567
0.354932202	-1.531298845
0.354936537	-1.535629123
0.354940872	-1.539959401
0.354945207	-1.544289679
0.354949542	-1.548619957
0.354953877	-1.552950235
0.354958212	-1.557280514
0.355598362	-0.907733982
0.355602697	-0.912064261
0.355607032	-0.916394539
0.355611367	-0.920724817
0.355615702	-0.925055095
0.355620037	-0.929385373
0.355624372	-0.933715651
0.355628707	-0.938045929
0.355633042	-0.942376207
0.355637377	-0.946706485
0.355641712	-0.951036763
0.355646048	-0.955367042
0.355650383	-0.959697320
0.355654718	-0.964027598
0.355659053	-0.968357876
0.355663388	-0.972688154
0.355667723	-0.977018432
0.355672058	-0.981348710
0.355676393	-0.985678988
0.355680728	-0.990009266
0.355685063	-0.994339544
0.355689398	-0.998669822
0.355693734	-1.003000101
0.355698069	-1.007330379
0.355702404	-1.011660657
0.355706739	-1.015990935
0.355711074	-1.020321213
0.355715409	-1.024651491
0.355719744	-1.028981769
0.355724079	-1.033312047
0.355728414	-1.037642325
0.355732749	-1.041972603
0.355737085	-1.046302882
0.355741420	-1.050633160
0.355745755	-1.054963438
0.355750090	-1.059293716
0.355754425	-1.063623994
0.355758760	-1.067954272
0.355763095	-1.072284550
0.355767430	-1.076614828
0.355771765	-1.080945106
0.355776100	-1.085275384
0.355780435	-1.089605662
0.355784771	-1.093935941
0.355789106	-1.098266219
0.355793441	-1.102596497
0.355797776	-1.106926775
0.355802111	-1.111257053
0.355806446	-1.115587331
0.355810781	-1.119917609
0.355815116	-1.124247887
0.355819451	-1.128578165
0.355823786	-1.132908443
0.355828122	-1.137238722
0.355832457	-1.141569000
0.355836792	-1.145899278
0.355841127	-1.150229556
0.355845462	-1.154559834
0.355849797	-1.158890112
0.355854132	-1.163220390
0.355858467	-1.167550668
0.355862802	-1.171880946
0.355867137	-1.176211224
0.355871472	-1.180541502
0.355875808	-1.184871781
0.355880143	-1.189202059
0.355884478	-1.193532337
0.355888813	-1.197862615
0.355893148	-1.202192893
0.355897483	-1.206523171
0.355901818	-1.210853449
0.355906153	-1.215183727
0.355910488	-1.219514005
0.355914823	-1.223844283
0.355919159	-1.228174562
0.355923494	-1.232504840
0.355927829	-1.236835118
0.355932164	-1.241165396
0.355936499	-1.245495674
0.355940834	-1.249825952
0.355945169	-1.254156230
0.355949504	-1.258486508
0.355953839	-1.262816786
0.355958174	-1.267147064
0.355962509	-1.271477342
0.355966845	-1.275807621
0.355971180	-1.280137899
0.355975515	-1.284468177
0.355979850	-1.288798455
0.355984185	-1.293128733
0.355988520	-1.297459011
0.355992855	-1.301789289
0.355997190	-1.306119567
0.356001525	-1.310449845
0.356005860	-1.314780123
0.356010196	-1.319110402
0.356014531	-1.323440680
0.356018866	-1.327770958
0.356023201	-1.332101236
0.356027536	-1.336431514
0.356031871	-1.340761792
0.356036206	-1.345092070
0.356040541	-1.349422348
0.356044876	-1.353752626
0.356049211	-1.358082904
0.356053546	-1.362413182
0.356057882	-1.366743461
0.356062217	-1.371073739
0.356066552	-1.375404017
0.356070887	-1.379734295
0.356075222	-1.384064573
0.356079557	-1.388394851
0.356083892	-1.392725129
0.356088227	-1.397055407
0.356092562	-1.401385685
0.356096897	-1.405715963
0.356101233	-1.410046242
0.356105568	-1.414376520
0.356109903	-1.418706798
0.356114238	-1.423037076
0.356118573	-1.427367354
0.356122908	-1.431697632
0.356127243	-1.436027910
0.356131578	-1.440358188
0.356135913	-1.444688466
0.356140248	-1.449018744
0.356144583	-1.453349023
0.356148919	-1.457679301
0.356153254	-1.462009579
0.356157589	-1.466339857
0.356161924	-1.470670135
0.356166259	-1.475000413
0.356170594	-1.479330691
0.356174929	-1.483660969
0.356179264	-1.487991247
0.356183599	-1.492321525
0.356187934	-1.496651803
0.356192270	-1.500982082
0.356196605	-1.505312360
0.356200940	-1.509642638
0.356205275	-1.513972916
0.356209610	-1.518303194
0.356213945	-1.522633472
0.356218280	-1.526963750
0.356222615	-1.531294028
0.356226950	-1.535624306
0.356231285	-1.539954584
0.356235620	-1.544284863
0.356239956	-1.548615141
0.356244291	-1.552945419
0.356248626	-1.557275697
0.356252961	-1.561605975
0.356893110	-0.912059444
0.356897445	-0.916389722
0.356901780	-0.920720000
0.356906115	-0.925050278
0.356910450	-0.929380556
0.356914785	-0.933710834
0.356919120	-0.938041112
0.356923456	-0.942371390
0.356927791	-0.946701669
0.356932126	-0.951031947
0.356936461	-0.955362225
0.356940796	-0.959692503
0.356945131	-0.964022781
0.356949466	-0.968353059
0.356953801	-0.972683337
0.356958136	-0.977013615
0.356962471	-0.981343893
0.356966806	-0.985674171
0.356971142	-0.990004449
0.356975477	-0.994334728
0.356979812	-0.998665006
0.356984147	-1.002995284
0.356988482	-1.007325562
0.356992817	-1.011655840
0.356997152	-1.015986118
0.357001487	-1.020316396
0.357005822	-1.024646674
0.357010157	-1.028976952
0.357014492	-1.033307230
0.357018828	-1.037637509
0.357023163	-1.041967787
0.357027498	-1.046298065
0.357031833	-1.050628343
0.357036168	-1.054958621
0.357040503	-1.059288899
0.357044838	-1.063619177
0.357049173	-1.067949455
0.357053508	-1.072279733
0.357057843	-1.076610011
0.357062179	-1.080940290
0.357066514	-1.085270568
0.357070849	-1.089600846
0.357075184	-1.093931124
0.357079519	-1.098261402
0.357083854	-1.102591680
0.357088189	-1.106921958
0.357092524	-1.111252236
0.357096859	-1.115582514
0.357101194	-1.119912792
0.357105529	-1.124243070
0.357109865	-1.128573349
0.357114200	-1.132903627
0.357118535	-1.137233905
0.357122870	-1.141564183
0.357127205	-1.145894461
0.357131540	-1.150224739
0.357135875	-1.154555017
0.357140210	-1.158885295
0.357144545	-1.163215573
0.357148880	-1.167545851
0.357153216	-1.171876130
0.357157551	-1.176206408
0.357161886	-1.180536686
0.357166221	-1.184866964
0.357170556	-1.189197242
0.357174891	-1.193527520
0.357179226	-1.197857798
0.357183561	-1.202188076
0.357187896	-1.206518354
0.357192231	-1.210848632
0.357196566	-1.215178910
0.357200902	-1.219509189
0.357205237	-1.223839467
0.357209572	-1.228169745
0.357213907	-1.232500023
0.357218242	-1.236830301
0.357222577	-1.241160579
0.357226912	-1.245490857
0.357231247	-1.249821135
0.357235582	-1.254151413
0.357239917	-1.258481691
0.357244253	-1.262811970
0.357248588	-1.267142248
0.357252923	-1.271472526
0.357257258	-1.275802804
0.357261593	-1.280133082
0.357265928	-1.284463360
0.357270263	-1.288793638
0.357274598	-1.293123916
0.357278933	-1.297454194
0.357283268	-1.301784472
0.357287603	-1.306114750
0.357291939	-1.310445029
0.357296274	-1.314775307
0.357300609	-1.319105585
0.357304944	-1.323435863
0.357309279	-1.327766141
0.357313614	-1.332096419
0.357317949	-1.336426697
0.357322284	-1.340756975
0.357326619	-1.345087253
0.357330954	-1.349417531
0.357335290	-1.353747810
0.357339625	-1.358078088
0.357343960	-1.362408366
0.357348295	-1.366738644
0.357352630	-1.371068922
0.357356965	-1.375399200
0.357361300	-1.379729478
0.357365635	-1.384059756
0.357369970	-1.388390034
0.357374305	-1.392720312
0.357378640	-1.397050590
0.357382976	-1.401380869
0.357387311	-1.405711147
0.357391646	-1.410041425
0.357395981	-1.414371703
0.357400316	-1.418701981
0.357404651	-1.423032259
0.357408986	-1.427362537
0.357413321	-1.431692815
0.357417656	-1.436023093
0.357421991	-1.440353371
0.357426327	-1.444683650
0.357430662	-1.449013928
0.357434997	-1.453344206
0.357439332	-1.457674484
0.357443667	-1.462004762
0.357448002	-1.466335040
0.357452337	-1.470665318
0.357456672	-1.474995596
0.357461007	-1.479325874
0.357465342	-1.483656152
0.357469677	-1.487986430
0.357474013	-1.492316709
0.357478348	-1.496646987
0.357482683	-1.500977265
0.357487018	-1.505307543
0.357491353	-1.509637821
0.357495688	-1.513968099
0.357500023	-1.518298377
0.357504358	-1.522628655
0.357508693	-1.526958933
0.357513028	-1.531289211
0.357517364	-1.535619490
0.357521699	-1.539949768
0.357526034	-1.544280046
0.357530369	-1.548610324
0.357534704	-1.552940602
0.357539039	-1.557270880
0.357543374	-1.561601158
0.358192193	-0.920715183
0.358196528	-0.925045461
0.358200863	-0.929375739
0.358205199	-0.933706017
0.358209534	-0.938036296
0.358213869	-0.942366574
0.358218204	-0.946696852
0.358222539	-0.951027130
0.358226874	-0.955357408
0.358231209	-0.959687686
0.358235544	-0.964017964
0.358239879	-0.968348242
0.358244214	-0.972678520
0.358248550	-0.977008798
0.358252885	-0.981339077
0.358257220	-0.985669355
0.358261555	-0.989999633
0.358265890	-0.994329911
0.358270225	-0.998660189
0.358274560	-1.002990467
0.358278895	-1.007320745
0.358283230	-1.011651023
0.358287565	-1.015981301
0.358291900	-1.020311579
0.358296236	-1.024641857
0.358300571	-1.028972136
0.358304906	-1.033302414
0.358309241	-1.037632692
0.358313576	-1.041962970
0.358317911	-1.046293248
0.358322246	-1.050623526
0.358326581	-1.054953804
0.358330916	-1.059284082
0.358335251	-1.063614360
0.358339586	-1.067944638
0.358343922	-1.072274917
0.358348257	-1.076605195
0.358352592	-1.080935473
0.358356927	-1.085265751
0.358361262	-1.089596029
0.358365597	-1.093926307
0.358369932	-1.098256585
0.358374267	-1.102586863
0.358378602	-1.106917141
0.358382937	-1.111247419
0.358387273	-1.115577698
0.358391608	-1.119907976
0.358395943	-1.124238254
0.358400278	-1.128568532
0.358404613	-1.132898810
0.358408948	-1.137229088
0.358413283	-1.141559366
0.358417618	-1.145889644
0.358421953	-1.150219922
0.358426288	-1.154550200
0.358430623	-1.158880478
0.358434959	-1.163210757
0.358439294	-1.167541035
0.358443629	-1.171871313
0.358447964	-1.176201591
0.358452299	-1.180531869
0.358456634	-1.184862147
0.358460969	-1.189192425
0.358465304	-1.193522703
0.358469639	-1.197852981
0.358473974	-1.202183259
0.358478310	-1.206513538
0.358482645	-1.210843816
0.358486980	-1.215174094
0.358491315	-1.219504372
0.358495650	-1.223834650
0.358499985	-1.228164928
0.358504320	-1.232495206
0.358508655	-1.236825484
0.358512990	-1.241155762
0.358517325	-1.245486040
0.358521660	-1.249816318
0.358525996	-1.254146597
0.358530331	-1.258476875
0.358534666	-1.262807153
0.358539001	-1.267137431
0.358543336	-1.271467709
0.358547671	-1.275797987
0.358552006	-1.280128265
0.358556341	-1.284458543
0.358560676	-1.288788821
0.358565011	-1.293119099
0.358569347	-1.297449378
0.358573682	-1.301779656
0.358578017	-1.306109934
0.358582352	-1.310440212
0.358586687	-1.314770490
0.358591022	-1.319100768
0.358595357	-1.323431046
0.358599692	-1.327761324
0.358604027	-1.332091602
0.358608362	-1.336421880
0.358612697	-1.340752158
0.358617033	-1.345082437
0.358621368	-1.349412715
0.358625703	-1.353742993
0.358630038	-1.358073271
0.358634373	-1.362403549
0.358638708	-1.366733827
0.358643043	-1.371064105
0.358647378	-1.375394383
0.358651713	-1.379724661
0.358656048	-1.384054939
0.358660384	-1.388385218
0.358664719	-1.392715496
0.358669054	-1.397045774
0.358673389	-1.401376052
0.358677724	-1.405706330
0.358682059	-1.410036608
0.358686394	-1.414366886
0.358690729	-1.418697164
0.358695064	-1.423027442
0.358699399	-1.427357720
0.358703734	-1.431687998
0.358708070	-1.436018277
0.358712405	-1.440348555
0.358716740	-1.444678833
0.358721075	-1.449009111
0.358725410	-1.453339389
0.358729745	-1.457669667
0.358734080	-1.461999945
0.358738415	-1.466330223
0.358742750	-1.470660501
0.358747085	-1.474990779
0.358751421	-1.479321058
0.358755756	-1.483651336
0.358760091	-1.487981614
0.358764426	-1.492311892
0.358768761	-1.496642170
0.358773096	-1.500972448
0.358777431	-1.505302726
0.358781766	-1.509633004
0.358786101	-1.513963282
0.358790436	-1.518293560
0.358794771	-1.522623838
0.358799107	-1.526954117
0.358803442	-1.531284395
0.358807777	-1.535614673
0.358812112	-1.539944951
0.358816447	-1.544275229
0.358820782	-1.548605507
0.358825117	-1.552935785
0.358829452	-1.557266063
0.358833787	-1.561596341
0.358838122	-1.565926619
0.359486942	-0.925040645
0.359491277	-0.929370923
0.359495612	-0.933701201
0.359499947	-0.938031479
0.359504282	-0.942361757
0.359508617	-0.946692035
0.359512952	-0.951022313
0.359517287	-0.955352591
0.359521622	-0.959682869
0.359525957	-0.964013147
0.359530293	-0.968343425
0.359534628	-0.972673704
0.359538963	-0.977003982
0.359543298	-0.981334260
0.359547633	-0.985664538
0.359551968	-0.989994816
0.359556303	-0.994325094
0.359560638	-0.998655372
0.359564973	-1.002985650
0.359569308	-1.007315928
0.359573643	-1.011646206
0.359577979	-1.015976485
0.359582314	-1.020306763
0.359586649	-1.024637041
0.359590984	-1.028967319
0.359595319	-1.033297597
0.359599654	-1.037627875
0.359603989	-1.041958153
0.359608324	-1.046288431
0.359612659	-1.050618709
0.359616994	-1.054948987
0.359621330	-1.059279265
0.359625665	-1.063609544
0.359630000	-1.067939822
0.359634335	-1.072270100
0.359638670	-1.076600378
0.359643005	-1.080930656
0.359647340	-1.085260934
0.359651675	-1.089591212
0.359656010	-1.093921490
0.359660345	-1.098251768
0.359664680	-1.102582046
0.359669016	-1.106912325
0.359673351	-1.111242603
0.359677686	-1.115572881
0.359682021	-1.119903159
0.359686356	-1.124233437
0.359690691	-1.128563715
0.359695026	-1.132893993
0.359699361	-1.137224271
0.359703696	-1.141554549
0.359708031	-1.145884827
0.359712367	-1.150215105
0.359716702	-1.154545384
0.359721037	-1.158875662
0.359725372	-1.163205940
0.359729707	-1.167536218
0.359734042	-1.171866496
0.359738377	-1.176196774
0.359742712	-1.180527052
0.359747047	-1.184857330
0.359751382	-1.189187608
0.359755717	-1.193517886
0.359760053	-1.197848165
0.359764388	-1.202178443
0.359768723	-1.206508721
0.359773058	-1.210838999
0.359777393	-1.215169277
0.359781728	-1.219499555
0.359786063	-1.223829833
0.359790398	-1.228160111
0.359794733	-1.232490389
0.359799068	-1.236820667
0.359803404	-1.241150946
0.359807739	-1.245481224
0.359812074	-1.249811502
0.359816409	-1.254141780
0.359820744	-1.258472058
0.359825079	-1.262802336
0.359829414	-1.267132614
0.359833749	-1.271462892
0.359838084	-1.275793170
0.359842419	-1.280123448
0.359846754	-1.284453726
0.359851090	-1.288784005
0.359855425	-1.293114283
0.359859760	-1.297444561
0.359864095	-1.301774839
0.359868430	-1.306105117
0.359872765	-1.310435395
0.359877100	-1.314765673
0.359881435	-1.319095951
0.359885770	-1.323426229
0.359890105	-1.327756507
0.359894441	-1.332086786
0.359898776	-1.336417064
0.359903111	-1.340747342
0.359907446	-1.345077620
0.359911781	-1.349407898
0.359916116	-1.353738176
0.359920451	-1.358068454
0.359924786	-1.362398732
0.359929121	-1.366729010
0.359933456	-1.371059288
0.359937791	-1.375389566
0.359942127	-1.379719845
0.359946462	-1.384050123
0.359950797	-1.388380401
0.359955132	-1.392710679
0.359959467	-1.397040957
0.359963802	-1.401371235
0.359968137	-1.405701513
0.359972472	-1.410031791
0.359976807	-1.414362069
0.359981142	-1.418692347
0.359985478	-1.423022626
0.359989813	-1.427352904
0.359994148	-1.431683182
0.359998483	-1.436013460
0.360002818	-1.440343738
0.360007153	-1.444674016
0.360011488	-1.449004294
0.360015823	-1.453334572
0.360020158	-1.457664850
0.360024493	-1.461995128
0.360028828	-1.466325406
0.360033164	-1.470655685
0.360037499	-1.474985963
0.360041834	-1.479316241
0.360046169	-1.483646519
0.360050504	-1.487976797
0.360054839	-1.492307075
0.360059174	-1.496637353
0.360063509	-1.500967631
0.360067844	-1.505297909
0.360072179	-1.509628187
0.360076515	-1.513958466
0.360080850	-1.518288744
0.360085185	-1.522619022
0.360089520	-1.526949300
0.360093855	-1.531279578
0.360098190	-1.535609856
0.360102525	-1.539940134
0.360106860	-1.544270412
0.360111195	-1.548600690
0.360115530	-1.552930968
0.360119865	-1.557261246
0.360124201	-1.561591525
0.360128536	-1.565921803
0.360786025	-0.933696384
0.360790360	-0.938026662
0.360794695	-0.942356940
0.360799030	-0.946687218
0.360803365	-0.951017496
0.360807701	-0.955347774
0.360812036	-0.959678053
0.360816371	-0.964008331
0.360820706	-0.968338609
0.360825041	-0.972668887
0.360829376	-0.976999165
0.360833711	-0.981329443
0.360838046	-0.985659721
0.360842381	-0.989989999
0.360846716	-0.994320277
0.360851051	-0.998650555
0.360855387	-1.002980833
0.360859722	-1.007311112
0.360864057	-1.011641390
0.360868392	-1.015971668
0.360872727	-1.020301946
0.360877062	-1.024632224
0.360881397	-1.028962502
0.360885732	-1.033292780
0.360890067	-1.037623058
0.360894402	-1.041953336
0.360898737	-1.046283614
0.360903073	-1.050613893
0.360907408	-1.054944171
0.360911743	-1.059274449
0.360916078	-1.063604727
0.360920413	-1.067935005
0.360924748	-1.072265283
0.360929083	-1.076595561
0.360933418	-1.080925839
0.360937753	-1.085256117
0.360942088	-1.089586395
0.360946424	-1.093916673
0.360950759	-1.098246952
0.360955094	-1.102577230
0.360959429	-1.106907508
0.360963764	-1.111237786
0.360968099	-1.115568064
0.360972434	-1.119898342
0.360976769	-1.124228620
0.360981104	-1.128558898
0.360985439	-1.132889176
0.360989774	-1.137219454
0.360994110	-1.141549733
0.360998445	-1.145880011
0.361002780	-1.150210289
0.361007115	-1.154540567
0.361011450	-1.158870845
0.361015785	-1.163201123
0.361020120	-1.167531401
0.361024455	-1.171861679
0.361028790	-1.176191957
0.361033125	-1.180522235
0.361037461	-1.184852513
0.361041796	-1.189182792
0.361046131	-1.193513070
0.361050466	-1.197843348
0.361054801	-1.202173626
0.361059136	-1.206503904
0.361063471	-1.210834182
0.361067806	-1.215164460
0.361072141	-1.219494738
0.361076476	-1.223825016
0.361080811	-1.228155294
0.361085147	-1.232485573
0.361089482	-1.236815851
0.361093817	-1.241146129
0.361098152	-1.245476407
0.361102487	-1.249806685
0.361106822	-1.254136963
0.361111157	-1.258467241
0.361115492	-1.262797519
0.361119827	-1.267127797
0.361124162	-1.271458075
0.361128498	-1.275788353
0.361132833	-1.280118632
0.361137168	-1.284448910
0.361141503	-1.288779188
0.361145838	-1.293109466
0.361150173	-1.297439744
0.361154508	-1.301770022
0.361158843	-1.306100300
0.361163178	-1.310430578
0.361167513	-1.314760856
0.361171848	-1.319091134
0.361176184	-1.323421413
0.361180519	-1.327751691
0.361184854	-1.332081969
0.361189189	-1.336412247
0.361193524	-1.340742525
0.361197859	-1.345072803
0.361202194	-1.349403081
0.361206529	-1.353733359
0.361210864	-1.358063637
0.361215199	-1.362393915
0.361219535	-1.366724194
0.361223870	-1.371054472
0.361228205	-1.375384750
0.361232540	-1.379715028
0.361236875	-1.384045306
0.361241210	-1.388375584
0.361245545	-1.392705862
0.361249880	-1.397036140
0.361254215	-1.401366418
0.361258550	-1.405696696
0.361262885	-1.410026974
0.361267221	-1.414357253
0.361271556	-1.418687531
0.361275891	-1.423017809
0.361280226	-1.427348087
0.361284561	-1.431678365
0.361288896	-1.436008643
0.361293231	-1.440338921
0.361297566	-1.444669199
0.361301901	-1.448999477
0.361306236	-1.453329755
0.361310572	-1.457660034
0.361314907	-1.461990312
0.361319242	-1.466320590
0.361323577	-1.470650868
0.361327912	-1.474981146
0.361332247	-1.479311424
0.361336582	-1.483641702
0.361340917	-1.487971980
0.361345252	-1.492302258
0.361349587	-1.496632536
0.361353922	-1.500962814
0.361358258	-1.505293093
0.361362593	-1.509623371
0.361366928	-1.513953649
0.361371263	-1.518283927
0.361375598	-1.522614205
0.361379933	-1.526944483
0.361384268	-1.531274761
0.361388603	-1.535605039
0.361392938	-1.539935317
0.361397273	-1.544265595
0.361401609	-1.548595874
0.361405944	-1.552926152
0.361410279	-1.557256430
0.361414614	-1.561586708
0.361418949	-1.565916986
0.362085108	-0.942352123
0.362089444	-0.946682401
0.362093779	-0.951012680
0.362098114	-0.955342958
0.362102449	-0.959673236
0.362106784	-0.964003514
0.362111119	-0.968333792
0.362115454	-0.972664070
0.362119789	-0.976994348
0.362124124	-0.981324626
0.362128459	-0.985654904
0.362132795	-0.989985182
0.362137130	-0.994315461
0.362141465	-0.998645739
0.362145800	-1.002976017
0.362150135	-1.007306295
0.362154470	-1.011636573
0.362158805	-1.015966851
0.362163140	-1.020297129
0.362167475	-1.024627407
0.362171810	-1.028957685
0.362176145	-1.033287963
0.362180481	-1.037618241
0.362184816	-1.041948520
0.362189151	-1.046278798
0.362193486	-1.050609076
0.362197821	-1.054939354
0.362202156	-1.059269632
0.362206491	-1.063599910
0.362210826	-1.067930188
0.362215161	-1.072260466
0.362219496	-1.076590744
0.362223831	-1.080921022
0.362228167	-1.085251301
0.362232502	-1.089581579
0.362236837	-1.093911857
0.362241172	-1.098242135
0.362245507	-1.102572413
0.362249842	-1.106902691
0.362254177	-1.111232969
0.362258512	-1.115563247
0.362262847	-1.119893525
0.362267182	-1.124223803
0.362271518	-1.128554081
0.362275853	-1.132884360
0.362280188	-1.137214638
0.362284523	-1.141544916
0.362288858	-1.145875194
0.362293193	-1.150205472
0.362297528	-1.154535750
0.362301863	-1.158866028
0.362306198	-1.163196306
0.362310533	-1.167526584
0.362314868	-1.171856862
0.362319204	-1.176187141
0.362323539	-1.180517419
0.362327874	-1.184847697
0.362332209	-1.189177975
0.362336544	-1.193508253
0.362340879	-1.197838531
0.362345214	-1.202168809
0.362349549	-1.206499087
0.362353884	-1.210829365
0.362358219	-1.215159643
0.362362555	-1.219489921
0.362366890	-1.223820200
0.362371225	-1.228150478
0.362375560	-1.232480756
0.362379895	-1.236811034
0.362384230	-1.241141312
0.362388565	-1.245471590
0.362392900	-1.249801868
0.362397235	-1.254132146
0.362401570	-1.258462424
0.362405905	-1.262792702
0.362410241	-1.267122981
0.362414576	-1.271453259
0.362418911	-1.275783537
0.362423246	-1.280113815
0.362427581	-1.284444093
0.362431916	-1.288774371
0.362436251	-1.293104649
0.362440586	-1.297434927
0.362444921	-1.301765205
0.362449256	-1.306095483
0.362453592	-1.310425761
0.362457927	-1.314756040
0.362462262	-1.319086318
0.362466597	-1.323416596
0.362470932	-1.327746874
0.362475267	-1.332077152
0.362479602	-1.336407430
0.362483937	-1.340737708
0.362488272	-1.345067986
0.362492607	-1.349398264
0.362496942	-1.353728542
0.362501278	-1.358058821
0.362505613	-1.362389099
0.362509948	-1.366719377
0.362514283	-1.371049655
0.362518618	-1.375379933
0.362522953	-1.379710211
0.362527288	-1.384040489
0.362531623	-1.388370767
0.362535958	-1.392701045
0.362540293	-1.397031323
0.362544629	-1.401361601
0.362548964	-1.405691880
0.362553299	-1.410022158
0.362557634	-1.414352436
0.362561969	-1.418682714
0.362566304	-1.423012992
0.362570639	-1.427343270
0.362574974	-1.431673548
0.362579309	-1.436003826
0.362583644	-1.440334104
0.362587979	-1.444664382
0.362592315	-1.448994661
0.362596650	-1.453324939
0.362600985	-1.457655217
0.362605320	-1.461985495
0.362609655	-1.466315773
0.362613990	-1.470646051
0.362618325	-1.474976329
0.362622660	-1.479306607
0.362626995	-1.483636885
0.362631330	-1.487967163
0.362635666	-1.492297442
0.362640001	-1.496627720
0.362644336	-1.500957998
0.362648671	-1.505288276
0.362653006	-1.509618554
0.362657341	-1.513948832
0.362661676	-1.518279110
0.362666011	-1.522609388
0.362670346	-1.526939666
0.362674681	-1.531269944
0.362679016	-1.535600222
0.362683352	-1.539930501
0.362687687	-1.544260779
0.362692022	-1.548591057
0.362696357	-1.552921335
0.362700692	-1.557251613
0.362705027	-1.561581891
0.362709362	-1.565912169
0.363384192	-0.951007863
0.363388527	-0.955338141
0.363392862	-0.959668419
0.363397197	-0.963998697
0.363401532	-0.968328975
0.363405867	-0.972659253
0.363410202	-0.976989531
0.363414538	-0.981319809
0.363418873	-0.985650088
0.363423208	-0.989980366
0.363427543	-0.994310644
0.363431878	-0.998640922
0.363436213	-1.002971200
0.363440548	-1.007301478
0.363444883	-1.011631756
0.363449218	-1.015962034
0.363453553	-1.020292312
0.363457889	-1.024622590
0.363462224	-1.028952869
0.363466559	-1.033283147
0.363470894	-1.037613425
0.363475229	-1.041943703
0.363479564	-1.046273981
0.363483899	-1.050604259
0.363488234	-1.054934537
0.363492569	-1.059264815
0.363496904	-1.063595093
0.363501239	-1.067925371
0.363505575	-1.072255649
0.363509910	-1.076585928
0.363514245	-1.080916206
0.363518580	-1.085246484
0.363522915	-1.089576762
0.363527250	-1.093907040
0.363531585	-1.098237318
0.363535920	-1.102567596
0.363540255	-1.106897874
0.363544590	-1.111228152
0.363548925	-1.115558430
0.363553261	-1.119888709
0.363557596	-1.124218987
0.363561931	-1.128549265
0.363566266	-1.132879543
0.363570601	-1.137209821
0.363574936	-1.141540099
0.363579271	-1.145870377
0.363583606	-1.150200655
0.363587941	-1.154530933
0.363592276	-1.158861211
0.363596612	-1.163191489
0.363600947	-1.167521768
0.363605282	-1.171852046
0.363609617	-1.176182324
0.363613952	-1.180512602
0.363618287	-1.184842880
0.363622622	-1.189173158
0.363626957	-1.193503436
0.363631292	-1.197833714
0.363635627	-1.202163992
0.363639962	-1.206494270
0.363644298	-1.210824549
0.363648633	-1.215154827
0.363652968	-1.219485105
0.363657303	-1.223815383
0.363661638	-1.228145661
0.363665973	-1.232475939
0.363670308	-1.236806217
0.363674643	-1.241136495
0.363678978	-1.245466773
0.363683313	-1.249797051
0.363687649	-1.254127329
0.363691984	-1.258457608
0.363696319	-1.262787886
0.363700654	-1.267118164
0.363704989	-1.271448442
0.363709324	-1.275778720
0.363713659	-1.280108998
0.363717994	-1.284439276
0.363722329	-1.288769554
0.363726664	-1.293099832
0.363730999	-1.297430110
0.363735335	-1.301760389
0.363739670	-1.306090667
0.363744005	-1.310420945
0.363748340	-1.314751223
0.363752675	-1.319081501
0.363757010	-1.323411779
0.363761345	-1.327742057
0.363765680	-1.332072335
0.363770015	-1.336402613
0.363774350	-1.340732891
0.363778686	-1.345063169
0.363783021	-1.349393448
0.363787356	-1.353723726
0.363791691	-1.358054004
0.363796026	-1.362384282
0.363800361	-1.366714560
0.363804696	-1.371044838
0.363809031	-1.375375116
0.363813366	-1.379705394
0.363817701	-1.384035672
0.363822036	-1.388365950
0.363826372	-1.392696229
0.363830707	-1.397026507
0.363835042	-1.401356785
0.363839377	-1.405687063
0.363843712	-1.410017341
0.363848047	-1.414347619
0.363852382	-1.418677897
0.363856717	-1.423008175
0.363861052	-1.427338453
0.363865387	-1.431668731
0.363869723	-1.435999009
0.363874058	-1.440329288
0.363878393	-1.444659566
0.363882728	-1.448989844
0.363887063	-1.453320122
0.363891398	-1.457650400
0.363895733	-1.461980678
0.363900068	-1.466310956
0.363904403	-1.470641234
0.363908738	-1.474971512
0.363913073	-1.479301790
0.363917409	-1.483632069
0.363921744	-1.487962347
0.363926079	-1.492292625
0.363930414	-1.496622903
0.363934749	-1.500953181
0.363939084	-1.505283459
0.363943419	-1.509613737
0.363947754	-1.513944015
0.363952089	-1.518274293
0.363956424	-1.522604571
0.363960760	-1.526934849
0.363965095	-1.531265128
0.363969430	-1.535595406
0.363973765	-1.539925684
0.363978100	-1.544255962
0.363982435	-1.548586240
0.363986770	-1.552916518
0.363991105	-1.557246796
0.363995440	-1.561577074
0.363999775	-1.565907352
0.364678940	-0.955333324
0.364683275	-0.959663602
0.364687610	-0.963993880
0.364691946	-0.968324158
0.364696281	-0.972654436
0.364700616	-0.976984715
0.364704951	-0.981314993
0.364709286	-0.985645271
0.364713621	-0.989975549
0.364717956	-0.994305827
0.364722291	-0.998636105
0.364726626	-1.002966383
0.364730961	-1.007296661
0.364735296	-1.011626939
0.364739632	-1.015957217
0.364743967	-1.020287496
0.364748302	-1.024617774
0.364752637	-1.028948052
0.364756972	-1.033278330
0.364761307	-1.037608608
0.364765642	-1.041938886
0.364769977	-1.046269164
0.364774312	-1.050599442
0.364778647	-1.054929720
0.364782982	-1.059259998
0.364787318	-1.063590276
0.364791653	-1.067920555
0.364795988	-1.072250833
0.364800323	-1.076581111
0.364804658	-1.080911389
0.364808993	-1.085241667
0.364813328	-1.089571945
0.364817663	-1.093902223
0.364821998	-1.098232501
0.364826333	-1.102562779
0.364830669	-1.106893057
0.364835004	-1.111223336
0.364839339	-1.115553614
0.364843674	-1.119883892
0.364848009	-1.124214170
0.364852344	-1.128544448
0.364856679	-1.132874726
0.364861014	-1.137205004
0.364865349	-1.141535282
0.364869684	-1.145865560
0.364874019	-1.150195838
0.364878355	-1.154526117
0.364882690	-1.158856395
0.364887025	-1.163186673
0.364891360	-1.167516951
0.364895695	-1.171847229
0.364900030	-1.176177507
0.364904365	-1.180507785
0.364908700	-1.184838063
0.364913035	-1.189168341
0.364917370	-1.193498619
0.364921706	-1.197828897
0.364926041	-1.202159176
0.364930376	-1.206489454
0.364934711	-1.210819732
0.364939046	-1.215150010
0.364943381	-1.219480288
0.364947716	-1.223810566
0.364952051	-1.228140844
0.364956386	-1.232471122
0.364960721	-1.236801400
0.364965056	-1.241131678
0.364969392	-1.245461957
0.364973727	-1.249792235
0.364978062	-1.254122513
0.364982397	-1.258452791
0.364986732	-1.262783069
0.364991067	-1.267113347
0.364995402	-1.271443625
0.364999737	-1.275773903
0.365004072	-1.280104181
0.365008407	-1.284434459
0.365012743	-1.288764737
0.365017078	-1.293095016
0.365021413	-1.297425294
0.365025748	-1.301755572
0.365030083	-1.306085850
0.365034418	-1.310416128
0.365038753	-1.314746406
0.365043088	-1.319076684
0.365047423	-1.323406962
0.365051758	-1.327737240
0.365056093	-1.332067518
0.365060429	-1.336397797
0.365064764	-1.340728075
0.365069099	-1.345058353
0.365073434	-1.349388631
0.365077769	-1.353718909
0.365082104	-1.358049187
0.365086439	-1.362379465
0.365090774	-1.366709743
0.365095109	-1.371040021
0.365099444	-1.375370299
0.365103780	-1.379700577
0.365108115	-1.384030856
0.365112450	-1.388361134
0.365116785	-1.392691412
0.365121120	-1.397021690
0.365125455	-1.401351968
0.365129790	-1.405682246
0.365134125	-1.410012524
0.365138460	-1.414342802
0.365142795	-1.418673080
0.365147130	-1.423003358
0.365151466	-1.427333637
0.365155801	-1.431663915
0.365160136	-1.435994193
0.365164471	-1.440324471
0.365168806	-1.444654749
0.365173141	-1.448985027
0.365177476	-1.453315305
0.365181811	-1.457645583
0.365186146	-1.461975861
0.365190481	-1.466306139
0.365194817	-1.470636417
0.365199152	-1.474966696
0.365203487	-1.479296974
0.365207822	-1.483627252
0.365212157	-1.487957530
0.365216492	-1.492287808
0.365220827	-1.496618086
0.365225162	-1.500948364
0.365229497	-1.505278642
0.365233832	-1.509608920
0.365238167	-1.513939198
0.365242503	-1.518269477
0.365246838	-1.522599755
0.365251173	-1.526930033
0.365255508	-1.531260311
0.365259843	-1.535590589
0.365264178	-1.539920867
0.365268513	-1.544251145
0.365272848	-1.548581423
0.365277183	-1.552911701
0.365281518	-1.557241979
0.365285854	-1.561572257
0.365290189	-1.565902536
0.365978024	-0.963989064
0.365982359	-0.968319342
0.365986694	-0.972649620
0.365991029	-0.976979898
0.365995364	-0.981310176
0.365999699	-0.985640454
0.366004034	-0.989970732
0.366008369	-0.994301010
0.366012704	-0.998631288
0.366017040	-1.002961566
0.366021375	-1.007291844
0.366025710	-1.011622123
0.366030045	-1.015952401
0.366034380	-1.020282679
0.366038715	-1.024612957
0.366043050	-1.028943235
0.366047385	-1.033273513
0.366051720	-1.037603791
0.366056055	-1.041934069
0.366060390	-1.046264347
0.366064726	-1.050594625
0.366069061	-1.054924904
0.366073396	-1.059255182
0.366077731	-1.063585460
0.366082066	-1.067915738
0.366086401	-1.072246016
0.366090736	-1.076576294
0.366095071	-1.080906572
0.366099406	-1.085236850
0.366103741	-1.089567128
0.366108076	-1.093897406
0.366112412	-1.098227684
0.366116747	-1.102557963
0.366121082	-1.106888241
0.366125417	-1.111218519
0.366129752	-1.115548797
0.366134087	-1.119879075
0.366138422	-1.124209353
0.366142757	-1.128539631
0.366147092	-1.132869909
0.366151427	-1.137200187
0.366155763	-1.141530465
0.366160098	-1.145860744
0.366164433	-1.150191022
0.366168768	-1.154521300
0.366173103	-1.158851578
0.366177438	-1.163181856
0.366181773	-1.167512134
0.366186108	-1.171842412
0.366190443	-1.176172690
0.366194778	-1.180502968
0.366199113	-1.184833246
0.366203449	-1.189163524
0.366207784	-1.193493803
0.366212119	-1.197824081
0.366216454	-1.202154359
0.366220789	-1.206484637
0.366225124	-1.210814915
0.366229459	-1.215145193
0.366233794	-1.219475471
0.366238129	-1.223805749
0.366242464	-1.228136027
0.366246800	-1.232466305
0.366251135	-1.236796584
0.366255470	-1.241126862
0.366259805	-1.245457140
0.366264140	-1.249787418
0.366268475	-1.254117696
0.366272810	-1.258447974
0.366277145	-1.262778252
0.366281480	-1.267108530
0.366285815	-1.271438808
0.366290150	-1.275769086
0.366294486	-1.280099365
0.366298821	-1.284429643
0.366303156	-1.288759921
0.366307491	-1.293090199
0.366311826	-1.297420477
0.366316161	-1.301750755
0.366320496	-1.306081033
0.366324831	-1.310411311
0.366329166	-1.314741589
0.366333501	-1.319071867
0.366337837	-1.323402145
0.366342172	-1.327732424
0.366346507	-1.332062702
0.366350842	-1.336392980
0.366355177	-1.340723258
0.366359512	-1.345053536
0.366363847	-1.349383814
0.366368182	-1.353714092
0.366372517	-1.358044370
0.366376852	-1.362374648
0.366381187	-1.366704926
0.366385523	-1.371035205
0.366389858	-1.375365483
0.366394193	-1.379695761
0.366398528	-1.384026039
0.366402863	-1.388356317
0.366407198	-1.392686595
0.366411533	-1.397016873
0.366415868	-1.401347151
0.366420203	-1.405677429
0.366424538	-1.410007707
0.366428874	-1.414337985
0.366433209	-1.418668264
0.366437544	-1.422998542
0.366441879	-1.427328820
0.366446214	-1.431659098
0.366450549	-1.435989376
0.366454884	-1.440319654
0.366459219	-1.444649932
0.366463554	-1.448980210
0.366467889	-1.453310488
0.366472224	-1.457640766
0.366476560	-1.461971045
0.366480895	-1.466301323
0.366485230	-1.470631601
0.366489565	-1.474961879
0.366493900	-1.479292157
0.366498235	-1.483622435
0.366502570	-1.487952713
0.366506905	-1.492282991
0.366511240	-1.496613269
0.366515575	-1.500943547
0.366519911	-1.505273825
0.366524246	-1.509604104
0.366528581	-1.513934382
0.366532916	-1.518264660
0.366537251	-1.522594938
0.366541586	-1.526925216
0.366545921	-1.531255494
0.366550256	-1.535585772
0.366554591	-1.539916050
0.366558926	-1.544246328
0.366563261	-1.548576606
0.366567597	-1.552906885
0.366571932	-1.557237163
0.366576267	-1.561567441
0.366580602	-1.565897719
0.366584937	-1.570227997
0.367277107	-0.972644803
0.367281442	-0.976975081
0.367285777	-0.981305359
0.367290112	-0.985635637
0.367294447	-0.989965915
0.367298783	-0.994296193
0.367303118	-0.998626472
0.367307453	-1.002956750
0.367311788	-1.007287028
0.367316123	-1.011617306
0.367320458	-1.015947584
0.367324793	-1.020277862
0.367329128	-1.024608140
0.367333463	-1.028938418
0.367337798	-1.033268696
0.367342134	-1.037598974
0.367346469	-1.041929252
0.367350804	-1.046259531
0.367355139	-1.050589809
0.367359474	-1.054920087
0.367363809	-1.059250365
0.367368144	-1.063580643
0.367372479	-1.067910921
0.367376814	-1.072241199
0.367381149	-1.076571477
0.367385484	-1.080901755
0.367389820	-1.085232033
0.367394155	-1.089562312
0.367398490	-1.093892590
0.367402825	-1.098222868
0.367407160	-1.102553146
0.367411495	-1.106883424
0.367415830	-1.111213702
0.367420165	-1.115543980
0.367424500	-1.119874258
0.367428835	-1.124204536
0.367433170	-1.128534814
0.367437506	-1.132865092
0.367441841	-1.137195371
0.367446176	-1.141525649
0.367450511	-1.145855927
0.367454846	-1.150186205
0.367459181	-1.154516483
0.367463516	-1.158846761
0.367467851	-1.163177039
0.367472186	-1.167507317
0.367476521	-1.171837595
0.367480857	-1.176167873
0.367485192	-1.180498152
0.367489527	-1.184828430
0.367493862	-1.189158708
0.367498197	-1.193488986
0.367502532	-1.197819264
0.367506867	-1.202149542
0.367511202	-1.206479820
0.367515537	-1.210810098
0.367519872	-1.215140376
0.367524207	-1.219470654
0.367528543	-1.223800932
0.367532878	-1.228131211
0.367537213	-1.232461489
0.367541548	-1.236791767
0.367545883	-1.241122045
0.367550218	-1.245452323
0.367554553	-1.249782601
0.367558888	-1.254112879
0.367563223	-1.258443157
0.367567558	-1.262773435
0.367571894	-1.267103713
0.367576229	-1.271433992
0.367580564	-1.275764270
0.367584899	-1.280094548
0.367589234	-1.284424826
0.367593569	-1.288755104
0.367597904	-1.293085382
0.367602239	-1.297415660
0.367606574	-1.301745938
0.367610909	-1.306076216
0.367615244	-1.310406494
0.367619580	-1.314736772
0.367623915	-1.319067051
0.367628250	-1.323397329
0.367632585	-1.327727607
0.367636920	-1.332057885
0.367641255	-1.336388163
0.367645590	-1.340718441
0.367649925	-1.345048719
0.367654260	-1.349378997
0.367658595	-1.353709275
0.367662931	-1.358039553
0.367667266	-1.362369832
0.367671601	-1.366700110
0.367675936	-1.371030388
0.367680271	-1.375360666
0.367684606	-1.379690944
0.367688941	-1.384021222
0.367693276	-1.388351500
0.367697611	-1.392681778
0.367701946	-1.397012056
0.367706281	-1.401342334
0.367710617	-1.405672613
0.367714952	-1.410002891
0.367719287	-1.414333169
0.367723622	-1.418663447
0.367727957	-1.422993725
0.367732292	-1.427324003
0.367736627	-1.431654281
0.367740962	-1.435984559
0.367745297	-1.440314837
0.367749632	-1.444645115
0.367753968	-1.448975393
0.367758303	-1.453305672
0.367762638	-1.457635950
0.367766973	-1.461966228
0.367771308	-1.466296506
0.367775643	-1.470626784
0.367779978	-1.474957062
0.367784313	-1.479287340
0.367788648	-1.483617618
0.367792983	-1.487947896
0.367797318	-1.492278174
0.367801654	-1.496608453
0.367805989	-1.500938731
0.367810324	-1.505269009
0.367814659	-1.509599287
0.367818994	-1.513929565
0.367823329	-1.518259843
0.367827664	-1.522590121
0.367831999	-1.526920399
0.367836334	-1.531250677
0.367840669	-1.535580955
0.367845005	-1.539911233
0.367849340	-1.544241512
0.367853675	-1.548571790
0.367858010	-1.552902068
0.367862345	-1.557232346
0.367866680	-1.561562624
0.367871015	-1.565892902
0.368576191	-0.981300542
0.368580526	-0.985630820
0.368584861	-0.989961099
0.368589196	-0.994291377
0.368593531	-0.998621655
0.368597866	-1.002951933
0.368602201	-1.007282211
0.368606536	-1.011612489
0.368610871	-1.015942767
0.368615206	-1.020273045
0.368619541	-1.024603323
0.368623877	-1.028933601
0.368628212	-1.033263880
0.368632547	-1.037594158
0.368636882	-1.041924436
0.368641217	-1.046254714
0.368645552	-1.050584992
0.368649887	-1.054915270
0.368654222	-1.059245548
0.368658557	-1.063575826
0.368662892	-1.067906104
0.368667228	-1.072236382
0.368671563	-1.076566660
0.368675898	-1.080896939
0.368680233	-1.085227217
0.368684568	-1.089557495
0.368688903	-1.093887773
0.368693238	-1.098218051
0.368697573	-1.102548329
0.368701908	-1.106878607
0.368706243	-1.111208885
0.368710578	-1.115539163
0.368714914	-1.119869441
0.368719249	-1.124199720
0.368723584	-1.128529998
0.368727919	-1.132860276
0.368732254	-1.137190554
0.368736589	-1.141520832
0.368740924	-1.145851110
0.368745259	-1.150181388
0.368749594	-1.154511666
0.368753929	-1.158841944
0.368758264	-1.163172222
0.368762600	-1.167502500
0.368766935	-1.171832779
0.368771270	-1.176163057
0.368775605	-1.180493335
0.368779940	-1.184823613
0.368784275	-1.189153891
0.368788610	-1.193484169
0.368792945	-1.197814447
0.368797280	-1.202144725
0.368801615	-1.206475003
0.368805951	-1.210805281
0.368810286	-1.215135560
0.368814621	-1.219465838
0.368818956	-1.223796116
0.368823291	-1.228126394
0.368827626	-1.232456672
0.368831961	-1.236786950
0.368836296	-1.241117228
0.368840631	-1.245447506
0.368844966	-1.249777784
0.368849301	-1.254108062
0.368853637	-1.258438340
0.368857972	-1.262768619
0.368862307	-1.267098897
0.368866642	-1.271429175
0.368870977	-1.275759453
0.368875312	-1.280089731
0.368879647	-1.284420009
0.368883982	-1.288750287
0.368888317	-1.293080565
0.368892652	-1.297410843
0.368896988	-1.301741121
0.368901323	-1.306071400
0.368905658	-1.310401678
0.368909993	-1.314731956
0.368914328	-1.319062234
0.368918663	-1.323392512
0.368922998	-1.327722790
0.368927333	-1.332053068
0.368931668	-1.336383346
0.368936003	-1.340713624
0.368940338	-1.345043902
0.368944674	-1.349374180
0.368949009	-1.353704459
0.368953344	-1.358034737
0.368957679	-1.362365015
0.368962014	-1.366695293
0.368966349	-1.371025571
0.368970684	-1.375355849
0.368975019	-1.379686127
0.368979354	-1.384016405
0.368983689	-1.388346683
0.368988025	-1.392676961
0.368992360	-1.397007240
0.368996695	-1.401337518
0.369001030	-1.405667796
0.369005365	-1.409998074
0.369009700	-1.414328352
0.369014035	-1.418658630
0.369018370	-1.422988908
0.369022705	-1.427319186
0.369027040	-1.431649464
0.369031375	-1.435979742
0.369035711	-1.440310020
0.369040046	-1.444640299
0.369044381	-1.448970577
0.369048716	-1.453300855
0.369053051	-1.457631133
0.369057386	-1.461961411
0.369061721	-1.466291689
0.369066056	-1.470621967
0.369070391	-1.474952245
0.369074726	-1.479282523
0.369079062	-1.483612801
0.369083397	-1.487943080
0.369087732	-1.492273358
0.369092067	-1.496603636
0.369096402	-1.500933914
0.369100737	-1.505264192
0.369105072	-1.509594470
0.369109407	-1.513924748
0.369113742	-1.518255026
0.369118077	-1.522585304
0.369122412	-1.526915582
0.369126748	-1.531245861
0.369131083	-1.535576139
0.369135418	-1.539906417
0.369139753	-1.544236695
0.369144088	-1.548566973
0.369148423	-1.552897251
0.369152758	-1.557227529
0.369157093	-1.561557807
0.369161428	-1.565888085
0.369875274	-0.989956282
0.369879609	-0.994286560
0.369883944	-0.998616838
0.369888279	-1.002947116
0.369892614	-1.007277394
0.369896949	-1.011607672
0.369901285	-1.015937950
0.369905620	-1.020268228
0.369909955	-1.024598507
0.369914290	-1.028928785
0.369918625	-1.033259063
0.369922960	-1.037589341
0.369927295	-1.041919619
0.369931630	-1.046249897
0.369935965	-1.050580175
0.369940300	-1.054910453
0.369944635	-1.059240731
0.369948971	-1.063571009
0.369953306	-1.067901288
0.369957641	-1.072231566
0.369961976	-1.076561844
0.369966311	-1.080892122
0.369970646	-1.085222400
0.369974981	-1.089552678
0.369979316	-1.093882956
0.369983651	-1.098213234
0.369987986	-1.102543512
0.369992321	-1.106873790
0.369996657	-1.111204068
0.370000992	-1.115534347
0.370005327	-1.119864625
0.370009662	-1.124194903
0.370013997	-1.128525181
0.370018332	-1.132855459
0.370022667	-1.137185737
0.370027002	-1.141516015
0.370031337	-1.145846293
0.370035672	-1.150176571
0.370040008	-1.154506849
0.370044343	-1.158837128
0.370048678	-1.163167406
0.370053013	-1.167497684
0.370057348	-1.171827962
0.370061683	-1.176158240
0.370066018	-1.180488518
0.370070353	-1.184818796
0.370074688	-1.189149074
0.370079023	-1.193479352
0.370083358	-1.197809630
0.370087694	-1.202139908
0.370092029	-1.206470187
0.370096364	-1.210800465
0.370100699	-1.215130743
0.370105034	-1.219461021
0.370109369	-1.223791299
0.370113704	-1.228121577
0.370118039	-1.232451855
0.370122374	-1.236782133
0.370126709	-1.241112411
0.370131045	-1.245442689
0.370135380	-1.249772968
0.370139715	-1.254103246
0.370144050	-1.258433524
0.370148385	-1.262763802
0.370152720	-1.267094080
0.370157055	-1.271424358
0.370161390	-1.275754636
0.370165725	-1.280084914
0.370170060	-1.284415192
0.370174395	-1.288745470
0.370178731	-1.293075748
0.370183066	-1.297406027
0.370187401	-1.301736305
0.370191736	-1.306066583
0.370196071	-1.310396861
0.370200406	-1.314727139
0.370204741	-1.319057417
0.370209076	-1.323387695
0.370213411	-1.327717973
0.370217746	-1.332048251
0.370222082	-1.336378529
0.370226417	-1.340708808
0.370230752	-1.345039086
0.370235087	-1.349369364
0.370239422	-1.353699642
0.370243757	-1.358029920
0.370248092	-1.362360198
0.370252427	-1.366690476
0.370256762	-1.371020754
0.370261097	-1.375351032
0.370265432	-1.379681310
0.370269768	-1.384011588
0.370274103	-1.388341867
0.370278438	-1.392672145
0.370282773	-1.397002423
0.370287108	-1.401332701
0.370291443	-1.405662979
0.370295778	-1.409993257
0.370300113	-1.414323535
0.370304448	-1.418653813
0.370308783	-1.422984091
0.370313119	-1.427314369
0.370317454	-1.431644648
0.370321789	-1.435974926
0.370326124	-1.440305204
0.370330459	-1.444635482
0.370334794	-1.448965760
0.370339129	-1.453296038
0.370343464	-1.457626316
0.370347799	-1.461956594
0.370352134	-1.466286872
0.370356469	-1.470617150
0.370360805	-1.474947428
0.370365140	-1.479277707
0.370369475	-1.483607985
0.370373810	-1.487938263
0.370378145	-1.492268541
0.370382480	-1.496598819
0.370386815	-1.500929097
0.370391150	-1.505259375
0.370395485	-1.509589653
0.370399820	-1.513919931
0.370404156	-1.518250209
0.370408491	-1.522580488
0.370412826	-1.526910766
0.370417161	-1.531241044
0.370421496	-1.535571322
0.370425831	-1.539901600
0.370430166	-1.544231878
0.370434501	-1.548562156
0.370438836	-1.552892434
0.370443171	-1.557222712
0.370447506	-1.561552990
0.370451842	-1.565883268
0.371174357	-0.998612021
0.371178692	-1.002942299
0.371183028	-1.007272577
0.371187363	-1.011602855
0.371191698	-1.015933134
0.371196033	-1.020263412
0.371200368	-1.024593690
0.371204703	-1.028923968
0.371209038	-1.033254246
0.371213373	-1.037584524
0.371217708	-1.041914802
0.371222043	-1.046245080
0.371226379	-1.050575358
0.371230714	-1.054905636
0.371235049	-1.059235915
0.371239384	-1.063566193
0.371243719	-1.067896471
0.371248054	-1.072226749
0.371252389	-1.076557027
0.371256724	-1.080887305
0.371261059	-1.085217583
0.371265394	-1.089547861
0.371269729	-1.093878139
0.371274065	-1.098208417
0.371278400	-1.102538695
0.371282735	-1.106868974
0.371287070	-1.111199252
0.371291405	-1.115529530
0.371295740	-1.119859808
0.371300075	-1.124190086
0.371304410	-1.128520364
0.371308745	-1.132850642
0.371313080	-1.137180920
0.371317415	-1.141511198
0.371321751	-1.145841476
0.371326086	-1.150171755
0.371330421	-1.154502033
0.371334756	-1.158832311
0.371339091	-1.163162589
0.371343426	-1.167492867
0.371347761	-1.171823145
0.371352096	-1.176153423
0.371356431	-1.180483701
0.371360766	-1.184813979
0.371365102	-1.189144257
0.371369437	-1.193474536
0.371373772	-1.197804814
0.371378107	-1.202135092
0.371382442	-1.206465370
0.371386777	-1.210795648
0.371391112	-1.215125926
0.371395447	-1.219456204
0.371399782	-1.223786482
0.371404117	-1.228116760
0.371408452	-1.232447038
0.371412788	-1.236777316
0.371417123	-1.241107595
0.371421458	-1.245437873
0.371425793	-1.249768151
0.371430128	-1.254098429
0.371434463	-1.258428707
0.371438798	-1.262758985
0.371443133	-1.267089263
0.371447468	-1.271419541
0.371451803	-1.275749819
0.371456139	-1.280080097
0.371460474	-1.284410376
0.371464809	-1.288740654
0.371469144	-1.293070932
0.371473479	-1.297401210
0.371477814	-1.301731488
0.371482149	-1.306061766
0.371486484	-1.310392044
0.371490819	-1.314722322
0.371495154	-1.319052600
0.371499489	-1.323382878
0.371503825	-1.327713156
0.371508160	-1.332043435
0.371512495	-1.336373713
0.371516830	-1.340703991
0.371521165	-1.345034269
0.371525500	-1.349364547
0.371529835	-1.353694825
0.371534170	-1.358025103
0.371538505	-1.362355381
0.371542840	-1.366685659
0.371547176	-1.371015937
0.371551511	-1.375346216
0.371555846	-1.379676494
0.371560181	-1.384006772
0.371564516	-1.388337050
0.371568851	-1.392667328
0.371573186	-1.396997606
0.371577521	-1.401327884
0.371581856	-1.405658162
0.371586191	-1.409988440
0.371590526	-1.414318718
0.371594862	-1.418648996
0.371599197	-1.422979275
0.371603532	-1.427309553
0.371607867	-1.431639831
0.371612202	-1.435970109
0.371616537	-1.440300387
0.371620872	-1.444630665
0.371625207	-1.448960943
0.371629542	-1.453291221
0.371633877	-1.457621499
0.371638213	-1.461951777
0.371642548	-1.466282056
0.371646883	-1.470612334
0.371651218	-1.474942612
0.371655553	-1.479272890
0.371659888	-1.483603168
0.371664223	-1.487933446
0.371668558	-1.492263724
0.371672893	-1.496594002
0.371677228	-1.500924280
0.371681563	-1.505254558
0.371685899	-1.509584836
0.371690234	-1.513915115
0.371694569	-1.518245393
0.371698904	-1.522575671
0.371703239	-1.526905949
0.371707574	-1.531236227
0.371711909	-1.535566505
0.371716244	-1.539896783
0.371720579	-1.544227061
0.371724914	-1.548557339
0.371729250	-1.552887617
0.371733585	-1.557217896
0.371737920	-1.561548174
0.371742255	-1.565878452
0.372473441	-1.007267761
0.372477776	-1.011598039
0.372482111	-1.015928317
0.372486446	-1.020258595
0.372490781	-1.024588873
0.372495116	-1.028919151
0.372499451	-1.033249429
0.372503786	-1.037579707
0.372508122	-1.041909985
0.372512457	-1.046240263
0.372516792	-1.050570542
0.372521127	-1.054900820
0.372525462	-1.059231098
0.372529797	-1.063561376
0.372534132	-1.067891654
0.372538467	-1.072221932
0.372542802	-1.076552210
0.372547137	-1.080882488
0.372551473	-1.085212766
0.372555808	-1.089543044
0.372560143	-1.093873323
0.372564478	-1.098203601
0.372568813	-1.102533879
0.372573148	-1.106864157
0.372577483	-1.111194435
0.372581818	-1.115524713
0.372586153	-1.119854991
0.372590488	-1.124185269
0.372594823	-1.128515547
0.372599159	-1.132845825
0.372603494	-1.137176103
0.372607829	-1.141506382
0.372612164	-1.145836660
0.372616499	-1.150166938
0.372620834	-1.154497216
0.372625169	-1.158827494
0.372629504	-1.163157772
0.372633839	-1.167488050
0.372638174	-1.171818328
0.372642509	-1.176148606
0.372646845	-1.180478884
0.372651180	-1.184809163
0.372655515	-1.189139441
0.372659850	-1.193469719
0.372664185	-1.197799997
0.372668520	-1.202130275
0.372672855	-1.206460553
0.372677190	-1.210790831
0.372681525	-1.215121109
0.372685860	-1.219451387
0.372690196	-1.223781665
0.372694531	-1.228111943
0.372698866	-1.232442222
0.372703201	-1.236772500
0.372707536	-1.241102778
0.372711871	-1.245433056
0.372716206	-1.249763334
0.372720541	-1.254093612
0.372724876	-1.258423890
0.372729211	-1.262754168
0.372733546	-1.267084446
0.372737882	-1.271414724
0.372742217	-1.275745003
0.372746552	-1.280075281
0.372750887	-1.284405559
0.372755222	-1.288735837
0.372759557	-1.293066115
0.372763892	-1.297396393
0.372768227	-1.301726671
0.372772562	-1.306056949
0.372776897	-1.310387227
0.372781233	-1.314717505
0.372785568	-1.319047784
0.372789903	-1.323378062
0.372794238	-1.327708340
0.372798573	-1.332038618
0.372802908	-1.336368896
0.372807243	-1.340699174
0.372811578	-1.345029452
0.372815913	-1.349359730
0.372820248	-1.353690008
0.372824583	-1.358020286
0.372828919	-1.362350564
0.372833254	-1.366680843
0.372837589	-1.371011121
0.372841924	-1.375341399
0.372846259	-1.379671677
0.372850594	-1.384001955
0.372854929	-1.388332233
0.372859264	-1.392662511
0.372863599	-1.396992789
0.372867934	-1.401323067
0.372872270	-1.405653345
0.372876605	-1.409983624
0.372880940	-1.414313902
0.372885275	-1.418644180
0.372889610	-1.422974458
0.372893945	-1.427304736
0.372898280	-1.431635014
0.372902615	-1.435965292
0.372906950	-1.440295570
0.372911285	-1.444625848
0.372915620	-1.448956126
0.372919956	-1.453286404
0.372924291	-1.457616683
0.372928626	-1.461946961
0.372932961	-1.466277239
0.372937296	-1.470607517
0.372941631	-1.474937795
0.372945966	-1.479268073
0.372950301	-1.483598351
0.372954636	-1.487928629
0.372958971	-1.492258907
0.372963307	-1.496589185
0.372967642	-1.500919464
0.372971977	-1.505249742
0.372976312	-1.509580020
0.372980647	-1.513910298
0.372984982	-1.518240576
0.372989317	-1.522570854
0.372993652	-1.526901132
0.372997987	-1.531231410
0.373002322	-1.535561688
0.373006657	-1.539891966
0.373010993	-1.544222244
0.373015328	-1.548552523
0.373019663	-1.552882801
0.373023998	-1.557213079
0.373028333	-1.561543357
0.373776859	-1.020253778
0.373781194	-1.024584056
0.373785530	-1.028914334
0.373789865	-1.033244612
0.373794200	-1.037574891
0.373798535	-1.041905169
0.373802870	-1.046235447
0.373807205	-1.050565725
0.373811540	-1.054896003
0.373815875	-1.059226281
0.373820210	-1.063556559
0.373824545	-1.067886837
0.373828880	-1.072217115
0.373833216	-1.076547393
0.373837551	-1.080877671
0.373841886	-1.085207950
0.373846221	-1.089538228
0.373850556	-1.093868506
0.373854891	-1.098198784
0.373859226	-1.102529062
0.373863561	-1.106859340
0.373867896	-1.111189618
0.373872231	-1.115519896
0.373876567	-1.119850174
0.373880902	-1.124180452
0.373885237	-1.128510731
0.373889572	-1.132841009
0.373893907	-1.137171287
0.373898242	-1.141501565
0.373902577	-1.145831843
0.373906912	-1.150162121
0.373911247	-1.154492399
0.373915582	-1.158822677
0.373919917	-1.163152955
0.373924253	-1.167483233
0.373928588	-1.171813511
0.373932923	-1.176143790
0.373937258	-1.180474068
0.373941593	-1.184804346
0.373945928	-1.189134624
0.373950263	-1.193464902
0.373954598	-1.197795180
0.373958933	-1.202125458
0.373963268	-1.206455736
0.373967603	-1.210786014
0.373971939	-1.215116292
0.373976274	-1.219446571
0.373980609	-1.223776849
0.373984944	-1.228107127
0.373989279	-1.232437405
0.373993614	-1.236767683
0.373997949	-1.241097961
0.374002284	-1.245428239
0.374006619	-1.249758517
0.374010954	-1.254088795
0.374015290	-1.258419073
0.374019625	-1.262749351
0.374023960	-1.267079630
0.374028295	-1.271409908
0.374032630	-1.275740186
0.374036965	-1.280070464
0.374041300	-1.284400742
0.374045635	-1.288731020
0.374049970	-1.293061298
0.374054305	-1.297391576
0.374058640	-1.301721854
0.374062976	-1.306052132
0.374067311	-1.310382411
0.374071646	-1.314712689
0.374075981	-1.319042967
0.374080316	-1.323373245
0.374084651	-1.327703523
0.374088986	-1.332033801
0.374093321	-1.336364079
0.374097656	-1.340694357
0.374101991	-1.345024635
0.374106327	-1.349354913
0.374110662	-1.353685191
0.374114997	-1.358015470
0.374119332	-1.362345748
0.374123667	-1.366676026
0.374128002	-1.371006304
0.374132337	-1.375336582
0.374136672	-1.379666860
0.374141007	-1.383997138
0.374145342	-1.388327416
0.374149677	-1.392657694
0.374154013	-1.396987972
0.374158348	-1.401318251
0.374162683	-1.405648529
0.374167018	-1.409978807
0.374171353	-1.414309085
0.374175688	-1.418639363
0.374180023	-1.422969641
0.374184358	-1.427299919
0.374188693	-1.431630197
0.374193028	-1.435960475
0.374197364	-1.440290753
0.374201699	-1.444621032
0.374206034	-1.448951310
0.374210369	-1.453281588
0.374214704	-1.457611866
0.374219039	-1.461942144
0.374223374	-1.466272422
0.374227709	-1.470602700
0.374232044	-1.474932978
0.374236379	-1.479263256
0.374240714	-1.483593534
0.374245050	-1.487923812
0.374249385	-1.492254091
0.374253720	-1.496584369
0.374258055	-1.500914647
0.374262390	-1.505244925
0.374266725	-1.509575203
0.374271060	-1.513905481
0.374275395	-1.518235759
0.374279730	-1.522566037
0.374284065	-1.526896315
0.374288401	-1.531226593
0.374292736	-1.535556872
0.374297071	-1.539887150
0.374301406	-1.544217428
0.374305741	-1.548547706
0.374310076	-1.552877984
0.374314411	-1.557208262
0.374318746	-1.561538540
0.375075943	-1.028909518
0.375080278	-1.033239796
0.375084613	-1.037570074
0.375088948	-1.041900352
0.375093283	-1.046230630
0.375097618	-1.050560908
0.375101953	-1.054891186
0.375106288	-1.059221464
0.375110624	-1.063551742
0.375114959	-1.067882020
0.375119294	-1.072212299
0.375123629	-1.076542577
0.375127964	-1.080872855
0.375132299	-1.085203133
0.375136634	-1.089533411
0.375140969	-1.093863689
0.375145304	-1.098193967
0.375149639	-1.102524245
0.375153974	-1.106854523
0.375158310	-1.111184801
0.375162645	-1.115515079
0.375166980	-1.119845358
0.375171315	-1.124175636
0.375175650	-1.128505914
0.375179985	-1.132836192
0.375184320	-1.137166470
0.375188655	-1.141496748
0.375192990	-1.145827026
0.375197325	-1.150157304
0.375201660	-1.154487582
0.375205996	-1.158817860
0.375210331	-1.163148139
0.375214666	-1.167478417
0.375219001	-1.171808695
0.375223336	-1.176138973
0.375227671	-1.180469251
0.375232006	-1.184799529
0.375236341	-1.189129807
0.375240676	-1.193460085
0.375245011	-1.197790363
0.375249347	-1.202120641
0.375253682	-1.206450919
0.375258017	-1.210781198
0.375262352	-1.215111476
0.375266687	-1.219441754
0.375271022	-1.223772032
0.375275357	-1.228102310
0.375279692	-1.232432588
0.375284027	-1.236762866
0.375288362	-1.241093144
0.375292697	-1.245423422
0.375297033	-1.249753700
0.375301368	-1.254083979
0.375305703	-1.258414257
0.375310038	-1.262744535
0.375314373	-1.267074813
0.375318708	-1.271405091
0.375323043	-1.275735369
0.375327378	-1.280065647
0.375331713	-1.284395925
0.375336048	-1.288726203
0.375340384	-1.293056481
0.375344719	-1.297386759
0.375349054	-1.301717038
0.375353389	-1.306047316
0.375357724	-1.310377594
0.375362059	-1.314707872
0.375366394	-1.319038150
0.375370729	-1.323368428
0.375375064	-1.327698706
0.375379399	-1.332028984
0.375383734	-1.336359262
0.375388070	-1.340689540
0.375392405	-1.345019819
0.375396740	-1.349350097
0.375401075	-1.353680375
0.375405410	-1.358010653
0.375409745	-1.362340931
0.375414080	-1.366671209
0.375418415	-1.371001487
0.375422750	-1.375331765
0.375427085	-1.379662043
0.375431421	-1.383992321
0.375435756	-1.388322599
0.375440091	-1.392652878
0.375444426	-1.396983156
0.375448761	-1.401313434
0.375453096	-1.405643712
0.375457431	-1.409973990
0.375461766	-1.414304268
0.375466101	-1.418634546
0.375470436	-1.422964824
0.375474771	-1.427295102
0.375479107	-1.431625380
0.375483442	-1.435955659
0.375487777	-1.440285937
0.375492112	-1.444616215
0.375496447	-1.448946493
0.375500782	-1.453276771
0.375505117	-1.457607049
0.375509452	-1.461937327
0.375513787	-1.466267605
0.375518122	-1.470597883
0.375522458	-1.474928161
0.375526793	-1.479258439
0.375531128	-1.483588718
0.375535463	-1.487918996
0.375539798	-1.492249274
0.375544133	-1.496579552
0.375548468	-1.500909830
0.375552803	-1.505240108
0.375557138	-1.509570386
0.375561473	-1.513900664
0.375565808	-1.518230942
0.375570144	-1.522561220
0.375574479	-1.526891499
0.375578814	-1.531221777
0.375583149	-1.535552055
0.375587484	-1.539882333
0.375591819	-1.544212611
0.375596154	-1.548542889
0.375600489	-1.552873167
0.375604824	-1.557203445
0.376375026	-1.037565257
0.376379361	-1.041895535
0.376383696	-1.046225813
0.376388031	-1.050556091
0.376392367	-1.054886369
0.376396702	-1.059216647
0.376401037	-1.063546926
0.376405372	-1.067877204
0.376409707	-1.072207482
0.376414042	-1.076537760
0.376418377	-1.080868038
0.376422712	-1.085198316
0.376427047	-1.089528594
0.376431382	-1.093858872
0.376435718	-1.098189150
0.376440053	-1.102519428
0.376444388	-1.106849707
0.376448723	-1.111179985
0.376453058	-1.115510263
0.376457393	-1.119840541
0.376461728	-1.124170819
0.376466063	-1.128501097
0.376470398	-1.132831375
0.376474733	-1.137161653
0.376479068	-1.141491931
0.376483404	-1.145822209
0.376487739	-1.150152487
0.376492074	-1.154482766
0.376496409	-1.158813044
0.376500744	-1.163143322
0.376505079	-1.167473600
0.376509414	-1.171803878
0.376513749	-1.176134156
0.376518084	-1.180464434
0.376522419	-1.184794712
0.376526754	-1.189124990
0.376531090	-1.193455268
0.376535425	-1.197785547
0.376539760	-1.202115825
0.376544095	-1.206446103
0.376548430	-1.210776381
0.376552765	-1.215106659
0.376557100	-1.219436937
0.376561435	-1.223767215
0.376565770	-1.228097493
0.376570105	-1.232427771
0.376574441	-1.236758049
0.376578776	-1.241088327
0.376583111	-1.245418606
0.376587446	-1.249748884
0.376591781	-1.254079162
0.376596116	-1.258409440
0.376600451	-1.262739718
0.376604786	-1.267069996
0.376609121	-1.271400274
0.376613456	-1.275730552
0.376617791	-1.280060830
0.376622127	-1.284391108
0.376626462	-1.288721387
0.376630797	-1.293051665
0.376635132	-1.297381943
0.376639467	-1.301712221
0.376643802	-1.306042499
0.376648137	-1.310372777
0.376652472	-1.314703055
0.376656807	-1.319033333
0.376661142	-1.323363611
0.376665478	-1.327693889
0.376669813	-1.332024167
0.376674148	-1.336354446
0.376678483	-1.340684724
0.376682818	-1.345015002
0.376687153	-1.349345280
0.376691488	-1.353675558
0.376695823	-1.358005836
0.376700158	-1.362336114
0.376704493	-1.366666392
0.376708828	-1.370996670
0.376713164	-1.375326948
0.376717499	-1.379657227
0.376721834	-1.383987505
0.376726169	-1.388317783
0.376730504	-1.392648061
0.376734839	-1.396978339
0.376739174	-1.401308617
0.376743509	-1.405638895
0.376747844	-1.409969173
0.376752179	-1.414299451
0.376756515	-1.418629729
0.376760850	-1.422960007
0.376765185	-1.427290286
0.376769520	-1.431620564
0.376773855	-1.435950842
0.376778190	-1.440281120
0.376782525	-1.444611398
0.376786860	-1.448941676
0.376791195	-1.453271954
0.376795530	-1.457602232
0.376799865	-1.461932510
0.376804201	-1.466262788
0.376808536	-1.470593067
0.376812871	-1.474923345
0.376817206	-1.479253623
0.376821541	-1.483583901
0.376825876	-1.487914179
0.376830211	-1.492244457
0.376834546	-1.496574735
0.376838881	-1.500905013
0.376843216	-1.505235291
0.376847552	-1.509565569
0.376851887	-1.513895847
0.376856222	-1.518226126
0.376860557	-1.522556404
0.376864892	-1.526886682
0.376869227	-1.531216960
0.376873562	-1.535547238
0.376877897	-1.539877516
0.376882232	-1.544207794
0.376886567	-1.548538072
0.376890902	-1.552868350
0.377682780	-1.054881553
0.377687115	-1.059211831
0.377691450	-1.063542109
0.377695785	-1.067872387
0.377700120	-1.072202665
0.377704455	-1.076532943
0.377708790	-1.080863221
0.377713125	-1.085193499
0.377717461	-1.089523777
0.377721796	-1.093854055
0.377726131	-1.098184334
0.377730466	-1.102514612
0.377734801	-1.106844890
0.377739136	-1.111175168
0.377743471	-1.115505446
0.377747806	-1.119835724
0.377752141	-1.124166002
0.377756476	-1.128496280
0.377760812	-1.132826558
0.377765147	-1.137156836
0.377769482	-1.141487114
0.377773817	-1.145817393
0.377778152	-1.150147671
0.377782487	-1.154477949
0.377786822	-1.158808227
0.377791157	-1.163138505
0.377795492	-1.167468783
0.377799827	-1.171799061
0.377804162	-1.176129339
0.377808498	-1.180459617
0.377812833	-1.184789895
0.377817168	-1.189120174
0.377821503	-1.193450452
0.377825838	-1.197780730
0.377830173	-1.202111008
0.377834508	-1.206441286
0.377838843	-1.210771564
0.377843178	-1.215101842
0.377847513	-1.219432120
0.377851848	-1.223762398
0.377856184	-1.228092676
0.377860519	-1.232422955
0.377864854	-1.236753233
0.377869189	-1.241083511
0.377873524	-1.245413789
0.377877859	-1.249744067
0.377882194	-1.254074345
0.377886529	-1.258404623
0.377890864	-1.262734901
0.377895199	-1.267065179
0.377899535	-1.271395457
0.377903870	-1.275725735
0.377908205	-1.280056014
0.377912540	-1.284386292
0.377916875	-1.288716570
0.377921210	-1.293046848
0.377925545	-1.297377126
0.377929880	-1.301707404
0.377934215	-1.306037682
0.377938550	-1.310367960
0.377942885	-1.314698238
0.377947221	-1.319028516
0.377951556	-1.323358795
0.377955891	-1.327689073
0.377960226	-1.332019351
0.377964561	-1.336349629
0.377968896	-1.340679907
0.377973231	-1.345010185
0.377977566	-1.349340463
0.377981901	-1.353670741
0.377986236	-1.358001019
0.377990572	-1.362331297
0.377994907	-1.366661575
0.377999242	-1.370991854
0.378003577	-1.375322132
0.378007912	-1.379652410
0.378012247	-1.383982688
0.378016582	-1.388312966
0.378020917	-1.392643244
0.378025252	-1.396973522
0.378029587	-1.401303800
0.378033922	-1.405634078
0.378038258	-1.409964356
0.378042593	-1.414294635
0.378046928	-1.418624913
0.378051263	-1.422955191
0.378055598	-1.427285469
0.378059933	-1.431615747
0.378064268	-1.435946025
0.378068603	-1.440276303
0.378072938	-1.444606581
0.378077273	-1.448936859
0.378081609	-1.453267137
0.378085944	-1.457597415
0.378090279	-1.461927694
0.378094614	-1.466257972
0.378098949	-1.470588250
0.378103284	-1.474918528
0.378107619	-1.479248806
0.378111954	-1.483579084
0.378116289	-1.487909362
0.378120624	-1.492239640
0.378124959	-1.496569918
0.378129295	-1.500900196
0.378133630	-1.505230475
0.378137965	-1.509560753
0.378142300	-1.513891031
0.378146635	-1.518221309
0.378150970	-1.522551587
0.378155305	-1.526881865
0.378159640	-1.531212143
0.378163975	-1.535542421
0.378168310	-1.539872699
0.378172646	-1.544202977
0.378176981	-1.548533255
0.378181316	-1.552863534
0.378981863	-1.063537292
0.378986198	-1.067867570
0.378990533	-1.072197848
0.378994869	-1.076528126
0.378999204	-1.080858404
0.379003539	-1.085188682
0.379007874	-1.089518961
0.379012209	-1.093849239
0.379016544	-1.098179517
0.379020879	-1.102509795
0.379025214	-1.106840073
0.379029549	-1.111170351
0.379033884	-1.115500629
0.379038219	-1.119830907
0.379042555	-1.124161185
0.379046890	-1.128491463
0.379051225	-1.132821742
0.379055560	-1.137152020
0.379059895	-1.141482298
0.379064230	-1.145812576
0.379068565	-1.150142854
0.379072900	-1.154473132
0.379077235	-1.158803410
0.379081570	-1.163133688
0.379085905	-1.167463966
0.379090241	-1.171794244
0.379094576	-1.176124522
0.379098911	-1.180454801
0.379103246	-1.184785079
0.379107581	-1.189115357
0.379111916	-1.193445635
0.379116251	-1.197775913
0.379120586	-1.202106191
0.379124921	-1.206436469
0.379129256	-1.210766747
0.379133592	-1.215097025
0.379137927	-1.219427303
0.379142262	-1.223757582
0.379146597	-1.228087860
0.379150932	-1.232418138
0.379155267	-1.236748416
0.379159602	-1.241078694
0.379163937	-1.245408972
0.379168272	-1.249739250
0.379172607	-1.254069528
0.379176942	-1.258399806
0.379181278	-1.262730084
0.379185613	-1.267060362
0.379189948	-1.271390641
0.379194283	-1.275720919
0.379198618	-1.280051197
0.379202953	-1.284381475
0.379207288	-1.288711753
0.379211623	-1.293042031
0.379215958	-1.297372309
0.379220293	-1.301702587
0.379224629	-1.306032865
0.379228964	-1.310363143
0.379233299	-1.314693422
0.379237634	-1.319023700
0.379241969	-1.323353978
0.379246304	-1.327684256
0.379250639	-1.332014534
0.379254974	-1.336344812
0.379259309	-1.340675090
0.379263644	-1.345005368
0.379267979	-1.349335646
0.379272315	-1.353665924
0.379276650	-1.357996203
0.379280985	-1.362326481
0.379285320	-1.366656759
0.379289655	-1.370987037
0.379293990	-1.375317315
0.379298325	-1.379647593
0.379302660	-1.383977871
0.379306995	-1.388308149
0.379311330	-1.392638427
0.379315666	-1.396968705
0.379320001	-1.401298983
0.379324336	-1.405629262
0.379328671	-1.409959540
0.379333006	-1.414289818
0.379337341	-1.418620096
0.379341676	-1.422950374
0.379346011	-1.427280652
0.379350346	-1.431610930
0.379354681	-1.435941208
0.379359016	-1.440271486
0.379363352	-1.444601764
0.379367687	-1.448932043
0.379372022	-1.453262321
0.379376357	-1.457592599
0.379380692	-1.461922877
0.379385027	-1.466253155
0.379389362	-1.470583433
0.379393697	-1.474913711
0.379398032	-1.479243989
0.379402367	-1.483574267
0.379406703	-1.487904545
0.379411038	-1.492234823
0.379415373	-1.496565102
0.379419708	-1.500895380
0.379424043	-1.505225658
0.379428378	-1.509555936
0.379432713	-1.513886214
0.379437048	-1.518216492
0.379441383	-1.522546770
0.379445718	-1.526877048
0.379450053	-1.531207326
0.379454389	-1.535537604
0.379458724	-1.539867883
0.379463059	-1.544198161
0.379467394	-1.548528439
0.380285282	-1.076523310
0.380289617	-1.080853588
0.380293952	-1.085183866
0.380298287	-1.089514144
0.380302622	-1.093844422
0.380306957	-1.098174700
0.380311292	-1.102504978
0.380315627	-1.106835256
0.380319963	-1.111165534
0.380324298	-1.115495812
0.380328633	-1.119826090
0.380332968	-1.124156369
0.380337303	-1.128486647
0.380341638	-1.132816925
0.380345973	-1.137147203
0.380350308	-1.141477481
0.380354643	-1.145807759
0.380358978	-1.150138037
0.380363313	-1.154468315
0.380367649	-1.158798593
0.380371984	-1.163128871
0.380376319	-1.167459150
0.380380654	-1.171789428
0.380384989	-1.176119706
0.380389324	-1.180449984
0.380393659	-1.184780262
0.380397994	-1.189110540
0.380402329	-1.193440818
0.380406664	-1.197771096
0.380410999	-1.202101374
0.380415335	-1.206431652
0.380419670	-1.210761930
0.380424005	-1.215092209
0.380428340	-1.219422487
0.380432675	-1.223752765
0.380437010	-1.228083043
0.380441345	-1.232413321
0.380445680	-1.236743599
0.380450015	-1.241073877
0.380454350	-1.245404155
0.380458686	-1.249734433
0.380463021	-1.254064711
0.380467356	-1.258394990
0.380471691	-1.262725268
0.380476026	-1.267055546
0.380480361	-1.271385824
0.380484696	-1.275716102
0.380489031	-1.280046380
0.380493366	-1.284376658
0.380497701	-1.288706936
0.380502036	-1.293037214
0.380506372	-1.297367492
0.380510707	-1.301697770
0.380515042	-1.306028049
0.380519377	-1.310358327
0.380523712	-1.314688605
0.380528047	-1.319018883
0.380532382	-1.323349161
0.380536717	-1.327679439
0.380541052	-1.332009717
0.380545387	-1.336339995
0.380549723	-1.340670273
0.380554058	-1.345000551
0.380558393	-1.349330830
0.380562728	-1.353661108
0.380567063	-1.357991386
0.380571398	-1.362321664
0.380575733	-1.366651942
0.380580068	-1.370982220
0.380584403	-1.375312498
0.380588738	-1.379642776
0.380593073	-1.383973054
0.380597409	-1.388303332
0.380601744	-1.392633610
0.380606079	-1.396963889
0.380610414	-1.401294167
0.380614749	-1.405624445
0.380619084	-1.409954723
0.380623419	-1.414285001
0.380627754	-1.418615279
0.380632089	-1.422945557
0.380636424	-1.427275835
0.380640760	-1.431606113
0.380645095	-1.435936391
0.380649430	-1.440266670
0.380653765	-1.444596948
0.380658100	-1.448927226
0.380662435	-1.453257504
0.380666770	-1.457587782
0.380671105	-1.461918060
0.380675440	-1.466248338
0.380679775	-1.470578616
0.380684110	-1.474908894
0.380688446	-1.479239172
0.380692781	-1.483569451
0.380697116	-1.487899729
0.380701451	-1.492230007
0.380705786	-1.496560285
0.380710121	-1.500890563
0.380714456	-1.505220841
0.380718791	-1.509551119
0.380723126	-1.513881397
0.380727461	-1.518211675
0.380731797	-1.522541953
0.380736132	-1.526872231
0.380740467	-1.531202510
0.380744802	-1.535532788
0.380749137	-1.539863066
0.381588700	-1.089509327
0.381593035	-1.093839605
0.381597370	-1.098169883
0.381601706	-1.102500161
0.381606041	-1.106830439
0.381610376	-1.111160718
0.381614711	-1.115490996
0.381619046	-1.119821274
0.381623381	-1.124151552
0.381627716	-1.128481830
0.381632051	-1.132812108
0.381636386	-1.137142386
0.381640721	-1.141472664
0.381645057	-1.145802942
0.381649392	-1.150133220
0.381653727	-1.154463498
0.381658062	-1.158793777
0.381662397	-1.163124055
0.381666732	-1.167454333
0.381671067	-1.171784611
0.381675402	-1.176114889
0.381679737	-1.180445167
0.381684072	-1.184775445
0.381688407	-1.189105723
0.381692743	-1.193436001
0.381697078	-1.197766279
0.381701413	-1.202096558
0.381705748	-1.206426836
0.381710083	-1.210757114
0.381714418	-1.215087392
0.381718753	-1.219417670
0.381723088	-1.223747948
0.381727423	-1.228078226
0.381731758	-1.232408504
0.381736093	-1.236738782
0.381740429	-1.241069060
0.381744764	-1.245399338
0.381749099	-1.249729617
0.381753434	-1.254059895
0.381757769	-1.258390173
0.381762104	-1.262720451
0.381766439	-1.267050729
0.381770774	-1.271381007
0.381775109	-1.275711285
0.381779444	-1.280041563
0.381783780	-1.284371841
0.381788115	-1.288702119
0.381792450	-1.293032398
0.381796785	-1.297362676
0.381801120	-1.301692954
0.381805455	-1.306023232
0.381809790	-1.310353510
0.381814125	-1.314683788
0.381818460	-1.319014066
0.381822795	-1.323344344
0.381827130	-1.327674622
0.381831466	-1.332004900
0.381835801	-1.336335178
0.381840136	-1.340665457
0.381844471	-1.344995735
0.381848806	-1.349326013
0.381853141	-1.353656291
0.381857476	-1.357986569
0.381861811	-1.362316847
0.381866146	-1.366647125
0.381870481	-1.370977403
0.381874817	-1.375307681
0.381879152	-1.379637959
0.381883487	-1.383968238
0.381887822	-1.388298516
0.381892157	-1.392628794
0.381896492	-1.396959072
0.381900827	-1.401289350
0.381905162	-1.405619628
0.381909497	-1.409949906
0.381913832	-1.414280184
0.381918167	-1.418610462
0.381922503	-1.422940740
0.381926838	-1.427271018
0.381931173	-1.431601297
0.381935508	-1.435931575
0.381939843	-1.440261853
0.381944178	-1.444592131
0.381948513	-1.448922409
0.381952848	-1.453252687
0.381957183	-1.457582965
0.381961518	-1.461913243
0.381965854	-1.466243521
0.381970189	-1.470573799
0.381974524	-1.474904078
0.381978859	-1.479234356
0.381983194	-1.483564634
0.381987529	-1.487894912
0.381991864	-1.492225190
0.381996199	-1.496555468
0.382000534	-1.500885746
0.382004869	-1.505216024
0.382009204	-1.509546302
0.382013540	-1.513876580
0.382017875	-1.518206858
0.382022210	-1.522537137
0.382026545	-1.526867415
0.382030880	-1.531197693
0.382035215	-1.535527971
0.382896454	-1.106825623
0.382900789	-1.111155901
0.382905124	-1.115486179
0.382909459	-1.119816457
0.382913794	-1.124146735
0.382918129	-1.128477013
0.382922464	-1.132807291
0.382926800	-1.137137569
0.382931135	-1.141467847
0.382935470	-1.145798126
0.382939805	-1.150128404
0.382944140	-1.154458682
0.382948475	-1.158788960
0.382952810	-1.163119238
0.382957145	-1.167449516
0.382961480	-1.171779794
0.382965815	-1.176110072
0.382970151	-1.180440350
0.382974486	-1.184770628
0.382978821	-1.189100906
0.382983156	-1.193431185
0.382987491	-1.197761463
0.382991826	-1.202091741
0.382996161	-1.206422019
0.383000496	-1.210752297
0.383004831	-1.215082575
0.383009166	-1.219412853
0.383013501	-1.223743131
0.383017837	-1.228073409
0.383022172	-1.232403687
0.383026507	-1.236733966
0.383030842	-1.241064244
0.383035177	-1.245394522
0.383039512	-1.249724800
0.383043847	-1.254055078
0.383048182	-1.258385356
0.383052517	-1.262715634
0.383056852	-1.267045912
0.383061187	-1.271376190
0.383065523	-1.275706468
0.383069858	-1.280036746
0.383074193	-1.284367025
0.383078528	-1.288697303
0.383082863	-1.293027581
0.383087198	-1.297357859
0.383091533	-1.301688137
0.383095868	-1.306018415
0.383100203	-1.310348693
0.383104538	-1.314678971
0.383108874	-1.319009249
0.383113209	-1.323339527
0.383117544	-1.327669806
0.383121879	-1.332000084
0.383126214	-1.336330362
0.383130549	-1.340660640
0.383134884	-1.344990918
0.383139219	-1.349321196
0.383143554	-1.353651474
0.383147889	-1.357981752
0.383152224	-1.362312030
0.383156560	-1.366642308
0.383160895	-1.370972586
0.383165230	-1.375302865
0.383169565	-1.379633143
0.383173900	-1.383963421
0.383178235	-1.388293699
0.383182570	-1.392623977
0.383186905	-1.396954255
0.383191240	-1.401284533
0.383195575	-1.405614811
0.383199911	-1.409945089
0.383204246	-1.414275367
0.383208581	-1.418605646
0.383212916	-1.422935924
0.383217251	-1.427266202
0.383221586	-1.431596480
0.383225921	-1.435926758
0.383230256	-1.440257036
0.383234591	-1.444587314
0.383238926	-1.448917592
0.383243261	-1.453247870
0.383247597	-1.457578148
0.383251932	-1.461908426
0.383256267	-1.466238705
0.383260602	-1.470568983
0.383264937	-1.474899261
0.383269272	-1.479229539
0.383273607	-1.483559817
0.383277942	-1.487890095
0.383282277	-1.492220373
0.383286612	-1.496550651
0.383290948	-1.500880929
0.383295283	-1.505211207
0.383299618	-1.509541486
0.383303953	-1.513871764
0.383308288	-1.518202042
0.383312623	-1.522532320
0.383316958	-1.526862598
0.383321293	-1.531192876
0.384204208	-1.124141918
0.384208543	-1.128472196
0.384212878	-1.132802474
0.384217213	-1.137132753
0.384221548	-1.141463031
0.384225883	-1.145793309
0.384230218	-1.150123587
0.384234553	-1.154453865
0.384238888	-1.158784143
0.384243223	-1.163114421
0.384247558	-1.167444699
0.384251894	-1.171774977
0.384256229	-1.176105255
0.384260564	-1.180435533
0.384264899	-1.184765812
0.384269234	-1.189096090
0.384273569	-1.193426368
0.384277904	-1.197756646
0.384282239	-1.202086924
0.384286574	-1.206417202
0.384290909	-1.210747480
0.384295244	-1.215077758
0.384299580	-1.219408036
0.384303915	-1.223738314
0.384308250	-1.228068593
0.384312585	-1.232398871
0.384316920	-1.236729149
0.384321255	-1.241059427
0.384325590	-1.245389705
0.384329925	-1.249719983
0.384334260	-1.254050261
0.384338595	-1.258380539
0.384342931	-1.262710817
0.384347266	-1.267041095
0.384351601	-1.271371374
0.384355936	-1.275701652
0.384360271	-1.280031930
0.384364606	-1.284362208
0.384368941	-1.288692486
0.384373276	-1.293022764
0.384377611	-1.297353042
0.384381946	-1.301683320
0.384386281	-1.306013598
0.384390617	-1.310343876
0.384394952	-1.314674154
0.384399287	-1.319004433
0.384403622	-1.323334711
0.384407957	-1.327664989
0.384412292	-1.331995267
0.384416627	-1.336325545
0.384420962	-1.340655823
0.384425297	-1.344986101
0.384429632	-1.349316379
0.384433968	-1.353646657
0.384438303	-1.357976935
0.384442638	-1.362307214
0.384446973	-1.366637492
0.384451308	-1.370967770
0.384455643	-1.375298048
0.384459978	-1.379628326
0.384464313	-1.383958604
0.384468648	-1.388288882
0.384472983	-1.392619160
0.384477318	-1.396949438
0.384481654	-1.401279716
0.384485989	-1.405609994
0.384490324	-1.409940273
0.384494659	-1.414270551
0.384498994	-1.418600829
0.384503329	-1.422931107
0.384507664	-1.427261385
0.384511999	-1.431591663
0.384516334	-1.435921941
0.384520669	-1.440252219
0.384525005	-1.444582497
0.384529340	-1.448912775
0.384533675	-1.453243054
0.384538010	-1.457573332
0.384542345	-1.461903610
0.384546680	-1.466233888
0.384551015	-1.470564166
0.384555350	-1.474894444
0.384559685	-1.479224722
0.384564020	-1.483555000
0.384568355	-1.487885278
0.384572691	-1.492215556
0.384577026	-1.496545834
0.384581361	-1.500876113
0.384585696	-1.505206391
0.384590031	-1.509536669
0.384594366	-1.513866947
0.384598701	-1.518197225
0.384603036	-1.522527503
0.385511961	-1.141458214
0.385516296	-1.145788492
0.385520631	-1.150118770
0.385524966	-1.154449048
0.385529302	-1.158779326
0.385533637	-1.163109604
0.385537972	-1.167439882
0.385542307	-1.171770161
0.385546642	-1.176100439
0.385550977	-1.180430717
0.385555312	-1.184760995
0.385559647	-1.189091273
0.385563982	-1.193421551
0.385568317	-1.197751829
0.385572652	-1.202082107
0.385576988	-1.206412385
0.385581323	-1.210742663
0.385585658	-1.215072941
0.385589993	-1.219403220
0.385594328	-1.223733498
0.385598663	-1.228063776
0.385602998	-1.232394054
0.385607333	-1.236724332
0.385611668	-1.241054610
0.385616003	-1.245384888
0.385620338	-1.249715166
0.385624674	-1.254045444
0.385629009	-1.258375722
0.385633344	-1.262706001
0.385637679	-1.267036279
0.385642014	-1.271366557
0.385646349	-1.275696835
0.385650684	-1.280027113
0.385655019	-1.284357391
0.385659354	-1.288687669
0.385663689	-1.293017947
0.385668025	-1.297348225
0.385672360	-1.301678503
0.385676695	-1.306008781
0.385681030	-1.310339060
0.385685365	-1.314669338
0.385689700	-1.318999616
0.385694035	-1.323329894
0.385698370	-1.327660172
0.385702705	-1.331990450
0.385707040	-1.336320728
0.385711375	-1.340651006
0.385715711	-1.344981284
0.385720046	-1.349311562
0.385724381	-1.353641841
0.385728716	-1.357972119
0.385733051	-1.362302397
0.385737386	-1.366632675
0.385741721	-1.370962953
0.385746056	-1.375293231
0.385750391	-1.379623509
0.385754726	-1.383953787
0.385759062	-1.388284065
0.385763397	-1.392614343
0.385767732	-1.396944622
0.385772067	-1.401274900
0.385776402	-1.405605178
0.385780737	-1.409935456
0.385785072	-1.414265734
0.385789407	-1.418596012
0.385793742	-1.422926290
0.385798077	-1.427256568
0.385802412	-1.431586846
0.385806748	-1.435917124
0.385811083	-1.440247402
0.385815418	-1.444577681
0.385819753	-1.448907959
0.385824088	-1.453238237
0.385828423	-1.457568515
0.385832758	-1.461898793
0.385837093	-1.466229071
0.385841428	-1.470559349
0.385845763	-1.474889627
0.385850099	-1.479219905
0.385854434	-1.483550183
0.385858769	-1.487880462
0.385863104	-1.492210740
0.385867439	-1.496541018
0.385871774	-1.500871296
0.385876109	-1.505201574
0.385880444	-1.509531852
0.385884779	-1.513862130
0.386819715	-1.158774509
0.386824050	-1.163104788
0.386828385	-1.167435066
0.386832720	-1.171765344
0.386837055	-1.176095622
0.386841390	-1.180425900
0.386845725	-1.184756178
0.386850060	-1.189086456
0.386854396	-1.193416734
0.386858731	-1.197747012
0.386863066	-1.202077290
0.386867401	-1.206407569
0.386871736	-1.210737847
0.386876071	-1.215068125
0.386880406	-1.219398403
0.386884741	-1.223728681
0.386889076	-1.228058959
0.386893411	-1.232389237
0.386897746	-1.236719515
0.386902082	-1.241049793
0.386906417	-1.245380071
0.386910752	-1.249710349
0.386915087	-1.254040628
0.386919422	-1.258370906
0.386923757	-1.262701184
0.386928092	-1.267031462
0.386932427	-1.271361740
0.386936762	-1.275692018
0.386941097	-1.280022296
0.386945432	-1.284352574
0.386949768	-1.288682852
0.386954103	-1.293013130
0.386958438	-1.297343409
0.386962773	-1.301673687
0.386967108	-1.306003965
0.386971443	-1.310334243
0.386975778	-1.314664521
0.386980113	-1.318994799
0.386984448	-1.323325077
0.386988783	-1.327655355
0.386993119	-1.331985633
0.386997454	-1.336315911
0.387001789	-1.340646189
0.387006124	-1.344976468
0.387010459	-1.349306746
0.387014794	-1.353637024
0.387019129	-1.357967302
0.387023464	-1.362297580
0.387027799	-1.366627858
0.387032134	-1.370958136
0.387036469	-1.375288414
0.387040805	-1.379618692
0.387045140	-1.383948970
0.387049475	-1.388279249
0.387053810	-1.392609527
0.387058145	-1.396939805
0.387062480	-1.401270083
0.387066815	-1.405600361
0.387071150	-1.409930639
0.387075485	-1.414260917
0.387079820	-1.418591195
0.387084156	-1.422921473
0.387088491	-1.427251751
0.387092826	-1.431582029
0.387097161	-1.435912308
0.387101496	-1.440242586
0.387105831	-1.444572864
0.387110166	-1.448903142
0.387114501	-1.453233420
0.387118836	-1.457563698
0.387123171	-1.461893976
0.387127506	-1.466224254
0.387131842	-1.470554532
0.387136177	-1.474884810
0.387140512	-1.479215089
0.387144847	-1.483545367
0.387149182	-1.487875645
0.387153517	-1.492205923
0.387157852	-1.496536201
0.387162187	-1.500866479
0.387166522	-1.505196757
0.388136139	-1.184751361
0.388140474	-1.189081639
0.388144809	-1.193411917
0.388149144	-1.197742196
0.388153479	-1.202072474
0.388157814	-1.206402752
0.388162149	-1.210733030
0.388166484	-1.215063308
0.388170819	-1.219393586
0.388175154	-1.223723864
0.388179490	-1.228054142
0.388183825	-1.232384420
0.388188160	-1.236714698
0.388192495	-1.241044977
0.388196830	-1.245375255
0.388201165	-1.249705533
0.388205500	-1.254035811
0.388209835	-1.258366089
0.388214170	-1.262696367
0.388218505	-1.267026645
0.388222840	-1.271356923
0.388227176	-1.275687201
0.388231511	-1.280017479
0.388235846	-1.284347757
0.388240181	-1.288678036
0.388244516	-1.293008314
0.388248851	-1.297338592
0.388253186	-1.301668870
0.388257521	-1.305999148
0.388261856	-1.310329426
0.388266191	-1.314659704
0.388270526	-1.318989982
0.388274862	-1.323320260
0.388279197	-1.327650538
0.388283532	-1.331980817
0.388287867	-1.336311095
0.388292202	-1.340641373
0.388296537	-1.344971651
0.388300872	-1.349301929
0.388305207	-1.353632207
0.388309542	-1.357962485
0.388313877	-1.362292763
0.388318213	-1.366623041
0.388322548	-1.370953319
0.388326883	-1.375283597
0.388331218	-1.379613876
0.388335553	-1.383944154
0.388339888	-1.388274432
0.388344223	-1.392604710
0.388348558	-1.396934988
0.388352893	-1.401265266
0.388357228	-1.405595544
0.388361563	-1.409925822
0.388365899	-1.414256100
0.388370234	-1.418586378
0.388374569	-1.422916657
0.388378904	-1.427246935
0.388383239	-1.431577213
0.388387574	-1.435907491
0.388391909	-1.440237769
0.388396244	-1.444568047
0.388400579	-1.448898325
0.388404914	-1.453228603
0.388409250	-1.457558881
0.388413585	-1.461889159
0.388417920	-1.466219437
0.388422255	-1.470549716
0.388426590	-1.474879994
0.388430925	-1.479210272
0.388435260	-1.483540550
0.388439595	-1.487870828
0.388443930	-1.492201106
0.389448227	-1.206397935
0.389452562	-1.210728213
0.389456897	-1.215058491
0.389461233	-1.219388769
0.389465568	-1.223719047
0.389469903	-1.228049325
0.389474238	-1.232379604
0.389478573	-1.236709882
0.389482908	-1.241040160
0.389487243	-1.245370438
0.389491578	-1.249700716
0.389495913	-1.254030994
0.389500248	-1.258361272
0.389504583	-1.262691550
0.389508919	-1.267021828
0.389513254	-1.271352106
0.389517589	-1.275682385
0.389521924	-1.280012663
0.389526259	-1.284342941
0.389530594	-1.288673219
0.389534929	-1.293003497
0.389539264	-1.297333775
0.389543599	-1.301664053
0.389547934	-1.305994331
0.389552270	-1.310324609
0.389556605	-1.314654887
0.389560940	-1.318985165
0.389565275	-1.323315444
0.389569610	-1.327645722
0.389573945	-1.331976000
0.389578280	-1.336306278
0.389582615	-1.340636556
0.389586950	-1.344966834
0.389591285	-1.349297112
0.389595620	-1.353627390
0.389599956	-1.357957668
0.389604291	-1.362287946
0.389608626	-1.366618225
0.389612961	-1.370948503
0.389617296	-1.375278781
0.389621631	-1.379609059
0.389625966	-1.383939337
0.389630301	-1.388269615
0.389634636	-1.392599893
0.389638971	-1.396930171
0.389643307	-1.401260449
0.389647642	-1.405590727
0.389651977	-1.409921005
0.389656312	-1.414251284
0.389660647	-1.418581562
0.389664982	-1.422911840
0.389669317	-1.427242118
0.389673652	-1.431572396
0.389677987	-1.435902674
0.389682322	-1.440232952
0.389686657	-1.444563230
0.389690993	-1.448893508
0.389695328	-1.453223786
0.389699663	-1.457554065
0.389703998	-1.461884343
0.389708333	-1.466214621
0.389712668	-1.470544899
0.389717003	-1.474875177
0.390773321	-1.241035343
0.390777656	-1.245365621
0.390781991	-1.249695899
0.390786327	-1.254026177
0.390790662	-1.258356455
0.390794997	-1.262686733
0.390799332	-1.267017012
0.390803667	-1.271347290
0.390808002	-1.275677568
0.390812337	-1.280007846
0.390816672	-1.284338124
0.390821007	-1.288668402
0.390825342	-1.292998680
0.390829677	-1.297328958
0.390834013	-1.301659236
0.390838348	-1.305989514
0.390842683	-1.310319793
0.390847018	-1.314650071
0.390851353	-1.318980349
0.390855688	-1.323310627
0.390860023	-1.327640905
0.390864358	-1.331971183
0.390868693	-1.336301461
0.390873028	-1.340631739
0.390877364	-1.344962017
0.390881699	-1.349292295
0.390886034	-1.353622573
0.390890369	-1.357952852
0.390894704	-1.362283130
0.390899039	-1.366613408
0.390903374	-1.370943686
0.390907709	-1.375273964
0.390912044	-1.379604242
0.390916379	-1.383934520
0.390920714	-1.388264798
0.390925050	-1.392595076
0.390929385	-1.396925354
0.390933720	-1.401255633
0.390938055	-1.405585911
0.390942390	-1.409916189
0.390946725	-1.414246467
0.390951060	-1.418576745
0.390955395	-1.422907023
0.390959730	-1.427237301
0.390964065	-1.431567579
0.390968401	-1.435897857
0.390972736	-1.440228135
0.390977071	-1.444558413
0.390981406	-1.448888692
0.390985741	-1.453218970
0.392102750	-1.280003029
0.392107085	-1.284333307
0.392111421	-1.288663585
0.392115756	-1.292993863
0.392120091	-1.297324141
0.392124426	-1.301654420
0.392128761	-1.305984698
0.392133096	-1.310314976
0.392137431	-1.314645254
0.392141766	-1.318975532
0.392146101	-1.323305810
0.392150436	-1.327636088
0.392154771	-1.331966366
0.392159107	-1.336296644
0.392163442	-1.340626922
0.392167777	-1.344957200
0.392172112	-1.349287479
0.392176447	-1.353617757
0.392180782	-1.357948035
0.392185117	-1.362278313
0.392189452	-1.366608591
0.392193787	-1.370938869
0.392198122	-1.375269147
0.392202458	-1.379599425
0.392206793	-1.383929703
0.392211128	-1.388259981
0.392215463	-1.392590260
0.392219798	-1.396920538
0.392224133	-1.401250816
0.392228468	-1.405581094
0.392232803	-1.409911372
0.392237138	-1.414241650
0.392241473	-1.418571928
0.392245808	-1.422902206
